step,habit_index,exploration_diversity,preference_stability
0,0.0000,45.08,0.00
100,0.4558,46.80,0.00
200,1.0969,47.08,25.00
300,0.6129,47.12,25.00
400,0.9928,47.12,25.00
500,1.6533,47.12,25.00
600,1.6218,47.28,24.56
700,1.7539,47.32,24.55
800,2.0277,47.40,22.85
900,2.1387,47.48,24.27
1000,2.5900,47.88,24.31
1100,1.7905,49.76,24.24
1200,1.6806,53.28,24.17
1300,1.8332,54.52,23.33
1400,1.7133,54.76,23.91
1500,0.5619,55.08,23.91
1600,1.0648,55.32,23.12
1700,1.1392,55.40,23.50
1800,0.8471,55.40,23.07
1900,1.3242,55.40,23.27
2000,0.5256,55.48,23.27
2100,0.7942,56.04,22.76
2200,1.4174,56.20,22.95
2300,1.1246,56.20,22.90
2400,0.9689,56.20,22.74
2500,1.0345,56.20,22.27
2600,1.2410,56.28,22.40
2700,0.9870,56.28,22.49
2800,0.3412,56.28,22.13
2900,1.0892,56.28,22.20
3000,0.9353,56.28,21.86
3100,0.5664,56.60,22.19
3200,1.9759,56.60,21.87
3300,0.9624,56.60,21.84
3400,1.1285,56.60,21.83
3500,1.0860,56.60,21.79
3600,0.6313,56.60,21.41
3700,0.4941,56.60,21.56
3800,1.3450,56.60,21.30
3900,0.5298,56.60,21.43
4000,1.4169,56.60,21.37
4100,0.9710,56.60,21.28
4200,1.0838,56.60,20.94
4300,1.3705,56.60,21.06
4400,0.4350,56.64,21.02
4500,0.4350,56.64,20.96
4600,0.3215,56.64,20.74
4700,1.0761,56.64,20.79
4800,0.8545,56.64,20.71
4900,1.2219,56.80,20.64
5000,1.0043,57.08,20.60
5100,0.5000,57.16,20.60
5200,0.4422,57.16,20.60
5300,0.8066,57.16,20.51
5400,1.4011,57.16,20.26
5500,0.8610,57.16,20.30
5600,1.1394,57.16,20.22
5700,0.4906,57.16,20.14
5800,0.5408,57.16,20.14
5900,0.9806,57.16,20.14
6000,0.9806,57.16,20.14
6100,0.5153,57.16,20.05
6200,0.8175,57.16,20.05
6300,1.0000,57.16,20.05
6400,0.5288,57.16,20.05
6500,0.5274,57.16,19.95
6600,0.4491,57.16,19.95
6700,0.7578,57.16,19.95
6800,0.4491,57.16,19.90
6900,0.4623,57.16,19.80
7000,0.2113,57.16,19.65
7100,-0.0000,57.24,19.65
7200,0.9997,57.24,19.65
7300,0.3659,57.24,19.54
7400,-0.0000,57.24,19.38
7500,0.6577,57.24,19.38
7600,-0.0000,57.68,19.38
7700,0.9427,58.36,19.27
7800,0.6883,58.36,19.14
7900,0.8932,58.52,19.14
8000,-0.0000,58.88,19.14
8100,0.6363,17.40,2.00
8200,1.1967,28.76,23.25
8300,1.3687,30.20,26.29
8400,0.2567,31.12,27.00
8500,1.3866,32.32,24.73
8600,1.6896,32.56,26.62
8700,1.5330,34.36,26.57
8800,0.7320,35.72,26.53
8900,1.7863,36.80,26.47
9000,2.3224,37.52,26.32
9100,0.6343,38.08,26.32
9200,1.1637,42.76,26.32
9300,1.5614,48.76,26.10
9400,2.1186,49.52,25.91
9500,1.2921,52.16,25.83
9600,-0.0000,57.68,25.83
9700,0.6885,62.32,25.69
9800,1.4676,63.84,24.82
9900,1.0807,69.68,25.45
10000,1.2345,71.04,25.45
10100,1.9192,71.64,25.29
10200,1.3172,71.72,24.59
10300,0.9219,72.04,25.09
10400,0.8422,72.36,25.00
10500,1.0476,72.68,24.83
10600,1.5903,72.76,24.68
10700,0.5294,72.76,24.68
10800,-0.0000,73.16,24.68
10900,1.5498,73.76,24.50
11000,0.8585,73.76,24.50
11100,-0.0000,74.76,24.50
11200,0.9974,75.76,24.50
11300,2.3343,77.40,24.24
11400,1.1486,77.76,24.24
11500,1.2122,77.84,24.24
11600,0.9269,77.84,24.12
11700,1.4333,77.84,23.89
11800,0.8506,77.88,23.64
11900,1.4606,77.88,23.64
12000,0.5000,77.88,23.64
12100,0.9137,77.88,23.41
12200,1.3327,77.88,23.10
12300,0.5875,77.88,22.96
12400,0.5288,77.92,23.00
12500,1.0195,77.92,22.78
12600,-0.0000,77.92,22.68
12700,1.4982,77.92,22.68
12800,1.4020,77.92,22.68
12900,0.1623,77.92,22.45
13000,1.6546,77.92,22.34
13100,0.9988,77.92,22.34
13200,1.4695,77.92,22.34
13300,0.3314,77.92,22.11
13400,0.3266,77.92,22.00
13500,0.7249,77.96,22.00
13600,0.3215,77.96,22.00
13700,0.5153,77.96,21.78
13800,0.4954,77.96,21.78
13900,0.4800,77.96,21.78
14000,0.5298,77.96,21.78
14100,0.5211,77.96,21.55
14200,0.4276,77.96,21.55
14300,0.5184,77.96,21.55
14400,0.4954,77.96,21.55
14500,0.5211,77.96,21.29
14600,0.4276,77.96,21.29
14700,0.5211,77.96,21.29
14800,0.5120,77.96,21.29
14900,0.5184,77.96,21.06
15000,0.4350,77.96,21.06
15100,0.5153,77.96,21.06
15200,0.8958,77.96,21.06
15300,0.6435,77.96,20.81
15400,0.5305,77.96,20.57
15500,0.3314,77.96,20.57
15600,0.2575,77.96,20.57
15700,0.0000,7.36,0.00
15800,1.3256,27.56,22.67
15900,1.7225,30.24,26.40
16000,0.9648,32.20,26.40
16100,0.9764,33.88,24.75
16200,1.8791,34.88,26.25
16300,-0.0000,37.00,26.25
16400,0.7015,38.12,26.25
16500,1.9622,38.52,26.00
16600,1.0458,40.36,25.09
16700,1.8006,43.40,25.91
16800,0.9248,49.00,25.91
16900,1.6451,53.08,25.62
17000,0.6801,55.04,25.62
17100,-0.0000,55.44,25.62
17200,-0.0000,55.44,25.62
17300,1.4117,56.92,23.94
17400,0.7959,59.24,25.24
17500,1.0153,66.60,25.00
17600,1.4574,68.48,25.00
17700,-0.0000,69.28,25.00
17800,0.8932,69.28,25.00
17900,0.9427,69.48,25.00
18000,0.6098,69.48,25.00
18100,1.8032,69.60,24.81
18200,0.8303,70.52,24.65
18300,-0.0000,70.88,24.65
18400,0.1944,71.64,24.65
18500,1.0804,71.92,24.44
18600,1.4099,71.96,24.35
18700,-0.0000,72.16,24.35
18800,-0.0000,72.20,24.35
18900,1.7137,72.60,24.07
19000,1.6270,73.44,23.93
19100,0.3825,74.04,23.93
19200,0.9928,74.80,23.93
19300,2.2740,76.16,23.61
19400,0.9020,76.64,23.61
19500,1.6738,76.80,23.47
19600,1.2512,77.00,23.47
19700,2.2520,77.08,23.18
19800,1.4959,77.08,22.76
19900,1.0043,77.08,22.76
20000,0.5120,77.08,22.76
20100,0.9343,77.08,22.32
20200,0.9481,77.08,22.29
20300,0.1496,77.08,22.29
20400,1.0707,77.08,22.29
20500,1.8401,77.08,22.05
20600,1.4874,77.08,22.05
20700,0.3815,77.08,22.05
20800,1.4531,77.08,22.05
20900,1.8758,77.08,21.78
21000,0.9569,77.08,21.65
21100,0.9997,77.08,21.65
21200,1.7313,77.16,21.65
21300,-0.0000,77.60,21.65
21400,1.5596,78.24,21.65
21500,1.0288,78.24,21.65
21600,0.5818,78.36,21.65
21700,1.2759,78.36,21.29
21800,0.4491,79.28,21.12
21900,1.4560,79.32,21.12
22000,0.5951,79.48,21.12
22100,1.9211,79.48,20.80
22200,1.4923,80.40,20.65
22300,0.4623,80.56,20.65
22400,0.5120,80.56,20.65
22500,0.5274,80.56,20.00
22600,0.5153,80.56,20.18
22700,0.5120,80.56,19.76
22800,0.5043,80.56,19.76
22900,1.4677,80.56,19.50
23000,0.9920,80.56,19.14
23100,0.5747,80.56,19.14
23200,0.9580,80.56,19.14
23300,1.5041,81.24,18.92
23400,0.5747,81.24,18.82
23500,-0.0000,81.92,18.72
23600,0.3274,83.80,18.72
23700,0.3508,85.48,18.46
23800,0.1238,89.64,18.39
23900,-0.0000,90.68,18.39
24000,-0.0000,91.20,18.39
24100,0.3399,91.20,18.28
24200,0.1436,26.92,9.00
24300,1.1460,40.16,24.25
24400,1.2817,43.52,25.86
24500,1.2329,45.12,25.67
24600,1.7044,45.80,24.15
24700,2.1697,46.28,24.71
24800,1.2866,46.36,25.35
24900,1.9807,46.40,25.15
25000,0.6926,47.16,24.25
25100,0.9056,47.20,24.96
25200,1.4692,47.20,24.92
25300,1.7371,47.20,24.78
25400,1.6681,47.20,24.66
25500,1.3041,47.36,24.60
25600,1.8097,47.36,24.60
25700,1.7032,47.36,24.55
25800,1.3103,47.36,24.55
25900,1.6812,47.80,24.47
26000,1.0670,47.84,24.39
26100,0.8035,48.12,24.39
26200,0.5083,48.28,24.17
26300,0.3602,48.28,24.20
26400,0.7219,48.28,24.20
26500,1.5019,48.28,24.03
26600,0.8555,48.28,24.03
26700,0.6098,48.28,24.03
26800,0.7780,48.40,24.03
26900,1.2098,49.80,23.82
27000,0.8415,51.80,23.82
27100,-0.0000,53.44,23.82
27200,0.0808,53.48,23.82
27300,1.4770,53.48,23.59
27400,1.0154,53.96,23.59
27500,0.9507,54.08,23.59
27600,1.3223,54.36,23.59
27700,1.9579,54.80,23.43
27800,0.1414,55.32,23.43
27900,0.0808,55.68,23.43
28000,1.1946,56.76,23.43
28100,0.4422,56.76,23.09
28200,0.5301,56.76,23.09
28300,0.4558,56.76,23.09
28400,0.4558,56.76,23.09
28500,0.4684,56.76,22.74
28600,0.5305,56.76,22.74
28700,0.4854,56.76,22.74
28800,0.5184,56.76,22.74
28900,0.4684,56.76,22.38
29000,0.5307,56.76,22.04
29100,0.4744,56.76,22.04
29200,0.5120,56.80,22.04
29300,0.4623,56.80,21.73
29400,0.5306,56.80,21.73
29500,0.4623,56.80,21.73
29600,0.5307,56.96,21.73
29700,0.4623,56.96,21.41
29800,0.5306,56.96,21.41
29900,0.4954,56.96,21.41
30000,0.5153,57.08,21.41
30100,0.4623,57.12,21.07
30200,0.5306,57.12,20.91
30300,0.4491,57.12,20.91
30400,0.4906,57.12,20.91
30500,0.4623,57.12,20.28
30600,0.5305,57.12,20.47
30700,0.4121,57.12,20.47
30800,0.5000,57.12,20.47
30900,0.4491,57.12,19.86
31000,0.5305,57.12,20.02
31100,0.4276,57.12,20.02
31200,0.5083,57.12,20.02
31300,0.0000,7.36,0.00
31400,1.1371,28.00,24.33
31500,1.4177,30.80,26.00
31600,0.9726,32.00,27.00
31700,0.6282,34.08,24.67
31800,1.8854,35.12,27.00
31900,0.6098,36.20,27.00
32000,0.7358,37.96,27.00
32100,0.9815,41.24,27.00
32200,-0.0000,48.28,27.00
32300,0.1414,49.88,27.00
32400,0.7780,50.48,27.00
32500,1.7131,55.32,26.36
32600,0.1414,56.96,26.17
32700,-0.0000,59.60,26.33
32800,0.2231,66.56,26.33
32900,1.4807,69.48,26.00
33000,1.0279,70.76,25.87
33100,0.9984,71.84,25.87
33200,0.9806,72.12,24.38
33300,0.9135,73.56,25.69
33400,0.1944,74.16,25.69
33500,-0.0000,74.68,25.24
33600,-0.0000,74.88,25.24
33700,-0.0000,75.04,24.47
33800,-0.0000,75.04,24.15
33900,-0.0000,75.04,24.15
34000,-0.0000,75.04,24.15
34100,-0.0000,75.04,23.59
34200,-0.0000,75.04,23.12
34300,-0.0000,75.04,23.12
34400,-0.0000,75.04,23.12
34500,-0.0000,75.04,22.04
34600,-0.0000,75.04,22.52
34700,-0.0000,75.04,22.52
34800,-0.0000,75.04,22.52
34900,-0.0000,75.04,21.53
35000,-0.0000,75.04,21.81
35100,-0.0000,75.12,21.81
35200,-0.0000,75.12,21.81
35300,-0.0000,75.16,20.97
35400,-0.0000,75.20,21.38
35500,-0.0000,75.20,21.38
35600,-0.0000,75.20,21.38
35700,-0.0000,75.24,20.68
35800,-0.0000,75.24,20.92
35900,-0.0000,75.24,20.92
36000,-0.0000,75.24,20.92
36100,-0.0000,75.24,20.92
36200,-0.0000,75.24,20.92
36300,-0.0000,75.24,20.92
36400,-0.0000,75.24,20.92
36500,-0.0000,75.24,20.73
36600,-0.0000,75.24,20.73
36700,-0.0000,75.28,20.73
36800,-0.0000,75.28,20.73
36900,-0.0000,75.28,20.05
37000,-0.0000,75.28,20.40
37100,-0.0000,75.28,20.40
37200,-0.0000,75.36,20.40
37300,-0.0000,75.36,20.40
37400,-0.0000,75.36,20.40
37500,-0.0000,75.36,20.40
37600,-0.0000,75.36,20.40
37700,-0.0000,75.40,20.20
37800,-0.0000,75.40,20.11
37900,-0.0000,75.40,20.11
38000,-0.0000,75.56,20.11
38100,-0.0000,75.56,19.61
38200,-0.0000,75.56,19.86
38300,-0.0000,75.56,19.86
38400,-0.0000,75.56,19.86
38500,-0.0000,75.56,19.40
38600,-0.0000,75.56,19.63
38700,-0.0000,75.56,19.63
38800,-0.0000,75.56,19.63
38900,-0.0000,75.60,19.24
39000,-0.0000,75.60,19.44
39100,-0.0000,75.60,19.44
39200,-0.0000,75.60,19.44
39300,-0.0000,75.84,19.05
39400,-0.0000,75.84,19.15
39500,-0.0000,75.84,19.15
39600,-0.0000,75.84,19.15
39700,-0.0000,75.84,18.79
39800,-0.0000,75.84,18.95
39900,-0.0000,75.84,18.95
40000,-0.0000,75.84,18.95
40100,-0.0000,75.84,18.83
40200,-0.0000,76.00,18.77
40300,-0.0000,76.00,18.77
40400,-0.0000,76.00,18.77
40500,-0.0000,76.00,18.66
40600,-0.0000,76.00,18.66
40700,-0.0000,76.04,18.66
40800,-0.0000,76.04,18.66
40900,-0.0000,76.04,18.55
41000,-0.0000,76.04,18.50
41100,-0.0000,76.04,18.50
41200,-0.0000,76.04,18.50
41300,-0.0000,76.04,18.22
41400,-0.0000,76.04,18.31
41500,-0.0000,76.04,18.31
41600,-0.0000,76.12,18.31
41700,-0.0000,76.12,18.05
41800,-0.0000,76.12,18.14
41900,-0.0000,76.12,18.14
42000,-0.0000,76.12,18.14
42100,-0.0000,76.12,17.90
42200,-0.0000,76.12,17.99
42300,-0.0000,76.12,17.99
42400,-0.0000,76.12,17.99
42500,-0.0000,76.16,17.94
42600,-0.0000,76.16,17.94
42700,-0.0000,76.16,17.94
42800,-0.0000,76.16,17.94
42900,-0.0000,76.20,17.85
43000,-0.0000,76.20,17.80
43100,-0.0000,76.20,17.80
43200,-0.0000,76.20,17.80
43300,-0.0000,76.20,17.57
43400,-0.0000,76.20,17.63
43500,-0.0000,76.20,17.63
43600,-0.0000,76.20,17.63
43700,-0.0000,76.20,17.63
43800,-0.0000,76.20,17.63
43900,-0.0000,76.20,17.63
44000,-0.0000,76.20,17.63
44100,-0.0000,76.20,17.55
44200,-0.0000,76.20,17.52
44300,-0.0000,76.20,17.52
44400,-0.0000,76.20,17.52
44500,-0.0000,76.20,17.31
44600,-0.0000,76.20,17.37
44700,-0.0000,76.20,17.37
44800,-0.0000,76.20,17.37
44900,-0.0000,76.20,17.37
45000,-0.0000,76.20,17.37
45100,-0.0000,76.20,17.37
45200,-0.0000,76.20,17.37
45300,-0.0000,76.20,17.30
45400,-0.0000,76.20,17.27
45500,-0.0000,76.20,17.27
45600,-0.0000,76.20,17.27
45700,-0.0000,76.20,17.23
45800,-0.0000,76.20,17.19
45900,-0.0000,76.20,17.19
46000,-0.0000,76.20,17.19
46100,-0.0000,76.20,17.11
46200,-0.0000,76.20,17.03
46300,-0.0000,76.20,17.03
46400,-0.0000,76.20,17.03
46500,-0.0000,76.20,16.84
46600,-0.0000,76.20,16.88
46700,-0.0000,76.20,16.88
46800,-0.0000,76.20,16.88
46900,-0.0000,76.20,16.81
47000,-0.0000,76.20,16.75
47100,-0.0000,76.20,16.75
47200,-0.0000,76.20,16.75
47300,-0.0000,76.20,16.58
47400,-0.0000,76.20,16.62
47500,-0.0000,76.20,16.62
47600,-0.0000,76.20,16.62
47700,-0.0000,76.20,16.62
47800,-0.0000,76.20,16.62
47900,-0.0000,76.20,16.62
48000,-0.0000,76.20,16.62
48100,-0.0000,76.20,16.56
48200,-0.0000,76.20,16.50
48300,-0.0000,76.20,16.50
48400,-0.0000,76.20,16.50
48500,-0.0000,76.20,16.34
48600,-0.0000,76.20,16.39
48700,-0.0000,76.20,16.39
48800,-0.0000,76.20,16.39
48900,-0.0000,76.20,16.32
49000,-0.0000,76.20,16.29
49100,-0.0000,76.20,16.29
49200,-0.0000,76.20,16.29
49300,-0.0000,76.20,16.14
49400,-0.0000,76.20,16.16
49500,-0.0000,76.20,16.16
49600,0.5784,76.20,16.16
49700,0.6416,76.36,16.13
49800,-0.0000,76.36,16.13
49900,0.9954,76.36,16.13
50000,0.6343,76.40,16.13
50100,0.7780,76.48,16.05
50200,-0.0000,76.56,16.05
50300,-0.0000,76.96,16.05
50400,-0.0000,76.96,16.05
50500,1.3223,77.32,16.01
50600,1.3111,77.64,16.01
50700,0.2864,77.80,16.01
50800,0.9997,77.84,16.01
50900,0.0808,77.92,16.01
51000,-0.0000,78.08,16.01
51100,1.5416,78.08,16.01
51200,0.4690,78.40,16.01
51300,0.0808,79.60,16.01
51400,0.9997,80.84,16.01
51500,0.9997,81.04,16.01
51600,1.0000,81.08,16.01
51700,0.4690,81.08,16.01
51800,0.8932,81.08,16.01
51900,0.0000,7.44,0.00
52000,0.1414,25.40,23.00
52100,-0.0000,28.76,27.17
52200,-0.0000,28.88,28.00
52300,-0.0000,31.40,28.00
52400,-0.0000,31.80,28.00
52500,-0.0000,32.08,25.91
52600,-0.0000,32.12,28.00
52700,-0.0000,32.24,28.00
52800,-0.0000,32.24,28.00
52900,-0.0000,32.24,26.47
53000,-0.0000,32.36,28.00
53100,-0.0000,32.36,28.00
53200,-0.0000,32.36,28.00
53300,-0.0000,32.36,26.79
53400,-0.0000,32.52,28.00
53500,-0.0000,32.72,28.00
53600,-0.0000,32.76,28.00
53700,-0.0000,32.76,27.00
53800,-0.0000,32.76,28.00
53900,-0.0000,32.76,28.00
54000,-0.0000,32.80,28.00
54100,-0.0000,32.80,27.04
54200,-0.0000,32.80,28.00
54300,-0.0000,32.80,28.00
54400,-0.0000,32.80,28.00
54500,-0.0000,32.80,27.23
54600,-0.0000,32.80,28.00
54700,-0.0000,32.80,28.00
54800,-0.0000,32.84,28.00
54900,-0.0000,32.84,27.26
55000,-0.0000,32.84,27.89
55100,-0.0000,32.96,27.89
55200,-0.0000,32.96,27.89
55300,-0.0000,32.96,27.24
55400,-0.0000,32.96,27.79
55500,-0.0000,33.00,27.79
55600,-0.0000,33.52,27.79
55700,-0.0000,33.72,27.21
55800,-0.0000,33.92,27.72
55900,-0.0000,33.92,27.72
56000,-0.0000,34.00,27.72
56100,-0.0000,34.12,27.20
56200,-0.0000,34.12,27.66
56300,-0.0000,34.20,27.66
56400,-0.0000,34.20,27.66
56500,-0.0000,34.20,27.18
56600,-0.0000,34.36,27.61
56700,-0.0000,34.44,27.61
56800,-0.0000,34.68,27.61
56900,-0.0000,35.24,27.17
57000,-0.0000,35.68,27.56
57100,-0.0000,35.92,27.56
57200,-0.0000,35.92,27.56
57300,-0.0000,35.92,27.16
57400,-0.0000,35.92,27.53
57500,-0.0000,35.92,27.53
57600,-0.0000,36.00,27.53
57700,-0.0000,36.00,27.11
57800,-0.0000,36.16,27.43
57900,-0.0000,36.24,27.43
58000,-0.0000,36.24,27.43
58100,-0.0000,36.24,27.05
58200,-0.0000,36.24,27.34
58300,-0.0000,36.24,27.34
58400,-0.0000,36.24,27.34
58500,-0.0000,36.24,26.97
58600,-0.0000,36.24,27.29
58700,-0.0000,36.24,27.29
58800,-0.0000,36.24,27.29
58900,-0.0000,36.24,27.25
59000,-0.0000,36.24,27.25
59100,-0.0000,36.24,27.25
59200,-0.0000,36.24,27.25
59300,-0.0000,36.24,26.88
59400,-0.0000,36.24,27.20
59500,-0.0000,36.28,27.20
59600,-0.0000,36.28,27.20
59700,-0.0000,36.28,27.17
59800,-0.0000,36.28,27.17
59900,-0.0000,36.28,27.17
60000,-0.0000,36.28,27.17
60100,-0.0000,36.28,27.11
60200,-0.0000,36.28,27.11
60300,-0.0000,36.28,27.11
60400,-0.0000,36.28,27.11
60500,-0.0000,36.32,26.76
60600,-0.0000,36.40,27.04
60700,-0.0000,36.40,27.04
60800,-0.0000,36.40,27.04
60900,-0.0000,36.40,26.69
61000,-0.0000,36.40,26.96
61100,-0.0000,36.44,26.96
61200,-0.0000,36.52,26.96
61300,-0.0000,36.52,26.92
61400,-0.0000,36.52,26.92
61500,-0.0000,36.56,26.92
61600,-0.0000,36.68,26.92
61700,-0.0000,36.72,26.57
61800,-0.0000,36.76,26.79
61900,-0.0000,36.76,26.79
62000,-0.0000,36.80,26.79
62100,-0.0000,36.80,26.48
62200,-0.0000,36.88,26.70
62300,-0.0000,36.92,26.70
62400,-0.0000,37.12,26.70
62500,-0.0000,37.12,26.65
62600,-0.0000,38.12,26.65
62700,-0.0000,38.12,26.65
62800,-0.0000,38.12,26.65
62900,-0.0000,38.24,26.59
63000,-0.0000,38.56,26.59
63100,-0.0000,38.56,26.59
63200,-0.0000,38.60,26.59
63300,-0.0000,38.64,26.54
63400,-0.0000,38.72,26.54
63500,-0.0000,38.72,26.54
63600,-0.0000,38.72,26.54
63700,-0.0000,38.96,26.22
63800,-0.0000,38.96,26.44
63900,-0.0000,39.68,26.44
64000,-0.0000,39.68,26.44
64100,-0.0000,39.80,26.15
64200,-0.0000,39.80,26.34
64300,-0.0000,39.80,26.34
64400,-0.0000,39.84,26.34
64500,-0.0000,39.84,26.28
64600,-0.0000,39.92,26.28
64700,-0.0000,39.92,26.28
64800,-0.0000,39.92,26.28
64900,-0.0000,39.92,26.02
65000,-0.0000,39.92,26.16
65100,-0.0000,39.92,26.16
65200,-0.0000,39.92,26.16
65300,-0.0000,39.92,25.92
65400,-0.0000,39.92,26.05
65500,-0.0000,39.92,26.05
65600,-0.0000,39.92,26.05
65700,-0.0000,39.92,25.82
65800,-0.0000,39.92,25.97
65900,-0.0000,39.92,25.97
66000,-0.0000,39.92,25.97
66100,-0.0000,39.92,25.73
66200,-0.0000,39.92,25.85
66300,-0.0000,39.92,25.85
66400,-0.0000,39.92,25.85
66500,-0.0000,39.96,25.78
66600,-0.0000,39.96,25.78
66700,-0.0000,40.00,25.78
66800,-0.0000,40.08,25.78
66900,-0.0000,40.28,25.72
67000,-0.0000,40.28,25.72
67100,-0.0000,40.28,25.72
67200,-0.0000,40.56,25.72
67300,-0.0000,40.60,25.48
67400,-0.0000,40.64,25.64
67500,-0.0000,40.72,25.64
67600,-0.0000,40.96,25.64
67700,-0.0000,41.04,25.58
67800,-0.0000,41.04,25.58
67900,-0.0000,41.04,25.58
68000,-0.0000,41.04,25.58
68100,-0.0000,41.04,25.33
68200,-0.0000,41.64,25.47
68300,-0.0000,41.64,25.47
68400,-0.0000,41.64,25.47
68500,-0.0000,41.64,25.24
68600,-0.0000,41.64,25.38
68700,-0.0000,41.64,25.38
68800,-0.0000,41.64,25.38
68900,-0.0000,41.64,25.15
69000,-0.0000,41.64,25.28
69100,-0.0000,41.64,25.28
69200,-0.0000,41.64,25.28
69300,-0.0000,41.64,25.07
69400,-0.0000,41.64,25.19
69500,-0.0000,41.64,25.19
69600,-0.0000,41.64,25.19
69700,-0.0000,41.64,24.97
69800,-0.0000,41.64,25.09
69900,-0.0000,41.64,25.09
70000,-0.0000,41.64,25.09
70100,-0.0000,41.64,25.02
70200,-0.0000,41.64,25.02
70300,-0.0000,41.64,25.02
70400,-0.0000,41.64,25.02
70500,-0.0000,41.64,24.81
70600,-0.0000,41.64,24.92
70700,-0.0000,41.64,24.92
70800,-0.0000,41.64,24.92
70900,-0.0000,41.64,24.86
71000,-0.0000,41.64,24.86
71100,-0.0000,41.64,24.86
71200,-0.0000,41.64,24.86
71300,-0.0000,41.64,24.65
71400,-0.0000,41.64,24.76
71500,-0.0000,41.64,24.76
71600,-0.0000,41.64,24.76
71700,-0.0000,41.64,24.70
71800,-0.0000,41.64,24.70
71900,-0.0000,41.64,24.70
72000,-0.0000,41.64,24.70
72100,-0.0000,41.64,24.49
72200,-0.0000,41.64,24.56
72300,-0.0000,41.64,24.56
72400,-0.0000,41.64,24.56
72500,-0.0000,41.64,24.37
72600,-0.0000,41.64,24.43
72700,-0.0000,41.64,24.43
72800,-0.0000,41.64,24.43
72900,-0.0000,41.64,24.25
73000,-0.0000,41.64,24.33
73100,-0.0000,41.64,24.33
73200,-0.0000,41.64,24.33
73300,-0.0000,41.64,24.14
73400,-0.0000,41.68,24.24
73500,-0.0000,41.68,24.24
73600,-0.0000,41.68,24.24
73700,-0.0000,41.68,24.06
73800,-0.0000,41.72,24.15
73900,-0.0000,41.72,24.15
74000,-0.0000,41.72,24.15
74100,-0.0000,41.72,23.98
74200,-0.0000,41.72,24.06
74300,-0.0000,41.84,24.06
74400,-0.0000,41.84,24.06
74500,-0.0000,41.84,23.99
74600,-0.0000,42.16,23.99
74700,-0.0000,42.16,23.99
74800,-0.0000,42.16,23.99
74900,-0.0000,42.16,23.80
75000,-0.0000,42.16,23.90
75100,-0.0000,42.16,23.90
75200,-0.0000,42.16,23.90
75300,-0.0000,42.28,23.83
75400,-0.0000,42.28,23.80
75500,-0.0000,42.28,23.80
75600,-0.0000,42.28,23.80
75700,-0.0000,42.28,23.63
75800,-0.0000,42.28,23.71
75900,-0.0000,42.28,23.71
76000,-0.0000,42.28,23.71
76100,1.1793,42.28,23.55
76200,0.9937,42.60,23.62
76300,1.4411,42.60,23.62
76400,1.0053,42.60,23.62
76500,1.3324,42.60,23.44
76600,0.3659,42.60,23.52
76700,0.0808,44.04,23.52
76800,0.9988,46.00,23.52
76900,1.7284,46.92,23.47
77000,1.1174,48.12,23.47
77100,1.0687,49.36,23.47
77200,0.0144,49.64,23.47
77300,0.5083,50.44,23.37
77400,0.5256,50.44,23.26
77500,0.5153,50.44,23.26
77600,0.5000,50.44,23.26
77700,0.5236,50.44,23.15
77800,0.4199,50.44,23.15
77900,0.5043,50.44,23.15
78000,-0.0000,13.44,0.00
78100,-0.0000,30.08,20.00
78200,-0.0000,30.60,24.40
78300,-0.0000,31.20,24.40
78400,-0.0000,31.64,24.40
78500,-0.0000,31.80,21.50
78600,-0.0000,31.84,24.25
78700,-0.0000,31.84,24.25
78800,-0.0000,31.84,24.25
78900,-0.0000,32.00,22.27
79000,-0.0000,32.16,24.18
79100,-0.0000,32.24,24.18
79200,-0.0000,32.32,24.18
79300,-0.0000,32.64,22.50
79400,-0.0000,33.08,24.14
79500,-0.0000,33.32,24.14
79600,-0.0000,33.32,24.14
79700,-0.0000,33.32,24.12
79800,-0.0000,33.44,24.12
79900,-0.0000,33.44,24.12
80000,-0.0000,33.56,24.12
80100,-0.0000,33.56,24.11
80200,-0.0000,33.56,24.11
80300,-0.0000,33.56,24.11
80400,-0.0000,33.60,24.11
80500,-0.0000,33.60,22.90
80600,-0.0000,33.60,23.95
80700,-0.0000,33.64,23.95
80800,-0.0000,33.64,23.95
80900,-0.0000,33.64,23.87
81000,-0.0000,33.64,23.87
81100,-0.0000,33.64,23.87
81200,-0.0000,33.64,23.87
81300,-0.0000,33.64,22.96
81400,-0.0000,33.68,23.77
81500,-0.0000,33.68,23.77
81600,-0.0000,33.76,23.77
81700,-0.0000,33.76,22.97
81800,-0.0000,33.76,23.69
81900,-0.0000,33.76,23.69
82000,-0.0000,33.76,23.69
82100,-0.0000,33.80,23.65
82200,-0.0000,33.80,23.65
82300,-0.0000,33.80,23.65
82400,-0.0000,33.80,23.65
82500,-0.0000,33.80,23.00
82600,-0.0000,33.80,23.59
82700,-0.0000,33.80,23.59
82800,-0.0000,33.80,23.59
82900,-0.0000,33.80,23.00
83000,-0.0000,33.80,23.42
83100,-0.0000,33.80,23.42
83200,-0.0000,33.80,23.42
83300,-0.0000,33.80,22.83
83400,-0.0000,33.80,23.32
83500,-0.0000,33.80,23.32
83600,-0.0000,33.80,23.32
83700,-0.0000,33.80,22.82
83800,-0.0000,33.80,23.20
83900,-0.0000,33.80,23.20
84000,-0.0000,33.80,23.20
84100,-0.0000,33.80,22.77
84200,-0.0000,33.80,23.10
84300,-0.0000,33.80,23.10
84400,-0.0000,33.80,23.10
84500,-0.0000,33.80,22.71
84600,-0.0000,33.80,23.02
84700,-0.0000,33.80,23.02
84800,-0.0000,33.80,23.02
84900,-0.0000,33.80,22.66
85000,-0.0000,33.80,22.95
85100,-0.0000,33.80,22.95
85200,-0.0000,33.80,22.95
85300,-0.0000,33.80,22.60
85400,-0.0000,34.48,22.90
85500,-0.0000,34.48,22.90
85600,-0.0000,34.48,22.90
85700,-0.0000,34.48,22.56
85800,-0.0000,34.48,22.83
85900,-0.0000,34.80,22.83
86000,-0.0000,34.80,22.83
86100,-0.0000,34.92,22.50
86200,-0.0000,34.96,22.72
86300,-0.0000,34.96,22.72
86400,-0.0000,34.96,22.72
86500,-0.0000,35.00,22.40
86600,-0.0000,35.00,22.62
86700,-0.0000,35.00,22.62
86800,-0.0000,35.00,22.62
86900,-0.0000,35.12,22.32
87000,-0.0000,35.12,22.53
87100,-0.0000,35.12,22.53
87200,-0.0000,35.12,22.53
87300,-0.0000,35.12,22.27
87400,-0.0000,35.12,22.46
87500,-0.0000,35.12,22.46
87600,-0.0000,35.12,22.46
87700,-0.0000,35.12,22.21
87800,-0.0000,35.12,22.39
87900,-0.0000,35.12,22.39
88000,-0.0000,35.20,22.39
88100,-0.0000,35.20,22.15
88200,-0.0000,35.20,22.34
88300,-0.0000,35.20,22.34
88400,-0.0000,35.20,22.34
88500,-0.0000,35.20,22.11
88600,-0.0000,35.20,22.28
88700,-0.0000,35.20,22.28
88800,-0.0000,35.24,22.28
88900,-0.0000,35.24,22.06
89000,-0.0000,35.24,22.22
89100,-0.0000,35.24,22.22
89200,-0.0000,35.24,22.22
89300,-0.0000,35.24,22.00
89400,-0.0000,35.52,22.13
89500,-0.0000,35.52,22.13
89600,-0.0000,35.52,22.13
89700,-0.0000,35.52,21.91
89800,-0.0000,36.20,22.05
89900,-0.0000,36.20,22.05
90000,-0.0000,36.20,22.05
90100,-0.0000,36.20,21.85
90200,-0.0000,36.20,21.99
90300,-0.0000,36.20,21.99
90400,-0.0000,36.28,21.99
90500,-0.0000,36.28,21.79
90600,-0.0000,36.28,21.92
90700,-0.0000,36.28,21.92
90800,-0.0000,36.28,21.92
90900,-0.0000,36.28,21.73
91000,-0.0000,36.28,21.87
91100,-0.0000,36.32,21.87
91200,-0.0000,36.32,21.87
91300,-0.0000,36.32,21.68
91400,-0.0000,36.32,21.82
91500,-0.0000,36.32,21.82
91600,-0.0000,36.32,21.82
91700,-0.0000,36.32,21.64
91800,-0.0000,36.32,21.76
91900,-0.0000,36.32,21.76
92000,-0.0000,36.32,21.76
92100,-0.0000,36.48,21.57
92200,-0.0000,36.48,21.71
92300,-0.0000,36.48,21.71
92400,-0.0000,36.48,21.71
92500,-0.0000,36.48,21.53
92600,-0.0000,36.48,21.63
92700,-0.0000,36.52,21.63
92800,-0.0000,36.52,21.63
92900,-0.0000,36.52,21.59
93000,-0.0000,36.52,21.59
93100,-0.0000,36.52,21.59
93200,-0.0000,36.52,21.59
93300,-0.0000,36.52,21.41
93400,-0.0000,36.52,21.51
93500,-0.0000,36.52,21.51
93600,-0.0000,36.52,21.51
93700,-0.0000,36.52,21.34
93800,-0.0000,36.52,21.45
93900,-0.0000,36.52,21.45
94000,-0.0000,36.52,21.45
94100,-0.0000,36.52,21.30
94200,-0.0000,36.52,21.40
94300,-0.0000,36.52,21.40
94400,-0.0000,36.52,21.40
94500,-0.0000,36.52,21.24
94600,-0.0000,36.52,21.33
94700,-0.0000,36.52,21.33
94800,-0.0000,36.52,21.33
94900,-0.0000,36.52,21.19
95000,-0.0000,36.52,21.27
95100,-0.0000,36.60,21.27
95200,-0.0000,36.60,21.27
95300,-0.0000,36.60,21.12
95400,-0.0000,36.60,21.22
95500,-0.0000,36.60,21.22
95600,-0.0000,36.60,21.22
95700,-0.0000,36.60,21.07
95800,-0.0000,36.60,21.14
95900,-0.0000,36.60,21.14
96000,-0.0000,36.60,21.14
96100,-0.0000,36.60,20.98
96200,-0.0000,36.60,21.08
96300,-0.0000,36.60,21.08
96400,-0.0000,36.60,21.08
96500,-0.0000,36.60,20.93
96600,-0.0000,36.60,21.02
96700,-0.0000,36.60,21.02
96800,-0.0000,36.60,21.02
96900,-0.0000,36.60,20.87
97000,-0.0000,36.60,20.94
97100,-0.0000,36.60,20.94
97200,-0.0000,36.60,20.94
97300,-0.0000,36.60,20.81
97400,-0.0000,36.60,20.87
97500,-0.0000,36.60,20.87
97600,-0.0000,36.60,20.87
97700,-0.0000,36.60,20.75
97800,-0.0000,36.60,20.82
97900,-0.0000,36.60,20.82
98000,-0.0000,36.60,20.82
98100,-0.0000,36.60,20.79
98200,-0.0000,36.60,20.79
98300,-0.0000,36.68,20.79
98400,-0.0000,36.68,20.79
98500,-0.0000,36.80,20.63
98600,-0.0000,36.80,20.73
98700,-0.0000,36.80,20.73
98800,-0.0000,36.80,20.73
98900,-0.0000,36.80,20.60
99000,-0.0000,36.80,20.64
99100,-0.0000,36.80,20.64
99200,-0.0000,36.80,20.64
99300,-0.0000,36.80,20.52
99400,-0.0000,36.80,20.56
99500,-0.0000,36.80,20.56
99600,-0.0000,36.80,20.56
99700,-0.0000,37.08,20.44
99800,-0.0000,37.08,20.49
99900,-0.0000,37.08,20.49
100000,-0.0000,37.08,20.49
100100,-0.0000,37.08,20.37
100200,-0.0000,37.08,20.43
100300,-0.0000,37.08,20.43
100400,-0.0000,37.08,20.43
100500,-0.0000,37.24,20.31
100600,-0.0000,37.24,20.38
100700,-0.0000,37.24,20.38
100800,-0.0000,37.24,20.38
100900,-0.0000,37.24,20.26
101000,-0.0000,37.24,20.31
101100,-0.0000,37.24,20.31
101200,-0.0000,37.24,20.31
101300,-0.0000,37.28,20.18
101400,-0.0000,37.28,20.25
101500,-0.0000,37.28,20.25
101600,-0.0000,37.28,20.25
101700,-0.0000,37.28,20.13
101800,-0.0000,37.40,20.16
101900,-0.0000,37.40,20.16
102000,-0.0000,37.40,20.16
102100,-0.0000,37.40,20.04
102200,-0.0000,37.40,20.10
102300,-0.0000,37.40,20.10
102400,-0.0000,37.40,20.10
102500,-0.0000,37.40,19.99
102600,-0.0000,37.48,20.04
102700,-0.0000,37.48,20.04
102800,-0.0000,37.48,20.04
102900,-0.0000,37.64,19.92
103000,-0.0000,37.64,19.99
103100,-0.0000,37.64,19.99
103200,-0.0000,37.72,19.99
103300,-0.0000,37.72,19.88
103400,-0.0000,37.72,19.93
103500,-0.0000,37.72,19.93
103600,-0.0000,37.72,19.93
103700,-0.0000,37.72,19.83
103800,-0.0000,37.72,19.88
103900,-0.0000,37.72,19.88
104000,-0.0000,37.72,19.88
104100,-0.0000,37.72,19.77
104200,-0.0000,37.72,19.81
104300,-0.0000,37.72,19.81
104400,-0.0000,37.72,19.81
104500,-0.0000,37.72,19.70
104600,-0.0000,37.72,19.74
104700,-0.0000,37.72,19.74
104800,-0.0000,37.72,19.74
104900,-0.0000,37.72,19.63
105000,-0.0000,37.72,19.66
105100,-0.0000,37.72,19.66
105200,-0.0000,37.72,19.66
105300,0.5717,37.92,19.62
105400,0.4040,37.92,19.62
105500,0.4077,37.96,19.62
105600,0.9899,38.40,19.62
105700,0.8724,38.40,19.57
105800,0.2423,38.40,19.57
105900,0.4999,38.72,19.57
106000,0.6343,39.44,19.57
106100,1.0350,39.56,19.45
106200,0.4690,39.88,19.50
106300,0.9765,41.16,19.50
106400,-0.0000,44.00,19.50
106500,0.5842,49.36,19.45
106600,-0.0000,52.84,19.45
106700,-0.0000,56.08,19.45
106800,-0.0000,57.52,19.45
106900,-0.0000,60.32,19.39
107000,0.6577,63.04,19.39
107100,0.9997,67.04,19.39
107200,0.9177,70.68,19.39
107300,1.1203,71.44,19.34
107400,0.9427,73.12,19.28
107500,0.9765,74.08,19.28
107600,1.0701,74.72,19.28
107700,1.2083,16.00,26.00
107800,-0.0000,30.24,22.40
107900,-0.0000,32.56,25.00
108000,-0.0000,32.88,26.00
108100,-0.0000,33.52,24.36
108200,-0.0000,33.64,26.00
108300,-0.0000,33.64,26.00
108400,-0.0000,33.64,26.00
108500,-0.0000,33.64,24.53
108600,-0.0000,33.68,26.00
108700,-0.0000,33.68,26.00
108800,-0.0000,33.68,26.00
108900,-0.0000,34.76,24.72
109000,-0.0000,34.80,26.00
109100,-0.0000,34.84,26.00
109200,-0.0000,34.84,26.00
109300,-0.0000,34.88,24.95
109400,-0.0000,34.96,26.00
109500,-0.0000,34.96,26.00
109600,-0.0000,34.96,26.00
109700,-0.0000,34.96,25.04
109800,-0.0000,35.00,26.00
109900,-0.0000,35.00,26.00
110000,-0.0000,35.00,26.00
110100,-0.0000,35.00,25.25
110200,-0.0000,35.00,26.00
110300,-0.0000,35.00,26.00
110400,-0.0000,35.00,26.00
110500,-0.0000,35.00,25.28
110600,-0.0000,35.00,25.88
110700,-0.0000,35.00,25.88
110800,-0.0000,35.00,25.88
110900,-0.0000,35.00,25.22
111000,-0.0000,35.00,25.81
111100,-0.0000,35.00,25.81
111200,-0.0000,35.00,25.81
111300,-0.0000,35.00,25.21
111400,-0.0000,35.00,25.74
111500,-0.0000,35.00,25.74
111600,-0.0000,35.00,25.74
111700,-0.0000,35.00,25.14
111800,-0.0000,35.00,25.67
111900,-0.0000,35.00,25.67
112000,-0.0000,35.04,25.67
112100,-0.0000,35.08,25.17
112200,-0.0000,35.16,25.63
112300,-0.0000,35.16,25.63
112400,-0.0000,35.16,25.63
112500,-0.0000,35.16,25.16
112600,-0.0000,35.48,25.58
112700,-0.0000,35.48,25.58
112800,-0.0000,35.60,25.58
112900,-0.0000,35.64,25.15
113000,-0.0000,35.72,25.55
113100,-0.0000,35.72,25.55
113200,-0.0000,35.72,25.55
113300,-0.0000,35.72,25.11
113400,-0.0000,35.72,25.46
113500,-0.0000,35.88,25.46
113600,-0.0000,35.88,25.46
113700,-0.0000,36.60,25.03
113800,-0.0000,37.16,25.39
113900,-0.0000,37.16,25.39
114000,-0.0000,37.48,25.39
114100,-0.0000,37.48,25.02
114200,-0.0000,37.48,25.30
114300,-0.0000,37.76,25.30
114400,-0.0000,37.80,25.30
114500,-0.0000,38.32,24.92
114600,-0.0000,38.32,25.22
114700,-0.0000,38.32,25.22
114800,-0.0000,38.32,25.22
114900,-0.0000,38.72,24.90
115000,-0.0000,38.84,25.17
115100,-0.0000,38.92,25.17
115200,-0.0000,38.96,25.17
115300,-0.0000,38.96,24.84
115400,-0.0000,39.04,25.11
115500,-0.0000,39.24,25.11
115600,-0.0000,39.24,25.11
115700,-0.0000,39.24,24.75
115800,-0.0000,39.24,25.03
115900,-0.0000,39.24,25.03
116000,-0.0000,39.24,25.03
116100,-0.0000,39.32,24.68
116200,-0.0000,39.32,24.95
116300,-0.0000,39.32,24.95
116400,-0.0000,39.32,24.95
116500,-0.0000,39.32,24.65
116600,-0.0000,39.32,24.86
116700,-0.0000,39.32,24.86
116800,-0.0000,39.32,24.86
116900,-0.0000,39.32,24.55
117000,-0.0000,39.32,24.79
117100,-0.0000,39.32,24.79
117200,-0.0000,39.32,24.79
117300,-0.0000,39.32,24.75
117400,-0.0000,39.32,24.75
117500,-0.0000,39.32,24.75
117600,-0.0000,39.32,24.75
117700,-0.0000,39.32,24.69
117800,-0.0000,39.32,24.69
117900,-0.0000,39.32,24.69
118000,-0.0000,39.32,24.69
118100,-0.0000,39.32,24.63
118200,-0.0000,39.32,24.63
118300,-0.0000,39.32,24.63
118400,-0.0000,39.32,24.63
118500,-0.0000,39.32,24.58
118600,-0.0000,39.32,24.55
118700,-0.0000,39.32,24.55
118800,-0.0000,39.32,24.55
118900,-0.0000,39.32,24.48
119000,-0.0000,39.32,24.48
119100,-0.0000,39.32,24.48
119200,-0.0000,39.32,24.48
119300,-0.0000,39.32,24.41
119400,-0.0000,39.32,24.41
119500,-0.0000,39.32,24.41
119600,-0.0000,39.32,24.41
119700,-0.0000,39.32,24.34
119800,-0.0000,39.32,24.34
119900,-0.0000,39.32,24.34
120000,-0.0000,39.32,24.34
120100,-0.0000,39.32,24.28
120200,-0.0000,39.32,24.28
120300,-0.0000,39.32,24.28
120400,-0.0000,39.32,24.28
120500,-0.0000,39.32,24.20
120600,-0.0000,39.32,24.16
120700,-0.0000,39.36,24.16
120800,-0.0000,39.36,24.16
120900,-0.0000,39.36,24.08
121000,-0.0000,39.36,24.08
121100,-0.0000,39.36,24.08
121200,-0.0000,39.36,24.08
121300,-0.0000,39.36,24.01
121400,-0.0000,39.36,24.01
121500,-0.0000,39.36,24.01
121600,-0.0000,39.36,24.01
121700,-0.0000,39.36,23.74
121800,-0.0000,39.36,23.89
121900,-0.0000,39.36,23.89
122000,-0.0000,39.36,23.89
122100,-0.0000,39.36,23.81
122200,-0.0000,39.36,23.81
122300,-0.0000,39.36,23.81
122400,-0.0000,39.36,23.81
122500,-0.0000,39.36,23.73
122600,-0.0000,39.36,23.73
122700,-0.0000,39.36,23.73
122800,-0.0000,39.36,23.73
122900,-0.0000,39.36,23.65
123000,-0.0000,39.36,23.65
123100,-0.0000,39.36,23.65
123200,-0.0000,39.36,23.65
123300,-0.0000,39.44,23.56
123400,-0.0000,39.44,23.56
123500,-0.0000,39.44,23.56
123600,-0.0000,39.44,23.56
123700,-0.0000,39.44,23.47
123800,-0.0000,39.44,23.47
123900,-0.0000,39.44,23.47
124000,-0.0000,39.44,23.47
124100,-0.0000,39.44,23.21
124200,-0.0000,39.44,23.34
124300,-0.0000,39.44,23.34
124400,-0.0000,39.44,23.34
124500,-0.0000,39.44,23.10
124600,-0.0000,39.44,23.22
124700,-0.0000,39.44,23.22
124800,-0.0000,39.44,23.22
124900,-0.0000,39.44,22.98
125000,-0.0000,39.44,23.10
125100,-0.0000,39.44,23.10
125200,-0.0000,39.44,23.10
125300,-0.0000,39.44,22.86
125400,-0.0000,39.44,22.96
125500,-0.0000,39.44,22.96
125600,-0.0000,39.44,22.96
125700,-0.0000,39.44,22.73
125800,-0.0000,39.44,22.83
125900,-0.0000,39.44,22.83
126000,-0.0000,39.44,22.83
126100,-0.0000,39.44,22.61
126200,-0.0000,39.44,22.71
126300,-0.0000,39.44,22.71
126400,-0.0000,39.44,22.71
126500,-0.0000,39.44,22.50
126600,-0.0000,39.44,22.59
126700,-0.0000,39.44,22.59
126800,-0.0000,39.44,22.59
126900,-0.0000,39.44,22.39
127000,-0.0000,39.44,22.48
127100,-0.0000,39.44,22.48
127200,-0.0000,39.44,22.48
127300,-0.0000,39.44,22.27
127400,-0.0000,39.44,22.37
127500,-0.0000,39.44,22.37
127600,-0.0000,39.44,22.37
127700,-0.0000,39.44,22.16
127800,-0.0000,39.44,22.25
127900,-0.0000,39.44,22.25
128000,0.7780,39.44,22.25
128100,0.2423,42.08,22.17
128200,0.8932,44.28,22.12
128300,0.4999,47.56,22.12
128400,0.2864,56.60,22.12
128500,2.1650,59.56,22.02
128600,0.9517,60.84,22.02
128700,-0.0000,61.64,21.96
128800,0.8932,63.56,21.96
128900,1.8485,63.80,21.85
129000,0.6362,64.72,21.85
129100,1.4174,65.24,21.85
129200,0.4999,66.00,21.85
129300,0.9918,69.40,21.78
129400,0.7602,71.12,21.78
129500,-0.0000,35.08,21.00
129600,-0.0000,42.40,23.50
129700,-0.0000,45.36,26.11
129800,-0.0000,47.68,27.73
129900,-0.0000,50.16,27.62
130000,-0.0000,50.36,27.57
130100,-0.0000,50.48,26.00
130200,-0.0000,50.56,27.44
130300,-0.0000,50.56,26.30
130400,-0.0000,51.28,27.38
130500,-0.0000,51.80,26.29
130600,-0.0000,51.88,27.32
130700,-0.0000,51.88,27.32
130800,-0.0000,52.92,26.39
130900,-0.0000,53.04,26.77
131000,-0.0000,53.04,27.25
131100,-0.0000,53.04,27.24
131200,-0.0000,53.24,27.24
131300,-0.0000,53.40,26.53
131400,-0.0000,53.68,27.22
131500,-0.0000,59.32,27.22
131600,-0.0000,60.12,26.51
131700,-0.0000,60.76,27.10
131800,-0.0000,60.88,27.07
131900,-0.0000,61.00,27.05
132000,-0.0000,61.00,27.05
132100,-0.0000,61.04,27.00
132200,-0.0000,61.04,26.98
132300,-0.0000,61.12,26.98
132400,-0.0000,61.24,26.98
132500,-0.0000,61.24,26.94
132600,-0.0000,61.24,26.60
132700,-0.0000,61.24,26.88
132800,-0.0000,61.24,26.75
132900,-0.0000,62.96,26.87
133000,-0.0000,64.00,26.83
133100,-0.0000,64.00,26.83
133200,-0.0000,64.00,26.83
133300,-0.0000,64.00,26.57
133400,-0.0000,64.00,26.73
133500,-0.0000,64.08,26.73
133600,-0.0000,64.16,26.73
133700,-0.0000,64.16,26.25
133800,-0.0000,64.16,26.64
133900,-0.0000,64.16,26.64
134000,-0.0000,64.16,26.42
134100,-0.0000,64.16,26.56
134200,-0.0000,64.16,26.54
134300,-0.0000,64.16,26.54
134400,-0.0000,64.20,26.54
134500,-0.0000,64.20,26.14
134600,-0.0000,64.20,26.47
134700,-0.0000,64.20,26.47
134800,-0.0000,7.48,0.00
134900,-0.0000,28.12,19.75
135000,-0.0000,30.24,26.00
135100,-0.0000,30.72,26.00
135200,-0.0000,31.28,26.00
135300,-0.0000,31.28,23.25
135400,-0.0000,31.72,26.00
135500,-0.0000,32.00,26.00
135600,-0.0000,32.00,26.00
135700,-0.0000,32.20,23.91
135800,-0.0000,32.20,26.00
135900,-0.0000,32.24,26.00
136000,-0.0000,32.28,26.00
136100,-0.0000,32.28,24.21
136200,-0.0000,32.32,25.79
136300,-0.0000,32.32,25.79
136400,-0.0000,32.32,25.79
136500,-0.0000,32.32,24.35
136600,-0.0000,32.32,25.65
136700,-0.0000,32.36,25.65
136800,-0.0000,32.36,25.65
136900,-0.0000,32.40,24.45
137000,-0.0000,32.76,25.55
137100,-0.0000,32.80,25.55
137200,-0.0000,32.96,25.55
137300,-0.0000,33.04,24.57
137400,-0.0000,33.04,25.48
137500,-0.0000,33.04,25.48
137600,-0.0000,33.04,25.48
137700,-0.0000,33.12,24.62
137800,-0.0000,33.28,25.42
137900,-0.0000,33.28,25.42
138000,-0.0000,33.44,25.42
138100,-0.0000,33.72,24.66
138200,-0.0000,33.72,25.38
138300,-0.0000,33.72,25.38
138400,-0.0000,33.72,25.38
138500,-0.0000,33.72,24.69
138600,-0.0000,33.72,25.34
138700,-0.0000,33.72,25.34
138800,-0.0000,33.72,25.34
138900,-0.0000,33.72,24.66
139000,-0.0000,33.80,25.23
139100,-0.0000,33.92,25.23
139200,-0.0000,34.00,25.23
139300,-0.0000,34.04,24.61
139400,-0.0000,34.04,25.13
139500,-0.0000,34.20,25.13
139600,-0.0000,34.20,25.13
139700,-0.0000,34.20,24.56
139800,-0.0000,34.20,25.05
139900,-0.0000,34.20,25.05
140000,-0.0000,34.20,25.05
140100,-0.0000,34.20,24.52
140200,-0.0000,34.24,24.98
140300,-0.0000,34.28,24.98
140400,-0.0000,34.28,24.98
140500,-0.0000,34.28,24.49
140600,-0.0000,34.28,24.91
140700,-0.0000,34.32,24.91
140800,-0.0000,34.40,24.91
140900,-0.0000,34.40,24.46
141000,-0.0000,34.40,24.86
141100,-0.0000,34.40,24.86
141200,-0.0000,34.40,24.86
141300,-0.0000,34.40,24.43
141400,-0.0000,34.40,24.81
141500,-0.0000,34.40,24.81
141600,-0.0000,34.40,24.81
141700,-0.0000,34.40,24.38
141800,-0.0000,34.40,24.71
141900,-0.0000,34.40,24.71
142000,-0.0000,34.40,24.71
142100,-0.0000,34.40,24.31
142200,-0.0000,34.40,24.63
142300,-0.0000,34.44,24.63
142400,-0.0000,34.44,24.63
142500,-0.0000,34.84,24.24
142600,-0.0000,34.84,24.52
142700,-0.0000,34.84,24.52
142800,-0.0000,34.84,24.52
142900,-0.0000,34.84,24.17
143000,-0.0000,34.84,24.45
143100,-0.0000,34.84,24.45
143200,-0.0000,34.84,24.45
143300,-0.0000,34.84,24.12
143400,-0.0000,34.88,24.39
143500,-0.0000,34.88,24.39
143600,-0.0000,34.88,24.39
143700,-0.0000,34.88,24.07
143800,-0.0000,34.96,24.33
143900,-0.0000,34.96,24.33
144000,-0.0000,34.96,24.33
144100,-0.0000,34.96,24.30
144200,-0.0000,34.96,24.30
144300,-0.0000,34.96,24.30
144400,-0.0000,34.96,24.30
144500,-0.0000,34.96,24.24
144600,-0.0000,34.96,24.21
144700,-0.0000,34.96,24.21
144800,-0.0000,34.96,24.21
144900,-0.0000,34.96,23.90
145000,-0.0000,34.96,24.12
145100,-0.0000,34.96,24.12
145200,-0.0000,34.96,24.12
145300,-0.0000,34.96,23.80
145400,-0.0000,34.96,24.05
145500,-0.0000,34.96,24.05
145600,-0.0000,34.96,24.05
145700,-0.0000,34.96,24.00
145800,-0.0000,35.32,24.00
145900,-0.0000,35.32,24.00
146000,-0.0000,35.32,24.00
146100,-0.0000,35.64,23.93
146200,-0.0000,35.64,23.90
146300,-0.0000,35.64,23.90
146400,-0.0000,35.64,23.90
146500,-0.0000,35.96,23.62
146600,-0.0000,36.44,23.80
146700,-0.0000,36.44,23.80
146800,-0.0000,36.44,23.80
146900,-0.0000,36.44,23.53
147000,-0.0000,36.48,23.71
147100,-0.0000,36.56,23.71
147200,-0.0000,36.56,23.71
147300,-0.0000,36.56,23.45
147400,-0.0000,36.56,23.63
147500,-0.0000,36.56,23.63
147600,-0.0000,36.56,23.63
147700,-0.0000,36.56,23.38
147800,-0.0000,36.56,23.55
147900,-0.0000,36.56,23.55
148000,-0.0000,36.60,23.55
148100,-0.0000,36.60,23.31
148200,-0.0000,36.60,23.48
148300,-0.0000,36.60,23.48
148400,-0.0000,36.60,23.48
148500,-0.0000,36.60,23.23
148600,-0.0000,36.76,23.38
148700,-0.0000,36.76,23.38
148800,-0.0000,36.76,23.38
148900,-0.0000,36.76,23.14
149000,-0.0000,36.76,23.28
149100,-0.0000,36.76,23.28
149200,-0.0000,36.76,23.28
149300,-0.0000,36.76,23.05
149400,-0.0000,36.76,23.20
149500,-0.0000,36.76,23.20
149600,-0.0000,36.76,23.20
149700,-0.0000,36.76,22.97
149800,-0.0000,36.76,23.11
149900,-0.0000,36.76,23.11
150000,-0.0000,36.76,23.11
150100,-0.0000,36.76,22.90
150200,-0.0000,36.76,23.03
150300,-0.0000,36.76,23.03
150400,-0.0000,36.76,23.03
150500,-0.0000,36.76,22.83
150600,-0.0000,36.76,22.96
150700,-0.0000,36.76,22.96
150800,-0.0000,36.76,22.96
150900,-0.0000,36.76,22.76
151000,-0.0000,36.76,22.89
151100,-0.0000,36.76,22.89
151200,-0.0000,36.76,22.89
151300,-0.0000,36.76,22.69
151400,-0.0000,36.76,22.82
151500,-0.0000,36.76,22.82
151600,-0.0000,36.76,22.82
151700,-0.0000,36.76,22.62
151800,-0.0000,36.76,22.73
151900,-0.0000,36.80,22.73
152000,-0.0000,36.80,22.73
152100,-0.0000,36.84,22.53
152200,-0.0000,36.84,22.65
152300,-0.0000,36.84,22.65
152400,-0.0000,37.04,22.65
152500,-0.0000,37.04,22.46
152600,-0.0000,37.04,22.57
152700,-0.0000,37.04,22.57
152800,-0.0000,37.04,22.57
152900,-0.0000,37.04,22.38
153000,-0.0000,37.04,22.46
153100,-0.0000,37.04,22.46
153200,-0.0000,37.04,22.46
153300,-0.0000,37.04,22.29
153400,-0.0000,37.04,22.39
153500,-0.0000,37.04,22.39
153600,-0.0000,37.04,22.39
153700,-0.0000,37.04,22.22
153800,-0.0000,37.04,22.32
153900,-0.0000,37.04,22.32
154000,-0.0000,37.04,22.32
154100,-0.0000,37.04,22.15
154200,-0.0000,37.04,22.26
154300,-0.0000,37.04,22.26
154400,-0.0000,37.04,22.26
154500,-0.0000,37.04,22.08
154600,-0.0000,37.04,22.17
154700,-0.0000,37.04,22.17
154800,-0.0000,37.04,22.17
154900,-0.0000,37.04,22.00
155000,-0.0000,37.04,22.09
155100,-0.0000,37.04,22.09
155200,-0.0000,37.04,22.09
155300,-0.0000,37.04,21.92
155400,-0.0000,37.04,22.01
155500,-0.0000,37.04,22.01
155600,-0.0000,37.04,22.01
155700,-0.0000,37.04,21.85
155800,-0.0000,37.04,21.94
155900,-0.0000,37.04,21.94
156000,-0.0000,37.04,21.94
156100,-0.0000,37.04,21.78
156200,-0.0000,37.04,21.87
156300,-0.0000,37.12,21.87
156400,-0.0000,37.12,21.87
156500,-0.0000,37.12,21.71
156600,-0.0000,37.12,21.80
156700,-0.0000,37.12,21.80
156800,-0.0000,37.12,21.80
156900,-0.0000,37.12,21.65
157000,-0.0000,37.12,21.73
157100,-0.0000,37.12,21.73
157200,-0.0000,37.12,21.73
157300,-0.0000,37.12,21.58
157400,-0.0000,37.12,21.66
157500,-0.0000,37.12,21.66
157600,-0.0000,37.12,21.66
157700,-0.0000,37.12,21.51
157800,-0.0000,37.12,21.58
157900,-0.0000,37.12,21.58
158000,-0.0000,37.12,21.58
158100,-0.0000,37.12,21.43
158200,-0.0000,37.12,21.50
158300,-0.0000,37.12,21.50
158400,-0.0000,37.12,21.50
158500,-0.0000,37.12,21.48
158600,-0.0000,37.12,21.48
158700,-0.0000,37.12,21.48
158800,1.5304,37.12,21.48
158900,1.4568,46.20,21.44
159000,1.1997,59.80,21.79
159100,1.4497,62.04,22.34
159200,0.2691,34.12,22.00
159300,0.4022,40.64,22.00
159400,-0.0000,41.12,22.00
159500,-0.0000,41.40,22.00
159600,-0.0000,41.40,22.00
159700,-0.0000,41.48,21.67
159800,-0.0000,41.56,21.57
159900,-0.0000,41.64,21.57
160000,-0.0000,41.84,21.57
160100,-0.0000,42.00,19.60
160200,-0.0000,42.00,21.40
160300,-0.0000,42.04,21.40
160400,-0.0000,42.04,21.40
160500,-0.0000,42.04,19.92
160600,-0.0000,42.04,21.31
160700,-0.0000,42.08,21.31
160800,-0.0000,42.36,21.31
160900,-0.0000,42.36,20.12
161000,-0.0000,42.44,21.25
161100,-0.0000,42.44,21.25
161200,-0.0000,42.44,21.25
161300,-0.0000,42.44,20.21
161400,-0.0000,42.60,21.21
161500,-0.0000,42.60,21.21
161600,-0.0000,42.60,21.21
161700,-0.0000,42.60,21.10
161800,-0.0000,42.72,21.10
161900,-0.0000,42.72,21.10
162000,-0.0000,42.72,21.10
162100,-0.0000,42.72,20.25
162200,-0.0000,42.72,20.96
162300,-0.0000,42.72,20.96
162400,-0.0000,42.72,20.96
162500,-0.0000,42.80,20.22
162600,-0.0000,42.84,20.85
162700,-0.0000,42.92,20.85
162800,-0.0000,42.92,20.85
162900,-0.0000,42.92,20.20
163000,-0.0000,42.92,20.77
163100,-0.0000,42.92,20.77
163200,-0.0000,42.92,20.77
163300,-0.0000,42.92,20.21
163400,-0.0000,43.04,20.70
163500,-0.0000,43.04,20.70
163600,-0.0000,43.04,20.70
163700,-0.0000,43.04,20.19
163800,-0.0000,43.04,20.64
163900,-0.0000,43.04,20.64
164000,-0.0000,43.04,20.64
164100,-0.0000,43.92,20.59
164200,-0.0000,44.64,20.55
164300,-0.0000,44.96,20.55
164400,-0.0000,45.40,20.55
164500,-0.0000,45.60,20.51
164600,-0.0000,45.84,20.51
164700,-0.0000,46.00,20.51
164800,-0.0000,46.20,20.51
164900,-0.0000,46.20,20.45
165000,-0.0000,46.20,20.45
165100,-0.0000,46.20,20.45
165200,-0.0000,46.20,20.45
165300,-0.0000,46.20,20.37
165400,-0.0000,46.20,20.37
165500,-0.0000,46.20,20.37
165600,-0.0000,46.20,20.37
165700,-0.0000,46.20,20.07
165800,-0.0000,46.20,20.07
165900,-0.0000,46.20,20.07
166000,-0.0000,46.20,20.07
166100,-0.0000,46.20,19.96
166200,-0.0000,46.20,19.85
166300,-0.0000,46.20,19.85
166400,-0.0000,46.20,19.74
166500,-0.0000,46.20,19.65
166600,-0.0000,46.20,19.65
166700,-0.0000,46.20,19.65
166800,-0.0000,46.20,19.65
166900,-0.0000,46.24,19.42
167000,-0.0000,46.24,19.31
167100,-0.0000,46.32,19.31
167200,-0.0000,46.32,19.31
167300,-0.0000,46.32,18.83
167400,-0.0000,46.32,19.02
167500,-0.0000,46.32,19.02
167600,-0.0000,46.32,19.02
167700,-0.0000,46.32,18.58
167800,-0.0000,46.32,18.75
167900,-0.0000,46.32,18.75
168000,-0.0000,46.32,18.75
168100,-0.0000,46.32,18.35
168200,-0.0000,46.32,18.52
168300,-0.0000,46.32,18.52
168400,-0.0000,46.32,18.52
168500,-0.0000,46.32,18.14
168600,-0.0000,46.32,18.30
168700,-0.0000,46.32,18.30
168800,-0.0000,46.32,18.30
168900,-0.0000,46.32,17.95
169000,-0.0000,46.32,18.11
169100,-0.0000,46.32,18.11
169200,-0.0000,46.32,18.11
169300,-0.0000,46.32,17.77
169400,0.9997,46.32,17.90
169500,1.0908,46.88,17.90
169600,-0.0000,47.48,17.90
169700,-0.0000,49.40,17.76
169800,-0.0000,49.44,17.76
169900,0.6577,49.80,17.76
170000,0.9427,50.00,17.76
170100,1.0354,50.44,17.68
170200,-0.0000,51.76,17.68
170300,-0.0000,52.00,17.68
170400,1.2545,52.84,17.68
170500,1.1214,55.08,17.50
170600,0.9974,55.16,17.50
170700,0.9710,55.20,17.50
170800,-0.0000,55.36,17.50
170900,1.1025,55.64,17.30
171000,1.0302,55.88,17.30
171100,0.1414,55.92,17.30
171200,-0.0000,55.96,17.30
171300,0.8113,56.08,17.09
171400,0.4079,15.32,20.00
171500,-0.0000,27.40,27.00
171600,-0.0000,27.76,24.88
171700,-0.0000,32.24,26.36
171800,-0.0000,32.84,27.00
171900,-0.0000,32.92,27.00
172000,-0.0000,33.08,27.00
172100,-0.0000,33.24,25.47
172200,-0.0000,33.36,27.00
172300,-0.0000,33.36,27.00
172400,-0.0000,33.36,27.00
172500,-0.0000,33.36,25.72
172600,-0.0000,33.40,27.00
172700,-0.0000,33.44,27.00
172800,-0.0000,33.44,27.00
172900,-0.0000,33.44,25.90
173000,-0.0000,33.44,27.00
173100,-0.0000,33.44,27.00
173200,-0.0000,33.60,27.00
173300,-0.0000,33.72,26.08
173400,-0.0000,33.72,27.00
173500,-0.0000,33.80,27.00
173600,-0.0000,33.84,27.00
173700,-0.0000,34.00,26.18
173800,-0.0000,34.16,26.96
173900,-0.0000,34.20,26.96
174000,-0.0000,34.24,26.96
174100,-0.0000,34.44,26.16
174200,-0.0000,34.44,26.87
174300,-0.0000,34.60,26.87
174400,-0.0000,34.64,26.87
174500,-0.0000,34.68,26.15
174600,-0.0000,35.36,26.79
174700,-0.0000,35.56,26.79
174800,-0.0000,35.56,26.79
174900,-0.0000,36.68,26.14
175000,-0.0000,38.04,26.73
175100,-0.0000,38.08,26.73
175200,-0.0000,38.48,26.73
175300,-0.0000,38.64,26.12
175400,-0.0000,38.68,26.68
175500,-0.0000,38.68,26.68
175600,-0.0000,38.68,26.68
175700,-0.0000,38.68,26.12
175800,-0.0000,38.68,26.63
175900,-0.0000,38.72,26.63
176000,-0.0000,38.72,26.63
176100,-0.0000,39.76,26.11
176200,-0.0000,40.08,26.59
176300,-0.0000,40.60,26.59
176400,-0.0000,41.56,26.59
176500,-0.0000,41.76,26.10
176600,-0.0000,41.76,26.55
176700,-0.0000,41.76,26.55
176800,-0.0000,41.76,26.55
176900,-0.0000,42.40,26.06
177000,-0.0000,42.40,26.46
177100,-0.0000,42.80,26.46
177200,-0.0000,42.80,26.46
177300,-0.0000,42.80,26.00
177400,-0.0000,43.08,26.38
177500,-0.0000,43.08,26.38
177600,-0.0000,43.08,26.38
177700,-0.0000,43.12,25.95
177800,-0.0000,43.12,26.31
177900,-0.0000,43.12,26.31
178000,-0.0000,43.12,26.31
178100,-0.0000,43.12,25.90
178200,-0.0000,43.44,26.25
178300,-0.0000,43.44,26.25
178400,-0.0000,43.44,26.25
178500,-0.0000,43.44,25.86
178600,-0.0000,43.60,26.19
178700,-0.0000,43.68,26.19
178800,-0.0000,43.80,26.19
178900,-0.0000,43.84,25.82
179000,-0.0000,43.96,26.13
179100,-0.0000,43.96,26.13
179200,-0.0000,43.96,26.13
179300,-0.0000,43.96,25.79
179400,-0.0000,43.96,26.09
179500,-0.0000,43.96,26.09
179600,-0.0000,43.96,26.09
179700,-0.0000,44.20,25.73
179800,-0.0000,44.48,26.00
179900,-0.0000,44.48,26.00
180000,-0.0000,44.48,26.00
180100,-0.0000,44.48,25.66
180200,-0.0000,44.48,25.92
180300,-0.0000,44.48,25.92
180400,-0.0000,44.48,25.92
180500,-0.0000,44.48,25.59
180600,-0.0000,44.48,25.85
180700,-0.0000,44.56,25.85
180800,-0.0000,44.56,25.85
180900,-0.0000,44.56,25.54
181000,-0.0000,44.60,25.78
181100,-0.0000,44.60,25.78
181200,-0.0000,44.60,25.78
181300,-0.0000,44.72,25.48
181400,-0.0000,44.72,25.72
181500,-0.0000,44.72,25.72
181600,-0.0000,44.72,25.72
181700,-0.0000,44.72,25.43
181800,-0.0000,44.80,25.66
181900,-0.0000,44.80,25.66
182000,-0.0000,44.80,25.66
182100,-0.0000,44.80,25.38
182200,-0.0000,44.80,25.60
182300,-0.0000,44.80,25.60
182400,-0.0000,44.80,25.60
182500,-0.0000,44.80,25.32
182600,-0.0000,44.80,25.52
182700,-0.0000,44.80,25.52
182800,-0.0000,44.80,25.52
182900,-0.0000,44.80,25.25
183000,-0.0000,44.80,25.42
183100,-0.0000,44.80,25.42
183200,-0.0000,44.80,25.42
183300,-0.0000,44.80,25.17
183400,-0.0000,44.80,25.32
183500,-0.0000,44.80,25.32
183600,-0.0000,44.80,25.32
183700,-0.0000,44.80,25.09
183800,-0.0000,44.80,25.24
183900,-0.0000,44.80,25.24
184000,-0.0000,44.80,25.24
184100,-0.0000,44.80,25.21
184200,-0.0000,44.80,25.21
184300,-0.0000,44.80,25.21
184400,-0.0000,44.80,25.21
184500,-0.0000,44.80,25.19
184600,-0.0000,44.80,25.19
184700,-0.0000,44.80,25.19
184800,-0.0000,44.80,25.19
184900,-0.0000,44.80,25.14
185000,-0.0000,44.80,25.14
185100,-0.0000,44.80,25.14
185200,-0.0000,44.80,25.14
185300,-0.0000,44.80,25.05
185400,-0.0000,44.80,25.00
185500,-0.0000,44.80,25.00
185600,-0.0000,45.04,25.00
185700,-0.0000,45.04,24.95
185800,-0.0000,45.04,24.95
185900,-0.0000,45.04,24.95
186000,-0.0000,45.04,24.95
186100,-0.0000,45.04,24.88
186200,-0.0000,45.04,24.88
186300,2.1663,51.96,24.88
186400,0.7707,71.96,24.88
186500,0.3298,19.40,16.00
186600,-0.0000,29.76,23.40
186700,-0.0000,30.80,25.00
186800,-0.0000,31.44,25.00
186900,-0.0000,32.04,24.71
187000,-0.0000,32.08,24.62
187100,-0.0000,32.12,24.62
187200,-0.0000,32.16,24.62
187300,-0.0000,32.24,22.45
187400,-0.0000,32.52,24.45
187500,-0.0000,32.52,24.45
187600,-0.0000,32.52,24.45
187700,-0.0000,33.32,22.86
187800,-0.0000,34.12,24.36
187900,-0.0000,34.12,24.36
188000,-0.0000,34.16,24.36
188100,-0.0000,35.96,23.06
188200,-0.0000,36.00,24.29
188300,-0.0000,36.00,24.29
188400,-0.0000,36.00,24.29
188500,-0.0000,36.28,23.20
188600,-0.0000,36.28,24.25
188700,-0.0000,36.44,24.25
188800,-0.0000,36.44,24.25
188900,-0.0000,36.68,23.35
189000,-0.0000,36.76,24.22
189100,-0.0000,36.80,24.22
189200,-0.0000,36.84,24.22
189300,-0.0000,36.84,23.35
189400,-0.0000,37.04,24.08
189500,-0.0000,37.08,24.08
189600,-0.0000,37.08,24.08
189700,-0.0000,37.44,23.28
189800,-0.0000,37.44,23.97
189900,-0.0000,37.44,23.97
190000,-0.0000,37.44,23.97
190100,-0.0000,37.64,23.25
190200,-0.0000,37.64,23.88
190300,-0.0000,37.96,23.88
190400,-0.0000,38.08,23.88
190500,-0.0000,38.08,23.82
190600,-0.0000,38.16,23.82
190700,-0.0000,38.16,23.82
190800,-0.0000,38.16,23.82
190900,-0.0000,38.16,23.22
191000,-0.0000,38.16,23.76
191100,-0.0000,38.20,23.76
191200,-0.0000,38.24,23.76
191300,-0.0000,38.24,23.23
191400,-0.0000,38.24,23.70
191500,-0.0000,38.24,23.70
191600,-0.0000,38.24,23.70
191700,-0.0000,38.24,23.21
191800,-0.0000,38.24,23.65
191900,-0.0000,38.24,23.65
192000,-0.0000,38.32,23.65
192100,-0.0000,38.44,23.15
192200,-0.0000,38.44,23.54
192300,-0.0000,38.44,23.54
192400,-0.0000,38.84,23.54
192500,-0.0000,38.96,23.08
192600,-0.0000,38.96,23.45
192700,-0.0000,39.00,23.45
192800,-0.0000,39.00,23.45
192900,-0.0000,39.00,23.02
193000,-0.0000,39.00,23.37
193100,-0.0000,39.08,23.37
193200,-0.0000,39.08,23.37
193300,-0.0000,39.08,22.96
193400,-0.0000,39.08,23.29
193500,-0.0000,39.08,23.29
193600,-0.0000,39.12,23.29
193700,-0.0000,39.12,22.91
193800,-0.0000,39.12,23.22
193900,-0.0000,39.12,23.22
194000,-0.0000,39.12,23.22
194100,-0.0000,39.12,22.87
194200,-0.0000,39.28,23.16
194300,-0.0000,39.28,23.16
194400,-0.0000,39.28,23.16
194500,-0.0000,39.28,22.83
194600,-0.0000,39.28,23.11
194700,-0.0000,39.28,23.11
194800,-0.0000,39.28,23.11
194900,-0.0000,39.28,22.76
195000,-0.0000,39.28,23.01
195100,-0.0000,39.28,23.01
195200,-0.0000,39.28,23.01
195300,-0.0000,39.44,22.69
195400,-0.0000,39.48,22.93
195500,-0.0000,39.60,22.93
195600,-0.0000,39.60,22.93
195700,-0.0000,39.60,22.62
195800,-0.0000,39.60,22.85
195900,-0.0000,39.64,22.85
196000,-0.0000,39.64,22.85
196100,-0.0000,39.64,22.55
196200,-0.0000,39.64,22.78
196300,-0.0000,39.68,22.78
196400,-0.0000,39.68,22.78
196500,-0.0000,39.76,22.49
196600,-0.0000,39.76,22.71
196700,-0.0000,39.76,22.71
196800,-0.0000,39.76,22.71
196900,-0.0000,39.80,22.44
197000,-0.0000,39.88,22.65
197100,-0.0000,39.88,22.65
197200,-0.0000,39.88,22.65
197300,-0.0000,39.88,22.39
197400,-0.0000,39.88,22.59
197500,-0.0000,39.88,22.59
197600,-0.0000,39.88,22.59
197700,-0.0000,39.88,22.34
197800,-0.0000,39.88,22.52
197900,-0.0000,39.88,22.52
198000,-0.0000,39.88,22.52
198100,-0.0000,40.00,22.26
198200,-0.0000,40.00,22.44
198300,-0.0000,40.00,22.44
198400,-0.0000,40.00,22.44
198500,-0.0000,40.00,22.19
198600,-0.0000,40.00,22.36
198700,-0.0000,40.00,22.36
198800,-0.0000,40.00,22.36
198900,-0.0000,40.00,22.12
199000,-0.0000,40.20,22.29
199100,-0.0000,40.20,22.29
199200,-0.0000,40.20,22.29
199300,-0.0000,40.20,22.06
199400,-0.0000,40.20,22.22
199500,-0.0000,40.20,22.22
199600,-0.0000,40.20,22.22
199700,-0.0000,40.20,22.00
199800,-0.0000,40.20,22.16
199900,-0.0000,40.20,22.16
200000,-0.0000,40.20,22.16
200100,-0.0000,40.20,21.94
200200,-0.0000,40.20,22.09
200300,-0.0000,40.20,22.09
200400,-0.0000,40.20,22.09
200500,-0.0000,40.20,21.89
200600,-0.0000,40.20,22.04
200700,-0.0000,40.20,22.04
200800,-0.0000,40.20,22.04
200900,-0.0000,40.20,21.82
201000,-0.0000,40.20,21.96
201100,-0.0000,40.20,21.96
201200,-0.0000,40.20,21.96
201300,-0.0000,40.20,21.75
201400,-0.0000,40.20,21.88
201500,-0.0000,40.20,21.88
201600,-0.0000,40.20,21.88
201700,-0.0000,40.20,21.68
201800,-0.0000,40.28,21.81
201900,-0.0000,40.28,21.81
202000,-0.0000,40.28,21.81
202100,-0.0000,40.28,21.61
202200,-0.0000,40.28,21.74
202300,-0.0000,40.28,21.74
202400,-0.0000,40.28,21.74
202500,-0.0000,40.36,21.55
202600,-0.0000,40.44,21.67
202700,-0.0000,40.44,21.67
202800,-0.0000,40.44,21.67
202900,-0.0000,40.44,21.49
203000,-0.0000,40.44,21.61
203100,-0.0000,40.44,21.61
203200,-0.0000,40.44,21.61
203300,-0.0000,40.44,21.43
203400,-0.0000,40.44,21.55
203500,-0.0000,40.44,21.55
203600,-0.0000,40.44,21.55
203700,-0.0000,40.44,21.36
203800,-0.0000,40.44,21.47
203900,-0.0000,40.44,21.47
204000,-0.0000,40.44,21.47
204100,-0.0000,40.44,21.29
204200,-0.0000,40.44,21.39
204300,-0.0000,40.48,21.39
204400,-0.0000,40.48,21.39
204500,-0.0000,40.48,21.22
204600,-0.0000,40.48,21.32
204700,-0.0000,40.48,21.32
204800,-0.0000,40.48,21.32
204900,-0.0000,40.48,21.15
205000,-0.0000,40.48,21.25
205100,-0.0000,40.72,21.25
205200,-0.0000,40.72,21.25
205300,-0.0000,40.72,21.08
205400,-0.0000,40.72,21.18
205500,-0.0000,40.72,21.18
205600,-0.0000,40.72,21.18
205700,-0.0000,40.72,21.02
205800,-0.0000,40.72,21.11
205900,-0.0000,40.72,21.11
206000,-0.0000,40.72,21.11
206100,-0.0000,40.72,20.96
206200,-0.0000,40.72,21.03
206300,-0.0000,40.72,21.03
206400,-0.0000,40.72,21.03
206500,-0.0000,40.72,20.88
206600,-0.0000,40.72,20.97
206700,-0.0000,40.72,20.97
206800,-0.0000,40.72,20.97
206900,-0.0000,40.72,20.82
207000,-0.0000,40.72,20.90
207100,-0.0000,40.72,20.90
207200,-0.0000,40.72,20.90
207300,-0.0000,40.72,20.85
207400,-0.0000,40.72,20.85
207500,-0.0000,40.72,20.85
207600,-0.0000,40.72,20.85
207700,-0.0000,40.72,20.82
207800,-0.0000,40.72,20.75
207900,1.7868,45.28,20.76
208000,1.5496,48.12,20.76
208100,1.2015,51.64,20.72
208200,0.9858,58.00,20.72
208300,-0.0000,60.24,20.67
208400,-0.0000,60.84,20.67
208500,0.9044,60.92,20.56
208600,0.7181,61.24,20.46
208700,0.9997,61.52,20.46
208800,-0.0000,61.96,20.46
208900,1.5589,63.52,20.35
209000,1.0979,63.52,20.29
209100,1.2432,63.52,20.20
209200,-0.0000,64.04,20.19
209300,-0.0000,64.16,20.12
209400,-0.0000,64.44,20.10
209500,-0.0000,64.52,20.10
209600,1.0570,64.52,20.10
209700,0.5307,64.52,19.97
209800,0.3956,64.56,20.03
209900,0.5306,64.84,20.03
210000,-0.0000,65.24,20.03
210100,0.9002,65.28,19.88
210200,-0.0000,66.04,19.95
210300,-0.0000,66.08,19.95
210400,-0.0000,66.48,19.95
210500,1.1774,66.48,19.89
210600,0.5574,66.92,19.89
210700,-0.0000,67.00,19.89
210800,-0.0000,67.32,19.89
210900,-0.0000,67.56,19.82
211000,0.5574,67.56,19.82
211100,0.9997,67.56,19.82
211200,0.9648,67.56,19.82
211300,-0.0000,67.60,19.82
211400,-0.0000,67.72,19.82
211500,-0.0000,67.88,19.82
211600,-0.0000,68.12,19.82
211700,0.1944,68.12,19.72
211800,1.4907,68.12,19.72
211900,-0.0000,68.32,19.72
212000,1.4569,9.60,12.00
212100,0.2423,26.64,55.50
212200,-0.0000,30.68,52.25
212300,-0.0000,32.08,59.00
212400,-0.0000,33.00,59.00
212500,-0.0000,33.04,50.17
212600,-0.0000,33.08,54.17
212700,-0.0000,33.08,54.17
212800,-0.0000,33.12,54.17
212900,-0.0000,33.48,48.50
213000,-0.0000,34.36,51.75
213100,-0.0000,35.16,51.75
213200,-0.0000,35.20,51.75
213300,-0.0000,35.48,47.70
213400,-0.0000,35.48,50.30
213500,-0.0000,35.48,50.30
213600,-0.0000,35.48,50.30
213700,-0.0000,35.60,47.17
213800,-0.0000,35.60,49.33
213900,-0.0000,35.60,49.33
214000,-0.0000,35.60,49.33
214100,-0.0000,35.60,46.71
214200,-0.0000,35.60,50.71
214300,-0.0000,35.68,50.71
214400,-0.0000,35.68,50.71
214500,-0.0000,35.68,48.38
214600,-0.0000,35.72,49.94
214700,-0.0000,35.80,49.94
214800,-0.0000,35.80,49.94
214900,-0.0000,35.80,45.32
215000,-0.0000,35.80,46.63
215100,-0.0000,35.80,46.63
215200,-0.0000,35.84,46.63
215300,-0.0000,35.88,43.09
215400,-0.0000,35.88,44.23
215500,-0.0000,36.04,44.23
215600,-0.0000,36.32,44.23
215700,-0.0000,36.32,41.40
215800,-0.0000,36.32,42.40
215900,-0.0000,36.32,42.40
216000,-0.0000,36.40,42.40
216100,-0.0000,37.04,40.07
216200,-0.0000,37.08,40.96
216300,-0.0000,37.60,40.96
216400,-0.0000,37.68,40.96
216500,-0.0000,37.72,39.00
216600,-0.0000,37.72,39.81
216700,-0.0000,37.72,39.81
216800,-0.0000,37.88,39.81
216900,-0.0000,38.08,38.12
217000,-0.0000,38.08,38.85
217100,-0.0000,38.08,38.85
217200,-0.0000,38.12,38.85
217300,-0.0000,38.12,37.32
217400,-0.0000,38.28,37.97
217500,-0.0000,38.28,37.97
217600,-0.0000,38.60,37.97
217700,-0.0000,38.60,36.62
217800,-0.0000,38.60,37.23
217900,-0.0000,38.60,37.23
218000,-0.0000,38.60,37.23
218100,-0.0000,38.60,36.02
218200,-0.0000,38.60,36.58
218300,-0.0000,38.60,36.58
218400,-0.0000,38.60,36.58
218500,-0.0000,38.60,35.50
218600,-0.0000,38.60,36.02
218700,-0.0000,38.60,36.02
218800,-0.0000,38.60,36.02
218900,-0.0000,38.60,35.04
219000,-0.0000,38.60,35.53
219100,-0.0000,38.60,35.53
219200,-0.0000,38.64,35.53
219300,-0.0000,38.64,34.63
219400,-0.0000,38.64,34.96
219500,-0.0000,38.64,34.96
219600,-0.0000,38.64,34.96
219700,-0.0000,38.64,34.12
219800,-0.0000,38.64,34.54
219900,-0.0000,38.64,34.54
220000,-0.0000,38.64,34.54
220100,-0.0000,38.64,33.76
220200,-0.0000,38.64,34.15
220300,-0.0000,38.64,34.15
220400,-0.0000,38.64,34.15
220500,-0.0000,38.64,33.44
220600,-0.0000,38.64,33.81
220700,-0.0000,38.64,33.81
220800,-0.0000,38.64,33.81
220900,-0.0000,38.64,33.14
221000,-0.0000,38.64,33.49
221100,-0.0000,38.64,33.49
221200,-0.0000,38.64,33.49
221300,-0.0000,38.64,32.87
221400,-0.0000,38.64,33.21
221500,-0.0000,38.64,33.21
221600,-0.0000,38.64,33.21
221700,-0.0000,38.64,32.62
221800,-0.0000,38.64,32.94
221900,-0.0000,38.64,32.94
222000,-0.0000,38.64,32.94
222100,-0.0000,38.64,32.39
222200,-0.0000,38.64,32.70
222300,-0.0000,38.64,32.70
222400,-0.0000,38.64,32.70
222500,-0.0000,38.64,32.16
222600,-0.0000,38.64,32.44
222700,-0.0000,38.64,32.44
222800,-0.0000,38.64,32.44
222900,-0.0000,38.64,31.93
223000,-0.0000,38.64,32.20
223100,-0.0000,38.64,32.20
223200,-0.0000,38.64,32.20
223300,-0.0000,38.64,31.71
223400,-0.0000,38.64,31.98
223500,-0.0000,38.68,31.98
223600,-0.0000,38.76,31.98
223700,-0.0000,38.76,31.51
223800,-0.0000,39.24,31.77
223900,-0.0000,39.24,31.77
224000,-0.0000,39.24,31.77
224100,-0.0000,39.24,31.33
224200,-0.0000,39.24,31.57
224300,-0.0000,39.24,31.57
224400,-0.0000,39.24,31.57
224500,-0.0000,39.24,31.15
224600,-0.0000,39.24,31.39
224700,-0.0000,39.24,31.39
224800,-0.0000,39.24,31.39
224900,-0.0000,39.24,30.98
225000,-0.0000,39.24,31.20
225100,-0.0000,39.24,31.20
225200,-0.0000,39.24,31.20
225300,-0.0000,39.24,30.80
225400,-0.0000,39.24,31.01
225500,-0.0000,39.24,31.01
225600,-0.0000,39.24,31.01
225700,-0.0000,39.24,30.62
225800,-0.0000,39.24,30.83
225900,-0.0000,39.24,30.83
226000,-0.0000,39.24,30.83
226100,-0.0000,39.24,30.46
226200,-0.0000,39.28,30.66
226300,-0.0000,39.28,30.66
226400,-0.0000,39.28,30.66
226500,-0.0000,39.28,30.31
226600,-0.0000,39.32,30.50
226700,-0.0000,39.64,30.50
226800,-0.0000,39.64,30.50
226900,-0.0000,40.28,30.16
227000,-0.0000,41.00,30.35
227100,-0.0000,41.92,30.35
227200,-0.0000,41.92,30.35
227300,-0.0000,42.56,30.03
227400,-0.0000,42.60,30.21
227500,-0.0000,42.60,30.21
227600,-0.0000,42.60,30.21
227700,-0.0000,42.60,29.88
227800,-0.0000,42.72,30.05
227900,-0.0000,43.12,30.05
228000,-0.0000,43.12,30.05
228100,-0.0000,43.28,29.73
228200,-0.0000,43.28,29.90
228300,-0.0000,43.28,29.90
228400,-0.0000,43.28,29.90
228500,-0.0000,43.28,29.59
228600,-0.0000,43.32,29.75
228700,-0.0000,43.32,29.75
228800,-0.0000,43.32,29.75
228900,-0.0000,43.44,29.46
229000,-0.0000,43.48,29.62
229100,-0.0000,43.48,29.62
229200,-0.0000,43.48,29.62
229300,-0.0000,43.48,29.33
229400,-0.0000,43.60,29.48
229500,-0.0000,43.60,29.48
229600,-0.0000,43.60,29.48
229700,-0.0000,43.60,29.21
229800,-0.0000,43.76,29.36
229900,-0.0000,43.76,29.36
230000,-0.0000,43.76,29.36
230100,-0.0000,44.00,29.07
230200,-0.0000,44.36,29.22
230300,-0.0000,44.36,29.22
230400,-0.0000,44.60,29.22
230500,-0.0000,44.60,28.94
230600,-0.0000,44.60,29.08
230700,-0.0000,44.68,29.08
230800,-0.0000,44.68,29.08
230900,-0.0000,44.68,28.81
231000,-0.0000,44.68,28.95
231100,-0.0000,45.08,28.95
231200,-0.0000,45.08,28.95
231300,-0.0000,45.08,28.69
231400,-0.0000,45.24,28.83
231500,-0.0000,45.24,28.83
231600,-0.0000,45.24,28.83
231700,-0.0000,45.24,28.58
231800,-0.0000,45.28,28.71
231900,-0.0000,45.32,28.71
232000,-0.0000,45.32,28.71
232100,-0.0000,45.40,28.46
232200,-0.0000,45.40,28.59
232300,-0.0000,45.40,28.59
232400,-0.0000,45.40,28.59
232500,-0.0000,45.40,28.34
232600,-0.0000,45.40,28.46
232700,-0.0000,45.40,28.46
232800,-0.0000,45.40,28.46
232900,-0.0000,45.40,28.22
233000,-0.0000,45.40,28.34
233100,-0.0000,45.40,28.34
233200,-0.0000,45.40,28.34
233300,-0.0000,45.40,28.10
233400,-0.0000,45.40,28.22
233500,-0.0000,45.40,28.22
233600,-0.0000,45.40,28.22
233700,-0.0000,45.40,27.99
233800,-0.0000,45.40,28.10
233900,-0.0000,45.40,28.10
234000,-0.0000,45.40,28.10
234100,-0.0000,45.40,27.88
234200,-0.0000,45.40,27.99
234300,-0.0000,45.40,27.99
234400,-0.0000,45.40,27.99
234500,-0.0000,45.40,27.77
234600,-0.0000,45.40,27.85
234700,-0.0000,45.40,27.85
234800,-0.0000,45.40,27.85
234900,-0.0000,45.40,27.76
235000,-0.0000,45.40,27.73
235100,-0.0000,45.40,27.73
235200,-0.0000,45.40,27.73
235300,-0.0000,45.40,27.51
235400,-0.0000,45.40,27.61
235500,-0.0000,45.40,27.61
235600,-0.0000,45.40,27.61
235700,-0.0000,45.40,27.38
235800,-0.0000,45.40,27.48
235900,-0.0000,45.52,27.48
236000,-0.0000,45.60,27.48
236100,-0.0000,45.60,27.26
236200,-0.0000,45.60,27.36
236300,-0.0000,45.60,27.36
236400,-0.0000,45.60,27.36
236500,-0.0000,45.60,27.27
236600,-0.0000,45.60,27.27
236700,-0.0000,45.60,27.27
236800,-0.0000,45.60,27.27
236900,-0.0000,45.60,27.20
237000,-0.0000,45.60,27.16
237100,-0.0000,45.60,27.16
237200,-0.0000,45.60,27.16
237300,-0.0000,45.60,27.07
237400,-0.0000,45.60,27.07
237500,-0.0000,45.60,27.07
237600,-0.0000,45.60,27.07
237700,-0.0000,45.60,26.86
237800,-0.0000,45.60,26.94
237900,-0.0000,45.60,26.94
238000,-0.0000,45.60,26.94
238100,1.0213,45.60,26.86
238200,0.4535,45.60,26.86
238300,0.9507,46.24,26.86
238400,1.3892,50.04,26.86
238500,1.0512,52.80,26.76
238600,0.8813,55.16,26.70
238700,1.0000,58.16,26.70
238800,1.4351,61.28,26.70
238900,1.0999,66.16,26.58
239000,1.2642,69.64,26.47
239100,0.9974,70.96,26.47
239200,0.5574,71.00,26.47
239300,0.4690,71.00,26.41
239400,-0.0000,71.12,26.35
239500,-0.0000,71.48,26.29
239600,-0.0000,71.64,26.29
239700,0.7780,71.64,26.17
239800,-0.0000,71.96,26.11
239900,-0.0000,72.20,26.05
240000,-0.0000,72.20,25.99
240100,0.9341,72.24,25.88
240200,0.9580,72.36,25.82
240300,0.1414,72.36,25.82
240400,0.9765,72.84,25.82
240500,0.9648,73.00,25.70
240600,1.4557,73.40,25.58
240700,0.9997,74.36,25.52
240800,0.3659,74.36,25.52
240900,1.5183,74.36,25.41
241000,0.5929,74.40,25.41
241100,0.2423,74.48,25.41
241200,-0.0000,74.64,25.41
241300,-0.0000,13.28,0.00
241400,-0.0000,29.04,22.50
241500,-0.0000,30.44,29.00
241600,-0.0000,32.24,29.00
241700,-0.0000,32.28,26.56
241800,-0.0000,32.28,29.00
241900,-0.0000,32.44,29.00
242000,-0.0000,32.72,29.00
242100,-0.0000,32.76,26.92
242200,-0.0000,32.80,29.00
242300,-0.0000,33.28,29.00
242400,-0.0000,33.64,29.00
242500,-0.0000,33.64,27.33
242600,-0.0000,33.64,29.00
242700,-0.0000,33.64,29.00
242800,-0.0000,33.64,29.00
242900,-0.0000,33.64,27.61
243000,-0.0000,33.72,29.00
243100,-0.0000,33.72,29.00
243200,-0.0000,33.72,29.00
243300,-0.0000,33.72,27.81
243400,-0.0000,33.72,29.00
243500,-0.0000,33.72,29.00
243600,-0.0000,33.72,29.00
243700,-0.0000,34.04,27.88
243800,-0.0000,34.04,28.88
243900,-0.0000,34.04,28.88
244000,-0.0000,34.04,28.88
244100,-0.0000,34.04,27.89
244200,-0.0000,34.04,28.78
244300,-0.0000,34.60,28.78
244400,-0.0000,34.64,28.78
244500,-0.0000,34.64,27.90
244600,-0.0000,34.88,28.70
244700,-0.0000,34.92,28.70
244800,-0.0000,34.96,28.70
244900,-0.0000,35.00,27.91
245000,-0.0000,35.00,28.62
245100,-0.0000,35.00,28.62
245200,-0.0000,35.00,28.62
245300,-0.0000,35.00,27.92
245400,-0.0000,35.00,28.57
245500,-0.0000,35.00,28.57
245600,-0.0000,35.00,28.57
245700,-0.0000,35.00,27.93
245800,-0.0000,35.04,28.52
245900,-0.0000,35.04,28.52
246000,-0.0000,35.04,28.52
246100,-0.0000,35.12,27.93
246200,-0.0000,35.12,28.49
246300,-0.0000,35.12,28.49
246400,-0.0000,35.12,28.49
246500,-0.0000,35.20,27.89
246600,-0.0000,35.20,28.39
246700,-0.0000,35.24,28.39
246800,-0.0000,35.24,28.39
246900,-0.0000,35.28,27.84
247000,-0.0000,35.36,28.31
247100,-0.0000,35.56,28.31
247200,-0.0000,35.64,28.31
247300,-0.0000,36.20,27.79
247400,-0.0000,36.80,28.23
247500,-0.0000,36.80,28.23
247600,-0.0000,36.80,28.23
247700,-0.0000,36.80,27.75
247800,-0.0000,37.16,28.16
247900,-0.0000,37.16,28.16
248000,-0.0000,37.60,28.16
248100,-0.0000,37.88,27.71
248200,-0.0000,37.88,28.10
248300,-0.0000,37.88,28.10
248400,-0.0000,37.88,28.10
248500,-0.0000,38.36,27.67
248600,-0.0000,39.24,28.05
248700,-0.0000,39.24,28.05
248800,-0.0000,39.44,28.05
248900,-0.0000,39.52,27.61
249000,-0.0000,39.52,27.95
249100,-0.0000,39.56,27.95
249200,-0.0000,39.60,27.95
249300,-0.0000,39.96,27.54
249400,-0.0000,40.36,27.87
249500,-0.0000,40.36,27.87
249600,-0.0000,40.36,27.87
249700,-0.0000,40.36,27.47
249800,-0.0000,40.44,27.79
249900,-0.0000,40.68,27.79
250000,-0.0000,40.92,27.79
250100,-0.0000,41.52,27.41
250200,-0.0000,41.52,27.71
250300,-0.0000,41.64,27.71
250400,-0.0000,41.76,27.71
250500,-0.0000,41.76,27.36
250600,-0.0000,41.76,27.64
250700,-0.0000,41.76,27.64
250800,-0.0000,41.76,27.64
250900,-0.0000,41.88,27.30
251000,-0.0000,41.88,27.56
251100,-0.0000,41.92,27.56
251200,-0.0000,41.92,27.56
251300,-0.0000,42.40,27.25
251400,-0.0000,42.48,27.51
251500,-0.0000,42.84,27.51
251600,-0.0000,43.64,27.51
251700,-0.0000,43.64,27.17
251800,-0.0000,43.64,27.39
251900,-0.0000,43.64,27.39
252000,-0.0000,43.64,27.39
252100,-0.0000,44.12,27.07
252200,-0.0000,44.12,27.31
252300,-0.0000,44.12,27.31
252400,-0.0000,44.12,27.31
252500,-0.0000,44.24,27.29
252600,-0.0000,44.44,27.29
252700,-0.0000,45.28,27.29
252800,-0.0000,45.48,27.29
252900,-0.0000,45.96,27.29
253000,-0.0000,46.00,27.24
253100,-0.0000,46.44,27.24
253200,-0.0000,47.20,27.24
253300,-0.0000,47.80,27.18
253400,-0.0000,48.04,27.13
253500,-0.0000,48.08,27.13
253600,-0.0000,48.08,27.13
253700,-0.0000,48.08,27.06
253800,-0.0000,48.08,26.94
253900,-0.0000,48.08,26.94
254000,-0.0000,48.40,26.94
254100,-0.0000,48.72,26.58
254200,-0.0000,48.88,26.76
254300,-0.0000,48.92,26.76
254400,-0.0000,48.92,26.76
254500,-0.0000,48.92,26.65
254600,-0.0000,48.92,26.56
254700,-0.0000,48.92,26.59
254800,-0.0000,48.92,26.59
254900,-0.0000,48.92,26.26
255000,-0.0000,48.92,26.42
255100,-0.0000,48.92,26.42
255200,-0.0000,48.92,26.42
255300,-0.0000,48.92,26.10
255400,-0.0000,48.92,26.24
255500,-0.0000,48.92,26.24
255600,-0.0000,49.16,26.24
255700,-0.0000,49.44,25.93
255800,-0.0000,49.48,26.07
255900,-0.0000,49.48,26.07
256000,-0.0000,49.48,26.07
256100,-0.0000,49.48,25.78
256200,-0.0000,49.48,25.86
256300,-0.0000,49.48,25.86
256400,-0.0000,49.48,25.86
256500,-0.0000,49.48,25.59
256600,-0.0000,49.48,25.71
256700,-0.0000,49.48,25.71
256800,-0.0000,49.48,25.71
256900,-0.0000,49.48,25.45
257000,-0.0000,49.48,25.57
257100,-0.0000,49.48,25.57
257200,-0.0000,49.48,25.57
257300,-0.0000,49.48,25.32
257400,-0.0000,49.72,25.40
257500,-0.0000,49.72,25.40
257600,-0.0000,49.72,25.40
257700,-0.0000,49.72,25.16
257800,-0.0000,49.92,25.23
257900,-0.0000,49.92,25.23
258000,-0.0000,49.92,25.23
258100,-0.0000,49.92,24.98
258200,-0.0000,49.92,25.09
258300,-0.0000,49.92,25.09
258400,-0.0000,49.92,25.09
258500,-0.0000,49.92,24.85
258600,-0.0000,49.92,24.91
258700,-0.0000,49.92,24.91
258800,-0.0000,49.92,24.91
258900,-0.0000,49.92,24.68
259000,-0.0000,49.92,24.79
259100,-0.0000,49.92,24.79
259200,-0.0000,49.92,24.79
259300,-0.0000,49.92,24.56
259400,-0.0000,49.92,24.66
259500,-0.0000,49.92,24.66
259600,-0.0000,49.92,24.66
259700,-0.0000,49.92,24.45
259800,-0.0000,49.92,24.55
259900,-0.0000,49.92,24.51
260000,-0.0000,49.92,24.51
260100,-0.0000,49.92,24.29
260200,-0.0000,50.28,24.39
260300,-0.0000,50.28,24.39
260400,-0.0000,50.28,24.39
260500,-0.0000,50.28,24.17
260600,-0.0000,50.28,24.26
260700,-0.0000,50.28,24.26
260800,0.7015,50.28,24.26
260900,0.1748,50.28,24.06
261000,0.9896,50.28,24.14
261100,0.7602,51.88,24.14
261200,0.9765,53.08,24.14
261300,0.8871,56.36,24.14
261400,0.7602,59.52,24.14
261500,-0.0000,60.60,24.14
261600,-0.0000,61.12,24.14
261700,-0.0000,62.04,24.14
261800,-0.0000,62.36,24.14
261900,0.5842,62.64,24.14
262000,-0.0000,62.64,24.14
262100,0.7950,62.92,24.03
262200,1.5314,63.32,24.03
262300,-0.0000,63.52,24.03
262400,1.6080,64.16,24.03
262500,0.0808,65.12,23.81
262600,-0.0000,65.48,23.81
262700,-0.0000,65.72,23.85
262800,-0.0000,65.72,23.85
262900,-0.0000,66.08,23.70
263000,-0.0000,66.08,23.79
263100,-0.0000,66.12,23.79
263200,-0.0000,66.16,23.79
263300,-0.0000,66.16,23.63
263400,-0.0000,66.20,23.72
263500,-0.0000,66.40,23.72
263600,-0.0000,66.40,23.72
263700,-0.0000,66.40,23.55
263800,-0.0000,66.40,23.64
263900,-0.0000,66.40,23.64
264000,-0.0000,66.40,23.64
264100,-0.0000,66.52,23.47
264200,-0.0000,66.52,23.56
264300,-0.0000,66.52,23.56
264400,-0.0000,66.52,23.56
264500,-0.0000,66.52,23.39
264600,-0.0000,66.52,23.48
264700,-0.0000,66.52,23.48
264800,-0.0000,66.68,23.48
264900,-0.0000,66.68,23.33
265000,-0.0000,66.72,23.41
265100,-0.0000,66.72,23.41
265200,-0.0000,66.72,23.41
265300,-0.0000,66.72,23.26
265400,-0.0000,66.72,23.34
265500,-0.0000,66.72,23.34
265600,-0.0000,66.72,23.34
265700,-0.0000,66.72,23.19
265800,-0.0000,66.72,23.27
265900,-0.0000,66.72,23.27
266000,-0.0000,66.72,23.27
266100,-0.0000,66.72,23.12
266200,-0.0000,66.72,23.20
266300,-0.0000,66.80,23.20
266400,-0.0000,66.80,23.20
266500,-0.0000,66.84,23.05
266600,-0.0000,66.84,23.12
266700,-0.0000,66.84,23.12
266800,-0.0000,66.84,23.12
266900,0.7239,66.84,22.97
267000,1.0503,67.08,23.02
267100,0.5307,67.08,23.02
267200,0.5043,67.08,23.02
267300,0.4623,67.08,22.87
267400,0.2412,67.08,22.95
267500,0.5574,67.12,22.95
267600,0.0808,67.24,22.95
267700,0.7950,67.36,22.89
267800,1.3801,67.40,22.89
267900,1.0701,67.40,22.89
268000,1.1803,68.04,22.89
268100,1.5491,68.40,22.81
268200,0.8819,68.40,22.81
268300,0.9765,68.40,22.81
268400,0.9580,68.40,22.81
268500,1.5083,71.40,22.77
268600,2.0238,77.08,22.77
268700,1.5200,80.84,22.73
268800,0.7015,82.72,22.73
268900,0.5842,83.96,22.69
269000,1.4342,25.24,0.00
269100,-0.0000,29.68,0.00
269200,-0.0000,29.96,18.00
269300,-0.0000,30.20,18.00
269400,-0.0000,30.36,18.00
269500,-0.0000,30.36,18.00
269600,-0.0000,30.36,17.73
269700,-0.0000,30.40,17.62
269800,-0.0000,30.40,17.53
269900,-0.0000,30.40,17.53
270000,-0.0000,30.40,17.53
270100,-0.0000,30.40,17.28
270200,-0.0000,30.40,16.53
270300,-0.0000,30.40,17.15
270400,-0.0000,30.44,17.15
270500,-0.0000,30.44,17.05
270600,-0.0000,30.48,16.96
270700,-0.0000,30.48,16.96
270800,-0.0000,30.52,16.96
270900,-0.0000,30.64,16.79
271000,-0.0000,31.04,16.60
271100,-0.0000,31.28,15.82
271200,1.5161,31.40,15.82
271300,0.6098,31.40,15.52
271400,-0.0000,31.40,14.97
271500,-0.0000,31.40,14.72
271600,-0.0000,31.40,14.45
271700,0.3659,31.40,13.75
271800,-0.0000,31.56,13.75
271900,-0.0000,31.56,13.75
272000,-0.0000,31.56,13.75
272100,0.4999,31.56,13.29
272200,-0.0000,31.68,12.68
272300,-0.0000,31.92,12.68
272400,-0.0000,31.96,12.50
272500,0.0808,31.96,12.00
272600,-0.0000,32.20,11.83
272700,-0.0000,32.20,11.66
272800,-0.0000,32.20,11.50
272900,-0.0000,32.28,11.00
273000,-0.0000,32.28,10.92
273100,-0.0000,32.28,10.92
273200,-0.0000,32.32,10.77
273300,-0.0000,32.32,10.49
273400,0.2787,28.20,25.00
273500,-0.0000,29.20,22.33
273600,-0.0000,29.24,26.00
273700,-0.0000,29.28,24.40
273800,-0.0000,29.36,26.00
273900,-0.0000,29.36,26.00
274000,-0.0000,29.40,26.00
274100,-0.0000,29.60,24.31
274200,-0.0000,29.60,26.00
274300,-0.0000,30.24,26.00
274400,-0.0000,31.56,26.00
274500,-0.0000,32.40,24.62
274600,-0.0000,32.48,26.00
274700,-0.0000,32.48,26.00
274800,-0.0000,32.48,26.00
274900,-0.0000,32.60,24.84
275000,-0.0000,33.52,26.00
275100,-0.0000,33.56,26.00
275200,-0.0000,33.80,26.00
275300,-0.0000,33.80,24.86
275400,-0.0000,33.80,25.86
275500,-0.0000,34.24,25.86
275600,-0.0000,34.24,25.86
275700,-0.0000,34.24,24.92
275800,-0.0000,34.24,25.76
275900,-0.0000,34.24,25.76
276000,-0.0000,34.28,25.76
276100,-0.0000,34.28,24.93
276200,-0.0000,34.84,25.68
276300,-0.0000,34.84,25.68
276400,-0.0000,35.12,25.68
276500,-0.0000,35.12,24.94
276600,-0.0000,35.16,25.61
276700,-0.0000,35.16,25.61
276800,-0.0000,35.16,25.61
276900,-0.0000,35.16,24.94
277000,-0.0000,35.16,25.56
277100,-0.0000,35.16,25.56
277200,-0.0000,35.16,25.56
277300,-0.0000,35.44,24.95
277400,-0.0000,35.44,25.51
277500,-0.0000,35.44,25.51
277600,-0.0000,35.44,25.51
277700,-0.0000,35.44,24.95
277800,-0.0000,35.44,25.46
277900,-0.0000,35.56,25.46
278000,-0.0000,35.56,25.46
278100,-0.0000,35.60,24.84
278200,-0.0000,35.64,25.36
278300,-0.0000,35.64,25.36
278400,-0.0000,35.64,25.36
278500,-0.0000,36.08,24.83
278600,-0.0000,36.08,25.28
278700,-0.0000,36.08,25.28
278800,-0.0000,36.08,25.28
278900,-0.0000,36.08,25.22
279000,-0.0000,36.08,25.22
279100,-0.0000,36.12,25.22
279200,-0.0000,36.12,25.22
279300,-0.0000,36.12,25.18
279400,-0.0000,36.12,25.18
279500,-0.0000,36.16,25.18
279600,-0.0000,36.16,25.18
279700,-0.0000,36.20,25.12
279800,-0.0000,36.56,25.12
279900,-0.0000,36.56,25.12
280000,-0.0000,36.60,25.12
280100,-0.0000,36.92,25.04
280200,-0.0000,37.52,25.04
280300,-0.0000,37.52,25.04
280400,-0.0000,37.52,25.04
280500,-0.0000,37.52,24.94
280600,-0.0000,38.24,24.94
280700,-0.0000,38.28,24.94
280800,-0.0000,38.32,24.94
280900,-0.0000,38.40,24.83
281000,-0.0000,38.96,24.83
281100,0.7973,20.80,0.00
281200,-0.0000,28.36,27.00
281300,-0.0000,31.08,28.67
281400,-0.0000,31.60,28.67
281500,-0.0000,31.60,28.50
281600,-0.0000,32.24,28.50
281700,-0.0000,32.60,28.33
281800,-0.0000,32.76,28.29
281900,-0.0000,32.76,28.29
282000,-0.0000,32.76,28.29
282100,-0.0000,32.80,25.90
282200,-0.0000,32.84,28.20
282300,-0.0000,32.88,28.20
282400,-0.0000,32.92,28.20
282500,-0.0000,32.92,28.09
282600,-0.0000,32.92,28.09
282700,-0.0000,32.92,28.09
282800,-0.0000,32.96,28.09
282900,-0.0000,33.00,27.92
283000,-0.0000,33.00,27.92
283100,-0.0000,33.00,27.92
283200,-0.0000,33.00,27.92
283300,-0.0000,33.00,27.69
283400,-0.0000,33.00,27.69
283500,-0.0000,33.04,27.69
283600,-0.0000,33.04,27.69
283700,-0.0000,33.04,27.43
283800,-0.0000,33.04,27.43
283900,-0.0000,33.04,27.43
284000,-0.0000,33.04,27.43
284100,-0.0000,33.04,27.13
284200,-0.0000,33.04,27.13
284300,-0.0000,33.04,27.13
284400,-0.0000,33.04,27.13
284500,-0.0000,33.08,26.81
284600,-0.0000,33.08,26.81
284700,-0.0000,33.08,26.81
284800,-0.0000,33.08,26.81
284900,-0.0000,33.08,26.47
285000,-0.0000,33.24,26.47
285100,-0.0000,33.28,26.47
285200,-0.0000,33.68,26.47
285300,-0.0000,34.00,26.11
285400,-0.0000,34.00,26.11
285500,-0.0000,34.16,26.11
285600,-0.0000,34.32,26.11
285700,-0.0000,34.32,25.74
285800,-0.0000,34.60,25.74
285900,-0.0000,34.76,25.74
286000,1.1558,34.76,25.74
286100,1.7309,40.64,25.30
286200,1.4948,55.96,25.30
286300,1.1884,61.20,24.71
286400,-0.0000,62.04,24.18
286500,1.2327,62.88,23.17
286600,-0.0000,63.08,23.17
286700,1.6883,11.32,25.00
286800,-0.0000,30.32,21.20
286900,-0.0000,34.40,23.88
287000,-0.0000,35.96,25.00
287100,-0.0000,36.76,25.00
287200,-0.0000,36.80,25.00
287300,-0.0000,37.64,23.25
287400,-0.0000,37.64,25.00
287500,-0.0000,37.64,25.00
287600,-0.0000,37.64,25.00
287700,-0.0000,37.64,23.60
287800,-0.0000,37.68,25.00
287900,-0.0000,37.68,25.00
288000,-0.0000,37.80,25.00
288100,-0.0000,38.08,23.83
288200,-0.0000,38.08,25.00
288300,-0.0000,38.08,25.00
288400,-0.0000,38.08,25.00
288500,-0.0000,38.08,23.95
288600,-0.0000,38.08,25.00
288700,-0.0000,38.08,25.00
288800,-0.0000,38.20,25.00
288900,-0.0000,38.52,24.08
289000,-0.0000,38.52,25.00
289100,-0.0000,38.52,25.00
289200,-0.0000,38.64,25.00
289300,-0.0000,38.68,24.11
289400,-0.0000,38.68,24.89
289500,-0.0000,38.68,24.89
289600,-0.0000,38.68,24.89
289700,-0.0000,39.16,24.10
289800,-0.0000,39.16,24.80
289900,-0.0000,39.16,24.80
290000,-0.0000,39.52,24.80
290100,-0.0000,39.52,24.12
290200,-0.0000,39.52,24.73
290300,-0.0000,39.52,24.73
290400,-0.0000,39.52,24.73
290500,-0.0000,39.52,24.11
290600,-0.0000,39.52,24.67
290700,-0.0000,39.52,24.67
290800,-0.0000,39.52,24.67
290900,-0.0000,39.84,24.10
291000,-0.0000,39.84,24.62
291100,-0.0000,39.84,24.62
291200,-0.0000,39.84,24.62
291300,-0.0000,39.84,24.10
291400,-0.0000,39.84,24.57
291500,-0.0000,39.84,24.57
291600,-0.0000,39.84,24.57
291700,-0.0000,39.84,24.09
291800,-0.0000,39.84,24.53
291900,-0.0000,39.84,24.53
292000,-0.0000,39.84,24.53
292100,-0.0000,39.84,24.04
292200,-0.0000,39.84,24.44
292300,-0.0000,39.84,24.44
292400,-0.0000,39.84,24.44
292500,-0.0000,39.84,23.96
292600,-0.0000,39.84,24.35
292700,-0.0000,39.84,24.35
292800,-0.0000,39.84,24.35
292900,-0.0000,39.84,23.93
293000,-0.0000,39.84,24.28
293100,-0.0000,39.84,24.28
293200,-0.0000,39.84,24.28
293300,-0.0000,39.84,23.86
293400,-0.0000,39.84,24.21
293500,-0.0000,39.84,24.21
293600,-0.0000,39.84,24.21
293700,-0.0000,39.84,23.83
293800,-0.0000,39.84,24.15
293900,-0.0000,39.84,24.15
294000,-0.0000,39.84,24.15
294100,-0.0000,39.84,23.79
294200,-0.0000,39.84,24.10
294300,-0.0000,39.84,24.10
294400,-0.0000,39.84,24.10
294500,-0.0000,39.84,23.76
294600,-0.0000,39.84,24.05
294700,-0.0000,39.84,24.05
294800,-0.0000,39.84,24.05
294900,-0.0000,39.84,23.71
295000,-0.0000,39.84,23.99
295100,-0.0000,39.84,23.99
295200,-0.0000,39.84,23.99
295300,-0.0000,39.84,23.65
295400,-0.0000,39.84,23.90
295500,-0.0000,39.84,23.90
295600,-0.0000,39.84,23.90
295700,-0.0000,39.84,23.57
295800,-0.0000,39.84,23.83
295900,-0.0000,39.84,23.83
296000,-0.0000,39.84,23.83
296100,-0.0000,39.84,23.53
296200,-0.0000,39.84,23.76
296300,-0.0000,39.84,23.76
296400,-0.0000,39.84,23.76
296500,-0.0000,39.84,23.47
296600,-0.0000,39.84,23.69
296700,-0.0000,39.84,23.69
296800,-0.0000,39.84,23.69
296900,-0.0000,39.84,23.42
297000,-0.0000,39.84,23.63
297100,-0.0000,39.84,23.63
297200,-0.0000,39.84,23.63
297300,-0.0000,39.84,23.37
297400,-0.0000,39.84,23.57
297500,-0.0000,39.84,23.57
297600,-0.0000,39.84,23.57
297700,-0.0000,39.84,23.32
297800,-0.0000,39.88,23.52
297900,-0.0000,39.88,23.52
298000,-0.0000,39.92,23.52
298100,-0.0000,39.96,23.26
298200,-0.0000,39.96,23.44
298300,-0.0000,39.96,23.44
298400,-0.0000,39.96,23.44
298500,-0.0000,40.04,23.19
298600,-0.0000,40.04,23.36
298700,-0.0000,40.04,23.36
298800,-0.0000,40.04,23.36
298900,-0.0000,40.04,23.12
299000,-0.0000,40.04,23.29
299100,-0.0000,40.04,23.29
299200,-0.0000,40.08,23.29
299300,-0.0000,40.12,23.05
299400,-0.0000,40.12,23.23
299500,-0.0000,40.12,23.23
299600,-0.0000,40.12,23.23
299700,-0.0000,40.12,23.16
299800,-0.0000,40.12,23.13
299900,-0.0000,40.12,23.13
300000,-0.0000,40.12,23.13
300100,-0.0000,40.12,22.89
300200,-0.0000,40.12,23.05
300300,-0.0000,40.12,23.05
300400,-0.0000,40.16,23.05
300500,-0.0000,40.44,22.81
300600,-0.0000,40.48,22.96
300700,-0.0000,40.48,22.96
300800,-0.0000,40.48,22.96
300900,-0.0000,40.52,22.74
301000,-0.0000,40.52,22.89
301100,-0.0000,40.52,22.89
301200,-0.0000,40.52,22.89
301300,-0.0000,42.20,22.67
301400,-0.0000,42.32,22.81
301500,-0.0000,43.52,22.81
301600,-0.0000,43.60,22.81
301700,-0.0000,43.60,22.57
301800,-0.0000,43.60,22.72
301900,-0.0000,44.36,22.72
302000,-0.0000,44.36,22.72
302100,-0.0000,45.32,22.66
302200,-0.0000,45.52,22.66
302300,-0.0000,45.56,22.66
302400,-0.0000,45.56,22.66
302500,-0.0000,45.72,22.60
302600,-0.0000,45.76,22.60
302700,-0.0000,45.76,22.60
302800,-0.0000,45.76,22.60
302900,-0.0000,45.92,22.54
303000,-0.0000,45.92,22.54
303100,-0.0000,45.92,22.54
303200,-0.0000,45.96,22.54
303300,-0.0000,45.96,22.47
303400,-0.0000,45.96,22.47
303500,-0.0000,45.96,22.47
303600,-0.0000,45.96,22.47
303700,-0.0000,45.96,22.24
303800,-0.0000,45.96,22.37
303900,-0.0000,46.00,22.37
304000,-0.0000,46.00,22.37
304100,-0.0000,46.00,22.30
304200,-0.0000,46.00,22.30
304300,-0.0000,46.00,22.30
304400,-0.0000,46.00,22.30
304500,-0.0000,46.08,22.22
304600,-0.0000,46.08,22.22
304700,-0.0000,46.08,22.22
304800,-0.0000,46.08,22.22
304900,-0.0000,46.08,22.00
305000,-0.0000,46.08,22.11
305100,-0.0000,46.12,22.11
305200,-0.0000,46.12,22.11
305300,-0.0000,46.12,22.04
305400,-0.0000,46.12,22.04
305500,-0.0000,46.12,22.04
305600,-0.0000,46.12,22.04
305700,-0.0000,46.12,21.83
305800,-0.0000,46.12,21.90
305900,-0.0000,46.12,21.90
306000,-0.0000,46.12,21.90
306100,-0.0000,46.12,21.82
306200,-0.0000,46.12,21.82
306300,-0.0000,46.16,21.82
306400,-0.0000,46.16,21.82
306500,-0.0000,46.16,21.78
306600,-0.0000,46.28,21.78
306700,0.4153,46.28,21.78
306800,1.8003,46.28,21.78
306900,0.3871,46.28,21.67
307000,0.3274,46.28,21.52
307100,0.1414,46.48,21.52
307200,1.3109,46.72,21.52
307300,0.3263,24.48,25.00
307400,-0.0000,28.52,24.33
307500,-0.0000,29.56,24.33
307600,-0.0000,29.88,24.33
307700,-0.0000,30.40,24.20
307800,-0.0000,30.64,24.20
307900,-0.0000,30.88,24.20
308000,-0.0000,30.92,21.83
308100,-0.0000,30.92,23.75
308200,-0.0000,30.96,23.75
308300,-0.0000,31.76,23.75
308400,-0.0000,31.88,23.75
308500,-0.0000,32.12,23.56
308600,-0.0000,32.12,22.09
308700,-0.0000,32.12,23.18
308800,-0.0000,32.48,23.18
308900,-0.0000,32.76,23.00
309000,-0.0000,33.40,23.00
309100,-0.0000,34.32,23.00
309200,-0.0000,34.64,23.00
309300,-0.0000,35.08,22.77
309400,-0.0000,35.28,22.40
309500,-0.0000,35.68,22.40
309600,-0.0000,36.00,22.40
309700,-0.0000,36.28,22.19
309800,-0.0000,36.36,22.00
309900,-0.0000,37.08,22.00
310000,-0.0000,37.92,22.00
310100,-0.0000,38.92,21.78
310200,-0.0000,39.32,21.78
310300,-0.0000,39.56,21.78
310400,-0.0000,40.72,21.78
310500,-0.0000,40.72,21.53
310600,-0.0000,40.72,21.53
310700,-0.0000,40.80,21.53
310800,-0.0000,40.80,21.53
310900,-0.0000,40.84,21.25
311000,-0.0000,41.00,20.50
311100,0.7128,42.32,20.77
311200,0.4256,46.72,20.77
311300,1.4003,50.76,20.77
311400,0.9324,52.92,20.35
311500,0.3412,29.80,27.00
311600,-0.0000,29.80,27.00
311700,-0.0000,33.20,27.00
311800,-0.0000,34.56,27.00
311900,-0.0000,34.76,27.00
312000,-0.0000,34.84,27.00
312100,-0.0000,34.92,26.86
312200,-0.0000,34.92,26.75
312300,-0.0000,35.28,26.75
312400,-0.0000,35.28,26.75
312500,-0.0000,35.28,26.56
312600,-0.0000,35.28,26.40
312700,-0.0000,35.28,26.40
312800,-0.0000,35.32,26.40
312900,-0.0000,35.32,26.18
313000,-0.0000,35.32,26.00
313100,-0.0000,35.32,26.00
313200,-0.0000,35.60,25.77
313300,-0.0000,35.76,25.40
313400,-0.0000,35.76,25.40
313500,-0.0000,35.76,24.06
313600,-0.0000,35.76,25.00
313700,-0.0000,35.80,24.83
313800,-0.0000,36.28,24.83
313900,-0.0000,36.28,24.83
314000,-0.0000,36.28,24.83
314100,-0.0000,36.28,24.68
314200,-0.0000,36.60,24.50
314300,-0.0000,36.60,24.33
314400,-0.0000,36.60,24.33
314500,-0.0000,36.60,24.18
314600,-0.0000,36.60,24.18
314700,-0.0000,36.60,24.18
314800,-0.0000,36.60,24.18
314900,-0.0000,36.60,24.00
315000,-0.0000,36.60,24.00
315100,-0.0000,36.60,23.79
315200,-0.0000,37.20,23.79
315300,-0.0000,37.96,23.60
315400,-0.0000,38.12,23.60
315500,-0.0000,38.16,23.60
315600,-0.0000,38.44,23.60
315700,-0.0000,38.68,23.38
315800,-0.0000,38.76,23.38
315900,0.5690,38.88,23.38
316000,1.8026,46.00,23.38
316100,1.3205,48.68,23.38
316200,0.0808,49.36,22.79
316300,-0.0000,49.48,22.79
316400,0.9988,59.24,22.79
316500,1.5826,63.00,22.07
316600,0.5389,63.16,21.90
316700,1.6499,63.52,21.90
316800,0.9428,63.84,21.90
316900,0.9873,66.32,21.59
317000,0.3664,30.68,0.00
317100,-0.0000,37.96,16.50
317200,-0.0000,39.36,20.67
317300,-0.0000,40.40,23.17
317400,-0.0000,41.00,27.00
317500,-0.0000,41.72,27.00
317600,-0.0000,42.56,27.00
317700,-0.0000,42.56,27.00
317800,-0.0000,43.32,26.92
317900,-0.0000,44.12,26.73
318000,-0.0000,45.04,25.65
318100,-0.0000,47.24,26.20
318200,-0.0000,47.32,26.52
318300,-0.0000,47.36,26.52
318400,-0.0000,47.44,26.52
318500,-0.0000,48.16,25.48
318600,-0.0000,48.20,25.65
318700,-0.0000,48.24,26.42
318800,-0.0000,48.24,25.82
318900,-0.0000,48.24,26.16
319000,-0.0000,48.24,26.34
319100,-0.0000,48.24,26.33
319200,-0.0000,48.24,26.33
319300,-0.0000,48.24,25.54
319400,-0.0000,48.32,26.19
319500,-0.0000,48.32,25.55
319600,-0.0000,48.36,26.10
319700,-0.0000,49.84,25.70
319800,-0.0000,52.88,25.98
319900,-0.0000,58.32,25.43
320000,-0.0000,59.56,25.96
320100,-0.0000,59.56,25.72
320200,-0.0000,59.60,25.90
320300,-0.0000,59.80,25.88
320400,-0.0000,59.80,25.88
320500,-0.0000,59.84,25.81
320600,-0.0000,59.84,25.80
320700,-0.0000,59.88,25.79
320800,-0.0000,59.88,25.79
320900,-0.0000,61.72,25.77
321000,-0.0000,62.72,25.77
321100,-0.0000,62.72,25.76
321200,-0.0000,62.72,25.63
321300,-0.0000,63.04,25.65
321400,-0.0000,63.08,25.59
321500,-0.0000,63.08,25.57
321600,-0.0000,63.08,25.55
321700,-0.0000,63.08,25.48
321800,-0.0000,63.72,25.46
321900,-0.0000,63.72,25.46
322000,-0.0000,63.76,25.44
322100,-0.0000,64.92,25.44
322200,-0.0000,65.88,25.18
322300,-0.0000,65.88,25.12
322400,-0.0000,65.88,25.12
322500,-0.0000,65.88,24.78
322600,-0.0000,65.88,24.56
322700,-0.0000,65.88,24.56
322800,-0.0000,65.88,24.35
322900,-0.0000,65.88,24.14
323000,-0.0000,65.92,23.86
323100,-0.0000,65.92,23.86
323200,-0.0000,65.92,23.86
323300,-0.0000,65.92,23.66
323400,-0.0000,65.92,23.66
323500,-0.0000,65.92,23.56
323600,-0.0000,65.92,23.56
323700,-0.0000,65.92,23.35
323800,-0.0000,65.92,23.25
323900,-0.0000,65.92,23.25
324000,-0.0000,65.92,23.25
324100,-0.0000,65.92,23.05
324200,-0.0000,65.92,22.74
324300,-0.0000,65.92,22.84
324400,-0.0000,65.92,22.84
324500,-0.0000,65.96,22.55
324600,-0.0000,65.96,22.55
324700,-0.0000,65.96,22.44
324800,-0.0000,65.96,22.44
324900,-0.0000,65.96,22.24
325000,-0.0000,65.96,22.04
325100,-0.0000,66.16,22.04
325200,-0.0000,66.16,22.04
325300,-0.0000,66.16,21.83
325400,-0.0000,66.16,21.73
325500,-0.0000,66.16,21.73
325600,-0.0000,66.16,21.73
325700,-0.0000,66.16,21.40
325800,-0.0000,66.16,21.32
325900,-0.0000,66.16,21.32
326000,-0.0000,66.16,21.22
326100,0.7950,66.16,21.03
326200,-0.0000,66.16,20.93
326300,-0.0000,66.16,20.83
326400,-0.0000,66.16,20.83
326500,0.8687,66.16,20.63
326600,0.2423,66.16,20.63
326700,-0.0000,66.16,20.53
326800,-0.0000,66.16,20.43
326900,-0.0000,66.16,20.22
327000,-0.0000,66.16,19.98
327100,-0.0000,66.16,20.02
327200,-0.0000,66.16,20.02
327300,0.5574,66.16,19.58
327400,-0.0000,66.16,19.52
327500,-0.0000,66.16,19.33
327600,-0.0000,66.16,19.33
327700,0.7219,66.16,19.14
327800,-0.0000,66.16,19.05
327900,-0.0000,66.16,18.96
328000,-0.0000,66.16,18.96
328100,-0.0000,66.16,18.77
328200,-0.0000,66.16,18.49
328300,-0.0000,66.16,18.49
328400,-0.0000,66.16,18.49
328500,0.0808,66.16,18.30
328600,0.7950,66.16,18.03
328700,-0.0000,66.16,18.03
328800,0.3659,66.16,17.93
328900,-0.0000,21.84,25.00
329000,-0.0000,21.96,22.17
329100,-0.0000,31.28,25.00
329200,-0.0000,31.56,25.00
329300,-0.0000,33.16,23.10
329400,-0.0000,33.92,25.00
329500,-0.0000,33.96,25.00
329600,-0.0000,34.12,25.00
329700,-0.0000,34.16,23.31
329800,-0.0000,34.60,25.00
329900,-0.0000,35.24,25.00
330000,-0.0000,35.60,25.00
330100,-0.0000,35.84,24.87
330200,-0.0000,35.84,24.81
330300,-0.0000,35.88,24.81
330400,-0.0000,35.88,24.81
330500,-0.0000,35.92,23.63
330600,-0.0000,35.92,24.68
330700,-0.0000,35.92,24.68
330800,-0.0000,35.92,24.68
330900,-0.0000,35.92,23.64
331000,-0.0000,35.92,24.59
331100,-0.0000,35.92,24.59
331200,-0.0000,35.92,24.59
331300,-0.0000,35.92,23.72
331400,-0.0000,36.00,24.52
331500,-0.0000,36.04,24.52
331600,-0.0000,36.04,24.52
331700,-0.0000,36.04,23.75
331800,-0.0000,36.20,24.46
331900,-0.0000,36.28,24.46
332000,-0.0000,36.28,24.46
332100,-0.0000,36.28,23.74
332200,-0.0000,36.28,24.42
332300,-0.0000,36.28,24.42
332400,-0.0000,36.28,24.42
332500,-0.0000,36.32,23.79
332600,-0.0000,36.56,24.38
332700,-0.0000,36.56,24.38
332800,-0.0000,36.64,24.38
332900,-0.0000,36.64,23.76
333000,-0.0000,36.64,24.27
333100,-0.0000,36.64,24.27
333200,-0.0000,36.64,24.27
333300,-0.0000,36.64,23.70
333400,-0.0000,36.64,24.18
333500,-0.0000,36.64,24.18
333600,-0.0000,36.68,24.18
333700,-0.0000,36.76,23.65
333800,-0.0000,36.76,24.09
333900,-0.0000,36.88,24.09
334000,-0.0000,36.88,24.09
334100,-0.0000,36.88,23.61
334200,-0.0000,36.88,24.02
334300,-0.0000,36.88,24.02
334400,-0.0000,36.88,24.02
334500,-0.0000,36.88,23.57
334600,-0.0000,36.88,23.96
334700,-0.0000,36.92,23.96
334800,-0.0000,36.92,23.96
334900,-0.0000,37.16,23.54
335000,-0.0000,37.16,23.90
335100,-0.0000,37.16,23.90
335200,-0.0000,37.16,23.90
335300,-0.0000,37.16,23.49
335400,-0.0000,37.16,23.85
335500,-0.0000,37.16,23.85
335600,-0.0000,37.16,23.85
335700,-0.0000,37.16,23.45
335800,-0.0000,37.16,23.76
335900,-0.0000,37.16,23.76
336000,-0.0000,37.20,23.76
336100,-0.0000,37.40,23.38
336200,-0.0000,37.40,23.67
336300,-0.0000,37.40,23.67
336400,-0.0000,37.40,23.67
336500,-0.0000,37.40,23.31
336600,-0.0000,37.52,23.59
336700,-0.0000,37.52,23.59
336800,-0.0000,37.52,23.59
336900,-0.0000,37.52,23.25
337000,-0.0000,37.52,23.52
337100,-0.0000,37.56,23.52
337200,-0.0000,37.56,23.52
337300,-0.0000,37.56,23.20
337400,-0.0000,37.56,23.46
337500,-0.0000,37.56,23.46
337600,-0.0000,37.56,23.46
337700,-0.0000,37.56,23.15
337800,-0.0000,37.56,23.40
337900,-0.0000,37.56,23.40
338000,-0.0000,37.56,23.40
338100,-0.0000,37.56,23.11
338200,-0.0000,37.60,23.34
338300,-0.0000,37.60,23.34
338400,-0.0000,37.60,23.34
338500,-0.0000,37.60,23.06
338600,-0.0000,37.60,23.29
338700,-0.0000,37.60,23.29
338800,-0.0000,37.60,23.29
338900,-0.0000,37.84,23.00
339000,-0.0000,37.84,23.21
339100,-0.0000,37.84,23.21
339200,-0.0000,37.84,23.21
339300,-0.0000,37.84,22.93
339400,-0.0000,38.04,23.13
339500,-0.0000,38.04,23.13
339600,-0.0000,38.04,23.13
339700,-0.0000,38.12,22.86
339800,-0.0000,38.12,23.06
339900,-0.0000,38.12,23.06
340000,-0.0000,38.12,23.06
340100,-0.0000,38.12,22.80
340200,-0.0000,38.12,22.99
340300,-0.0000,38.12,22.99
340400,-0.0000,38.12,22.99
340500,-0.0000,38.12,22.74
340600,-0.0000,38.12,22.93
340700,-0.0000,38.12,22.93
340800,-0.0000,38.12,22.93
340900,-0.0000,38.12,22.69
341000,-0.0000,38.12,22.87
341100,-0.0000,38.12,22.87
341200,-0.0000,38.12,22.87
341300,-0.0000,38.12,22.64
341400,-0.0000,38.12,22.81
341500,-0.0000,38.12,22.81
341600,-0.0000,38.12,22.81
341700,-0.0000,38.12,22.59
341800,-0.0000,38.24,22.76
341900,-0.0000,38.24,22.76
342000,-0.0000,38.24,22.76
342100,-0.0000,38.24,22.53
342200,-0.0000,38.24,22.68
342300,-0.0000,38.24,22.68
342400,-0.0000,38.24,22.68
342500,-0.0000,38.24,22.46
342600,-0.0000,38.24,22.61
342700,-0.0000,38.24,22.61
342800,-0.0000,38.24,22.61
342900,-0.0000,38.24,22.39
343000,-0.0000,38.24,22.54
343100,-0.0000,38.24,22.54
343200,-0.0000,38.24,22.54
343300,-0.0000,38.24,22.33
343400,-0.0000,38.24,22.47
343500,-0.0000,38.24,22.47
343600,-0.0000,38.24,22.47
343700,-0.0000,38.24,22.27
343800,-0.0000,38.24,22.41
343900,-0.0000,38.24,22.41
344000,-0.0000,38.24,22.41
344100,-0.0000,38.48,22.21
344200,-0.0000,38.48,22.35
344300,-0.0000,38.60,22.35
344400,-0.0000,38.60,22.35
344500,-0.0000,38.60,22.16
344600,-0.0000,38.60,22.29
344700,-0.0000,38.60,22.29
344800,-0.0000,38.60,22.29
344900,-0.0000,38.60,22.10
345000,-0.0000,38.60,22.22
345100,-0.0000,38.60,22.22
345200,-0.0000,38.60,22.22
345300,-0.0000,38.60,22.04
345400,-0.0000,38.60,22.15
345500,-0.0000,38.60,22.15
345600,-0.0000,38.60,22.15
345700,-0.0000,38.60,21.96
345800,-0.0000,38.60,22.08
345900,-0.0000,38.60,22.08
346000,-0.0000,38.60,22.08
346100,-0.0000,38.60,21.90
346200,-0.0000,38.60,22.01
346300,-0.0000,38.60,22.01
346400,-0.0000,38.60,22.01
346500,-0.0000,38.60,21.83
346600,-0.0000,38.60,21.94
346700,-0.0000,38.60,21.94
346800,-0.0000,38.60,21.94
346900,-0.0000,38.60,21.77
347000,-0.0000,38.60,21.88
347100,-0.0000,38.60,21.88
347200,-0.0000,38.60,21.88
347300,-0.0000,38.60,21.72
347400,-0.0000,38.60,21.82
347500,-0.0000,38.60,21.82
347600,-0.0000,38.60,21.82
347700,-0.0000,38.60,21.66
347800,-0.0000,38.60,21.76
347900,-0.0000,38.60,21.76
348000,-0.0000,38.60,21.76
348100,-0.0000,38.60,21.60
348200,-0.0000,38.60,21.66
348300,-0.0000,38.60,21.66
348400,-0.0000,38.60,21.66
348500,-0.0000,38.60,21.51
348600,-0.0000,38.60,21.57
348700,-0.0000,38.60,21.57
348800,-0.0000,38.60,21.57
348900,-0.0000,38.60,21.42
349000,-0.0000,38.60,21.50
349100,-0.0000,38.60,21.50
349200,-0.0000,38.60,21.50
349300,-0.0000,38.60,21.35
349400,-0.0000,38.60,21.44
349500,-0.0000,38.60,21.44
349600,-0.0000,38.60,21.44
349700,-0.0000,38.60,21.29
349800,-0.0000,38.60,21.38
349900,-0.0000,38.60,21.38
350000,-0.0000,38.60,21.38
350100,-0.0000,38.60,21.23
350200,-0.0000,38.60,21.32
350300,-0.0000,38.60,21.32
350400,-0.0000,38.60,21.32
350500,-0.0000,38.60,21.18
350600,-0.0000,38.60,21.26
350700,-0.0000,38.60,21.26
350800,-0.0000,38.60,21.26
350900,-0.0000,38.60,21.12
351000,-0.0000,38.60,21.20
351100,-0.0000,38.60,21.20
351200,-0.0000,38.60,21.20
351300,-0.0000,38.60,21.06
351400,-0.0000,38.60,21.13
351500,-0.0000,38.60,21.13
351600,-0.0000,38.60,21.13
351700,-0.0000,38.60,20.99
351800,-0.0000,38.60,21.06
351900,-0.0000,38.60,21.06
352000,-0.0000,38.60,21.06
352100,-0.0000,38.60,20.92
352200,-0.0000,38.60,20.99
352300,-0.0000,38.60,20.99
352400,-0.0000,38.60,20.99
352500,-0.0000,38.60,20.86
352600,-0.0000,38.60,20.93
352700,-0.0000,38.60,20.93
352800,-0.0000,38.60,20.93
352900,-0.0000,38.60,20.80
353000,-0.0000,38.60,20.87
353100,-0.0000,38.60,20.87
353200,-0.0000,38.60,20.87
353300,-0.0000,38.60,20.74
353400,-0.0000,38.60,20.81
353500,-0.0000,38.60,20.81
353600,-0.0000,38.60,20.81
353700,-0.0000,38.60,20.68
353800,-0.0000,38.60,20.75
353900,-0.0000,38.60,20.75
354000,-0.0000,38.60,20.75
354100,-0.0000,38.60,20.63
354200,-0.0000,38.60,20.69
354300,-0.0000,38.60,20.69
354400,-0.0000,38.60,20.69
354500,-0.0000,38.60,20.56
354600,-0.0000,38.60,20.60
354700,-0.0000,38.60,20.60
354800,-0.0000,38.60,20.60
354900,-0.0000,38.64,20.48
355000,-0.0000,38.68,20.53
355100,-0.0000,38.68,20.53
355200,-0.0000,38.72,20.53
355300,-0.0000,38.72,20.41
355400,-0.0000,38.76,20.47
355500,-0.0000,38.76,20.47
355600,-0.0000,38.76,20.47
355700,-0.0000,38.76,20.35
355800,-0.0000,38.76,20.40
355900,-0.0000,38.76,20.40
356000,-0.0000,38.76,20.40
356100,-0.0000,38.76,20.29
356200,-0.0000,38.76,20.34
356300,-0.0000,38.76,20.34
356400,-0.0000,38.76,20.34
356500,-0.0000,38.76,20.23
356600,-0.0000,38.76,20.28
356700,-0.0000,38.76,20.28
356800,-0.0000,38.76,20.28
356900,1.0583,38.76,20.17
357000,0.4854,38.76,20.18
357100,0.4040,38.76,20.18
357200,0.4350,38.76,20.18
357300,0.0426,39.52,20.06
357400,0.0808,41.44,20.12
357500,1.2362,42.84,20.12
357600,0.7015,44.60,20.12
357700,0.9648,45.00,20.06
357800,0.9928,46.36,20.06
357900,-0.0000,46.52,20.06
358000,-0.0000,49.48,20.06
358100,1.5363,52.60,20.00
358200,0.7126,54.04,19.97
358300,0.0808,57.40,19.97
358400,0.9997,58.28,19.97
358500,1.1525,61.04,19.94
358600,0.8189,61.44,19.90
358700,0.0808,63.80,19.90
358800,0.9997,66.28,19.90
358900,1.0917,70.00,19.83
359000,0.9858,71.76,19.80
359100,-0.0000,72.80,19.80
359200,0.0808,74.40,19.80
359300,1.0707,74.44,19.80
359400,0.5294,74.48,19.80
359500,0.2864,74.68,19.80
359600,0.2441,32.92,70.00
359700,-0.0000,41.00,170.00
359800,-0.0000,47.32,270.00
359900,-0.0000,50.00,370.00
360000,-0.0000,51.56,374.00
360100,-0.0000,51.84,219.50
360200,-0.0000,52.12,156.00
360300,-0.0000,52.16,165.67
360400,-0.0000,52.16,165.67
360500,-0.0000,52.16,140.25
360600,-0.0000,52.24,147.00
360700,-0.0000,52.24,124.00
360800,-0.0000,52.28,124.00
360900,-0.0000,52.28,113.33
361000,-0.0000,52.28,128.33
361100,-0.0000,52.28,111.57
361200,-0.0000,52.28,114.43
361300,-0.0000,52.28,111.38
361400,-0.0000,52.28,111.38
361500,-0.0000,52.28,100.22
361600,-0.0000,52.28,105.67
361700,-0.0000,52.36,101.00
361800,-0.0000,52.36,111.00
361900,-0.0000,52.72,121.00
362000,-0.0000,52.96,131.00
362100,-0.0000,53.68,141.00
362200,-0.0000,53.88,138.91
362300,-0.0000,53.96,157.09
362400,-0.0000,53.96,175.27
362500,-0.0000,54.00,193.45
362600,-0.0000,54.00,211.64
362700,-0.0000,54.00,229.82
362800,-0.0000,54.04,248.00
362900,-0.0000,54.12,266.18
363000,-0.0000,54.12,284.36
363100,-0.0000,54.12,302.55
363200,-0.0000,54.12,320.73
363300,-0.0000,54.12,338.91
363400,-0.0000,54.12,357.09
363500,-0.0000,54.12,375.27
363600,-0.0000,54.12,393.45
363700,-0.0000,54.12,411.64
363800,-0.0000,54.12,419.09
363900,-0.0000,54.12,419.09
364000,-0.0000,54.12,419.09
364100,-0.0000,54.12,359.46
364200,-0.0000,54.12,361.46
364300,-0.0000,54.12,336.79
364400,-0.0000,54.12,337.79
364500,-0.0000,54.12,299.19
364600,-0.0000,54.12,256.53
364700,-0.0000,54.12,256.53
364800,-0.0000,54.12,256.53
364900,-0.0000,54.12,224.36
365000,-0.0000,54.16,225.50
365100,-0.0000,54.16,225.50
365200,-0.0000,54.16,225.50
365300,-0.0000,54.16,225.50
365400,-0.0000,54.16,208.88
365500,-0.0000,54.16,200.88
365600,-0.0000,54.16,194.04
365700,-0.0000,54.16,182.61
365800,-0.0000,54.16,177.21
365900,-0.0000,54.16,172.13
366000,-0.0000,54.16,172.13
366100,-0.0000,54.16,162.88
366200,-0.0000,54.16,150.66
366300,-0.0000,54.16,150.97
366400,-0.0000,54.16,147.33
366500,-0.0000,54.16,137.10
366600,-0.0000,54.16,137.46
366700,-0.0000,54.16,137.46
366800,-0.0000,54.16,134.47
366900,-0.0000,54.16,128.93
367000,-0.0000,54.16,123.89
367100,-0.0000,54.16,123.89
367200,-0.0000,54.16,123.89
367300,0.4822,54.16,119.24
367400,-0.0000,54.16,119.24
367500,-0.0000,54.16,119.24
367600,-0.0000,54.16,114.94
367700,-0.0000,54.16,110.98
367800,-0.0000,54.16,109.12
367900,-0.0000,54.16,107.33
368000,-0.0000,54.24,107.33
368100,-0.0000,55.60,102.27
368200,-0.0000,57.92,100.73
368300,-0.0000,58.00,99.23
368400,-0.0000,58.28,99.23
368500,-0.0000,58.52,94.78
368600,-0.0000,58.96,93.69
368700,-0.0000,59.00,93.69
368800,-0.0000,59.04,93.69
368900,-0.0000,59.04,91.16
369000,-0.0000,59.04,89.95
369100,-0.0000,59.04,89.95
369200,-0.0000,59.04,89.95
369300,-0.0000,59.12,87.65
369400,-0.0000,59.12,86.55
369500,-0.0000,24.48,0.00
369600,-0.0000,29.80,77.00
369700,-0.0000,30.16,60.00
369800,-0.0000,30.16,60.00
369900,-0.0000,30.56,60.00
370000,-0.0000,30.56,60.00
370100,-0.0000,30.60,49.67
370200,-0.0000,30.60,49.67
370300,-0.0000,30.60,49.67
370400,-0.0000,30.60,49.67
370500,-0.0000,30.60,44.25
370600,-0.0000,30.60,44.25
370700,-0.0000,31.84,44.25
370800,-0.0000,32.36,44.25
370900,-0.0000,33.48,40.80
371000,-0.0000,34.24,40.80
371100,-0.0000,34.36,40.80
371200,-0.0000,34.40,40.80
371300,-0.0000,34.40,36.57
371400,-0.0000,34.44,36.57
371500,-0.0000,34.48,36.57
371600,-0.0000,34.48,34.00
371700,-0.0000,34.48,30.45
371800,-0.0000,34.48,32.36
371900,-0.0000,34.52,32.36
372000,-0.0000,34.52,32.36
372100,-0.0000,34.52,29.29
372200,-0.0000,34.52,30.79
372300,-0.0000,34.52,30.79
372400,-0.0000,34.52,30.79
372500,-0.0000,34.52,28.53
372600,-0.0000,34.52,29.76
372700,-0.0000,34.52,29.76
372800,-0.0000,34.52,29.76
372900,-0.0000,34.52,28.00
373000,-0.0000,34.52,29.05
373100,-0.0000,34.56,29.05
373200,-0.0000,34.56,29.05
373300,-0.0000,34.56,27.61
373400,-0.0000,34.56,28.52
373500,-0.0000,34.56,28.52
373600,-0.0000,34.56,28.52
373700,-0.0000,34.56,27.35
373800,-0.0000,34.56,28.00
373900,-0.0000,34.56,28.00
374000,-0.0000,34.56,28.00
374100,-0.0000,34.56,27.00
374200,-0.0000,34.56,27.52
374300,-0.0000,34.56,27.52
374400,-0.0000,34.68,27.52
374500,-0.0000,34.68,26.62
374600,-0.0000,34.68,27.21
374700,-0.0000,34.68,27.21
374800,-0.0000,34.68,27.21
374900,-0.0000,34.68,26.41
375000,-0.0000,34.68,26.95
375100,-0.0000,34.68,26.95
375200,-0.0000,34.68,26.95
375300,-0.0000,34.68,26.23
375400,-0.0000,34.68,26.73
375500,-0.0000,34.68,26.73
375600,-0.0000,34.68,26.73
375700,-0.0000,34.68,26.07
375800,-0.0000,34.68,26.53
375900,-0.0000,34.68,26.53
376000,-0.0000,34.68,26.53
376100,-0.0000,34.68,25.93
376200,-0.0000,34.68,26.37
376300,-0.0000,34.68,26.37
376400,-0.0000,34.68,26.37
376500,-0.0000,34.68,25.82
376600,-0.0000,34.76,26.22
376700,-0.0000,34.76,26.22
376800,-0.0000,34.76,26.22
376900,-0.0000,34.76,25.67
377000,-0.0000,34.76,25.98
377100,-0.0000,34.76,25.98
377200,-0.0000,34.76,25.98
377300,-0.0000,34.76,25.48
377400,-0.0000,34.88,25.82
377500,-0.0000,34.88,25.82
377600,-0.0000,34.88,25.82
377700,-0.0000,34.88,25.36
377800,-0.0000,34.92,25.68
377900,-0.0000,34.92,25.68
378000,-0.0000,34.92,25.68
378100,-0.0000,34.92,25.24
378200,-0.0000,34.92,25.55
378300,-0.0000,34.92,25.55
378400,-0.0000,34.92,25.55
378500,-0.0000,34.92,25.14
378600,-0.0000,34.92,25.43
378700,-0.0000,34.92,25.43
378800,-0.0000,34.96,25.43
378900,-0.0000,34.96,25.04
379000,-0.0000,34.96,25.32
379100,-0.0000,35.08,25.32
379200,-0.0000,35.08,25.32
379300,-0.0000,35.08,24.97
379400,-0.0000,35.08,25.23
379500,-0.0000,35.08,25.23
379600,-0.0000,35.08,25.23
379700,-0.0000,35.08,24.85
379800,-0.0000,35.08,25.09
379900,-0.0000,35.16,25.09
380000,-0.0000,35.16,25.09
380100,-0.0000,35.16,24.74
380200,-0.0000,35.16,24.97
380300,-0.0000,35.20,24.97
380400,-0.0000,35.20,24.97
380500,-0.0000,35.20,24.64
380600,-0.0000,35.20,24.86
380700,-0.0000,35.24,24.86
380800,-0.0000,35.24,24.86
380900,-0.0000,35.24,24.54
381000,-0.0000,35.24,24.76
381100,-0.0000,35.24,24.76
381200,-0.0000,35.24,24.76
381300,-0.0000,35.24,24.45
381400,-0.0000,35.24,24.66
381500,-0.0000,35.24,24.66
381600,-0.0000,35.24,24.66
381700,-0.0000,35.24,24.37
381800,-0.0000,35.24,24.57
381900,-0.0000,35.24,24.57
382000,-0.0000,35.24,24.57
382100,-0.0000,35.24,24.27
382200,-0.0000,35.24,24.46
382300,-0.0000,35.24,24.46
382400,-0.0000,35.24,24.46
382500,-0.0000,35.24,24.17
382600,-0.0000,35.24,24.35
382700,-0.0000,35.24,24.35
382800,-0.0000,35.24,24.35
382900,-0.0000,35.24,24.07
383000,-0.0000,35.24,24.24
383100,-0.0000,35.24,24.24
383200,-0.0000,35.24,24.24
383300,-0.0000,35.24,23.98
383400,-0.0000,35.24,24.15
383500,-0.0000,35.24,24.15
383600,-0.0000,35.24,24.15
383700,-0.0000,35.24,23.89
383800,-0.0000,35.24,24.06
383900,-0.0000,35.24,24.06
384000,-0.0000,35.24,24.06
384100,-0.0000,35.24,23.81
384200,-0.0000,35.24,23.94
384300,-0.0000,35.24,23.94
384400,-0.0000,35.24,23.94
384500,-0.0000,35.24,23.71
384600,-0.0000,35.24,23.86
384700,-0.0000,35.24,23.86
384800,-0.0000,35.24,23.86
384900,-0.0000,35.24,23.62
385000,-0.0000,35.28,23.76
385100,-0.0000,35.28,23.76
385200,-0.0000,35.28,23.76
385300,-0.0000,35.28,23.53
385400,-0.0000,35.28,23.67
385500,-0.0000,35.28,23.67
385600,-0.0000,35.28,23.67
385700,-0.0000,35.28,23.44
385800,-0.0000,35.28,23.57
385900,-0.0000,35.28,23.57
386000,-0.0000,35.28,23.57
386100,-0.0000,35.28,23.36
386200,-0.0000,35.32,23.49
386300,-0.0000,35.32,23.49
386400,-0.0000,35.32,23.49
386500,-0.0000,35.32,23.28
386600,-0.0000,35.32,23.40
386700,-0.0000,35.36,23.40
386800,-0.0000,35.36,23.40
386900,-0.0000,35.36,23.20
387000,-0.0000,35.40,23.33
387100,-0.0000,35.40,23.33
387200,-0.0000,35.40,23.33
387300,-0.0000,35.40,23.11
387400,-0.0000,35.40,23.23
387500,-0.0000,35.40,23.23
387600,-0.0000,35.40,23.23
387700,-0.0000,35.40,23.02
387800,-0.0000,36.52,23.13
387900,-0.0000,36.56,23.13
388000,-0.0000,36.68,23.13
388100,-0.0000,36.68,22.94
388200,0.0839,36.72,23.01
388300,0.5236,37.40,23.01
388400,0.4276,37.40,23.01
388500,-0.0000,38.44,22.82
388600,0.8060,38.72,22.93
388700,0.9427,39.56,22.93
388800,0.7222,39.88,22.93
388900,-0.0000,40.72,22.93
389000,-0.0000,40.84,22.93
389100,0.8267,42.28,22.93
389200,0.1944,42.28,22.93
389300,1.4855,42.28,22.85
389400,0.8415,42.40,22.77
389500,0.7219,42.52,22.77
389600,0.8813,42.52,22.77
389700,0.5191,42.64,22.56
389800,-0.0000,42.64,22.65
389900,-0.0000,42.64,22.65
390000,-0.0000,42.64,22.65
390100,-0.0000,42.64,22.45
390200,-0.0000,42.68,22.54
390300,-0.0000,42.68,22.54
390400,-0.0000,42.68,22.54
390500,-0.0000,42.72,22.35
390600,0.7950,42.76,22.43
390700,0.6098,42.76,22.43
390800,-0.0000,42.76,22.43
390900,1.3068,42.76,22.35
391000,0.4349,56.40,22.35
