step,wheel_effort,joint_effort,velocity,drain,energy_per_meter,energy,damage,state
0,0.700000,2.906292,0.026216,0.00011300,0.00431029,0.999702,0.000000,EXPLORER
100,0.157060,3.194216,0.293846,0.00023577,0.00080237,0.949607,0.000000,EXPLORER
200,0.451768,3.272806,0.030339,0.00017411,0.00573855,0.896965,0.000000,EXPLORER
300,0.322489,3.703802,0.112286,0.00019534,0.00173969,0.856010,0.000000,EXPLORER
400,0.491280,2.503905,0.101248,0.00015728,0.00155339,0.773175,0.000000,EXPLORER
500,0.083581,2.670105,0.005190,0.00009629,0.01854907,0.733251,0.000000,EXPLORER
600,0.368265,3.801697,0.102225,0.00014972,0.00146458,0.666715,0.000000,EXPLORER
700,0.180801,3.886044,0.112878,0.00014179,0.00125612,0.636821,0.000000,EXPLORER
800,0.700000,3.475414,0.098692,0.00021383,0.00216661,0.626669,0.000000,EXPLORER
900,0.700000,2.626757,0.012039,0.00013079,0.01086344,0.615030,0.000000,EXPLORER
1000,0.121522,2.473327,0.062623,0.00015106,0.00241224,0.605814,0.000000,EXPLORER
1100,0.149106,3.446128,0.096391,0.00015838,0.00164312,0.595823,0.000000,EXPLORER
1200,0.391303,3.704638,0.055238,0.00016020,0.00290015,0.585445,0.000000,EXPLORER
1300,0.253422,2.601503,0.102223,0.00011462,0.00112124,0.575025,0.000000,EXPLORER
1400,0.615857,2.508793,0.062980,0.00013226,0.00209991,0.566695,0.000000,EXPLORER
1500,0.342118,2.787028,0.324807,0.00015833,0.00048745,0.554745,0.000000,EXPLORER
1600,0.161017,3.289612,0.094973,0.00013718,0.00144435,0.546588,0.000000,EXPLORER
1700,0.142978,2.305091,0.037466,0.00010633,0.00283811,0.539053,0.000000,EXPLORER
1800,0.215725,2.087246,0.061802,0.00006271,0.00101465,0.531643,0.000000,EXPLORER
1900,0.354055,3.121367,0.007431,0.00013361,0.01797789,0.523607,0.000000,EXPLORER
2000,0.328979,3.400254,0.200285,0.00021383,0.00106763,0.512657,0.000000,EXPLORER
2100,0.363988,2.188986,0.050936,0.00012487,0.00245145,0.504065,0.000000,EXPLORER
2200,0.281216,1.807085,0.043453,0.00012849,0.00295694,0.495880,0.000000,EXPLORER
2300,0.592106,1.563121,0.118964,0.00012492,0.00105003,0.487340,0.000000,EXPLORER
2400,0.176886,3.438081,0.245802,0.00014081,0.00057285,0.478495,0.000000,EXPLORER
2500,0.179479,2.746146,0.134967,0.00014208,0.00105267,0.470451,0.000000,EXPLORER
2600,0.166451,2.016498,0.106965,0.00012816,0.00119812,0.461509,0.000000,EXPLORER
2700,0.212558,1.967549,0.061906,0.00014762,0.00238448,0.453308,0.000000,EXPLORER
2800,0.259050,2.310424,0.015624,0.00012956,0.00829161,0.445202,0.000000,EXPLORER
2900,0.371734,2.081652,0.000973,0.00012452,0.12787661,0.436316,0.000000,EXPLORER
3000,0.190331,2.105930,0.042990,0.00013137,0.00305584,0.427512,0.000000,EXPLORER
3100,0.162158,2.138951,0.030666,0.00012829,0.00418331,0.420048,0.000000,EXPLORER
3200,0.198499,2.041614,0.003803,0.00014781,0.03886184,0.410484,0.000000,EXPLORER
3300,0.387643,1.877000,0.185558,0.00012028,0.00064820,0.402542,0.000000,EXPLORER
3400,0.566350,2.214809,0.172002,0.00005761,0.00033493,0.394645,0.000000,EXPLORER
3500,0.066116,2.520336,0.119729,0.00012961,0.00108249,0.387568,0.000000,EXPLORER
3600,0.118230,1.834899,0.235924,0.00010987,0.00046570,0.377954,0.000000,EXPLORER
3700,0.197673,2.186144,0.034948,0.00010505,0.00300571,0.367553,0.000000,EXPLORER
3800,0.168025,2.412297,0.158075,0.00015237,0.00096391,0.337000,0.000000,EXPLORER
3900,0.449049,1.737202,0.260717,0.00024218,0.00092891,0.293159,0.000000,EXPLORER
4000,0.290526,3.187683,0.415808,0.00039814,0.00095750,0.203772,0.000000,EXPLORER
4100,0.104386,1.763365,0.175201,0.00028903,0.00164968,0.124852,0.000000,EXPLORER
4200,0.169963,3.164870,0.413809,0.00030129,0.00072809,0.045995,0.000000,EXPLORER
4300,0.700000,2.084002,0.312179,0.00023872,0.00076467,0.963245,0.000000,EXPLORER
4400,0.700000,3.380288,0.391229,0.00032688,0.00083551,0.907667,0.000000,EXPLORER
4500,0.362556,2.600154,0.214375,0.00006752,0.00031495,0.833556,0.000000,EXPLORER
4600,0.376725,2.262672,0.158501,0.00005004,0.00031568,0.805406,0.000000,EXPLORER
4700,0.082956,2.321017,0.183836,0.00025305,0.00137650,0.780500,0.000000,EXPLORER
4800,0.151081,2.877148,0.270899,0.00024791,0.00091513,0.723869,0.000000,EXPLORER
4900,0.121131,2.612528,0.073344,0.00026909,0.00366880,0.657764,0.000000,EXPLORER
5000,0.136709,2.208270,0.370365,0.00036938,0.00099734,0.575561,0.000000,EXPLORER
5100,0.170393,2.458334,0.088397,0.00014848,0.00167966,0.874436,0.000000,EXPLORER
5200,0.366906,2.298093,0.173627,0.00010788,0.00062131,0.840598,0.000000,EXPLORER
5300,0.593336,2.703273,0.283482,0.00027034,0.00095364,0.785636,0.000000,EXPLORER
5400,0.401930,3.605799,0.217548,0.00019317,0.00088792,0.743438,0.000000,EXPLORER
5500,0.700000,2.828153,0.039057,0.00013302,0.00340577,0.683412,0.000000,EXPLORER
5600,0.484124,2.638296,0.049512,0.00013214,0.00266886,0.646970,0.000000,EXPLORER
5700,0.700000,2.494044,0.005289,0.00007474,0.01412731,0.611736,0.000000,EXPLORER
5800,0.092027,2.239066,0.039640,0.00007432,0.00187493,0.579973,0.000000,EXPLORER
5900,0.168991,2.430042,0.027762,0.00013048,0.00469973,0.545418,0.000000,EXPLORER
6000,0.700000,3.232079,0.220283,0.00021922,0.00099517,0.508941,0.000000,EXPLORER
6100,0.700000,2.298567,0.100556,0.00015802,0.00157142,0.452405,0.000000,EXPLORER
6200,0.514600,4.962098,0.321706,0.00036554,0.00113626,0.383753,0.000000,EXPLORER
6300,0.338181,6.003069,0.061838,0.00032461,0.00524928,0.317895,0.764434,EXPLORER
6400,0.539469,3.372575,0.012063,0.00010152,0.00841533,0.240800,0.764434,EXPLORER
6500,0.539469,2.039698,0.270580,0.00028764,0.00106304,0.513916,0.764434,EXPLORER
6600,0.539469,3.196112,0.371299,0.00039338,0.00105948,0.402797,0.764434,SPEED_DEMON
6700,0.360427,2.150926,0.143372,0.00013463,0.00093899,0.385802,0.764434,EXPLORER
6800,0.407727,1.701785,0.104171,0.00025495,0.00244742,0.730569,0.784043,SPEED_DEMON
6900,0.190187,1.847581,0.008321,0.00021747,0.02613241,0.723166,0.784043,SPEED_DEMON
7000,0.535351,1.916409,0.189922,0.00021413,0.00112745,0.717282,0.784043,SPEED_DEMON
7100,0.166643,1.693920,0.250030,0.00023828,0.00095298,0.712139,0.784043,SPEED_DEMON
7200,0.150476,1.789798,0.245870,0.00023929,0.00097322,0.708072,0.784043,SPEED_DEMON
7300,0.133447,1.941813,0.180476,0.00023921,0.00132541,0.702579,0.784043,SPEED_DEMON
7400,0.160913,2.035010,0.247943,0.00024094,0.00097176,0.698251,0.784043,SPEED_DEMON
7500,0.234860,2.304879,0.210897,0.00024208,0.00114784,0.692964,0.784043,SPEED_DEMON
7600,0.105253,2.947654,0.216194,0.00030054,0.00139013,0.686835,0.784043,SPEED_DEMON
7700,0.215451,3.095742,0.289524,0.00030927,0.00106818,0.682546,0.784043,SPEED_DEMON
7800,0.090913,3.215580,0.172154,0.00030048,0.00174540,0.674631,0.784043,SPEED_DEMON
7900,0.184584,3.271027,0.332572,0.00030556,0.00091878,0.669463,0.784043,SPEED_DEMON
8000,0.086415,2.040509,0.109750,0.00028270,0.00257583,0.663624,0.784043,SPEED_DEMON
8100,0.205276,1.595219,0.376621,0.00039273,0.00104277,0.656826,0.784043,SPEED_DEMON
8200,0.079649,1.801259,0.243054,0.00037963,0.00156192,0.649519,0.784043,SPEED_DEMON
8300,0.093535,1.934988,0.426108,0.00038301,0.00089886,0.641046,0.784043,SPEED_DEMON
8400,0.064404,2.090140,0.510126,0.00054055,0.00105963,0.629296,0.784043,SPEED_DEMON
8500,0.464192,2.264905,0.520211,0.00049900,0.00095922,0.620372,0.784043,SPEED_DEMON
8600,0.189076,1.366189,0.643472,0.00068499,0.00106452,0.608344,0.784043,SPEED_DEMON
8700,0.418030,2.239632,0.544176,0.00057444,0.00105561,0.596665,0.784043,SPEED_DEMON
8800,0.535351,2.929788,0.737870,0.00082716,0.00112101,0.581400,0.784043,SPEED_DEMON
8900,0.535351,3.182238,0.985093,0.00119244,0.00121049,0.564180,0.784043,SPEED_DEMON
9000,0.535351,3.297118,0.881842,0.00103185,0.00117011,0.531838,0.784043,SPEED_DEMON
9100,0.334861,3.115722,1.076421,0.00117332,0.00109002,0.504963,0.784043,SPEED_DEMON
9200,0.477352,3.002008,1.150508,0.00120600,0.00104823,0.487303,0.784043,SPEED_DEMON
9300,0.293336,2.892383,1.117451,0.00122810,0.00109902,0.462838,0.784043,SPEED_DEMON
9400,0.505411,2.763956,1.069411,0.00119370,0.00111622,0.448076,0.784043,SPEED_DEMON
9500,0.535351,2.489651,0.929012,0.00105683,0.00113758,0.428194,0.784043,SPEED_DEMON
9600,0.535351,1.442810,0.583622,0.00039076,0.00066954,0.414300,0.784043,SPEED_DEMON
9700,0.280151,1.008651,0.264002,0.00029174,0.00110505,0.409824,0.784043,SPEED_DEMON
9800,0.444149,1.452123,0.211446,0.00027869,0.00131802,0.406394,0.784043,SPEED_DEMON
9900,0.535351,1.912800,0.252975,0.00027878,0.00110200,0.402471,0.784043,SPEED_DEMON
10000,0.372782,2.330542,0.239595,0.00027823,0.00116126,0.396357,0.784043,SPEED_DEMON
10100,0.361083,2.673679,0.475584,0.00048515,0.00102012,0.389791,0.784043,SPEED_DEMON
10200,0.080757,2.879725,0.108727,0.00046065,0.00423677,0.382316,0.784043,SPEED_DEMON
10300,0.432325,2.931004,0.412581,0.00044507,0.00107873,0.372946,0.784043,SPEED_DEMON
10400,0.535351,2.020188,0.415445,0.00046279,0.00111397,0.367051,0.784043,SPEED_DEMON
10500,0.426671,3.095688,0.148250,0.00010442,0.00070433,0.346574,0.784043,EXPLORER
10600,0.535351,2.620908,0.158126,0.00016732,0.00105811,0.335266,0.784043,SPEED_DEMON
10700,0.535351,3.165301,0.188537,0.00021756,0.00115395,0.331005,0.784043,SPEED_DEMON
10800,0.321741,3.308163,0.201896,0.00026123,0.00129387,0.326700,0.784043,SPEED_DEMON
10900,0.384458,3.377177,0.279766,0.00029548,0.00105616,0.322869,0.784043,SPEED_DEMON
11000,0.209404,2.710722,0.123815,0.00018066,0.00145909,0.317833,0.784043,SPEED_DEMON
11100,0.535351,3.234252,0.007470,0.00028047,0.03754185,0.314976,0.784043,SPEED_DEMON
11200,0.535351,2.910162,0.327542,0.00033870,0.00103405,0.656952,0.784043,SPEED_DEMON
11300,0.535351,2.297813,0.208914,0.00020562,0.00098421,0.649457,0.784043,SPEED_DEMON
11400,0.296527,2.111415,0.247617,0.00028536,0.00115244,0.644387,0.784043,SPEED_DEMON
11500,0.535351,1.937197,0.237325,0.00024137,0.00101704,0.636537,0.784043,SPEED_DEMON
11600,0.535351,1.954855,0.310068,0.00031322,0.00101015,0.629664,0.784043,SPEED_DEMON
11700,0.535351,1.902709,0.520553,0.00051644,0.00099210,0.619512,0.784043,SPEED_DEMON
11800,0.380504,1.852621,0.351210,0.00043089,0.00122686,0.606537,0.784043,SPEED_DEMON
11900,0.143776,2.003382,0.355721,0.00040612,0.00114167,0.600426,0.784043,SPEED_DEMON
12000,0.049658,2.490462,0.525874,0.00058821,0.00111853,0.589792,0.784043,SPEED_DEMON
12100,0.331335,2.754740,0.673345,0.00069797,0.00103657,0.577785,0.784043,SPEED_DEMON
12200,0.535351,2.854255,0.253016,0.00033998,0.00134372,0.564542,0.784043,SPEED_DEMON
12300,0.535351,1.427503,0.264583,0.00032254,0.00121904,0.551559,0.784043,SPEED_DEMON
12400,0.445852,1.981619,0.293895,0.00033883,0.00115289,0.541526,0.784043,SPEED_DEMON
12500,0.164738,2.857215,0.229081,0.00028427,0.00124092,0.533054,0.784043,SPEED_DEMON
12600,0.389977,3.087317,0.423880,0.00042220,0.00099604,0.526687,0.784043,SPEED_DEMON
12700,0.515871,3.167419,0.261653,0.00034349,0.00131275,0.517655,0.784043,SPEED_DEMON
12800,0.535351,3.142744,0.212734,0.00042086,0.00197834,0.512072,0.784043,SPEED_DEMON
12900,0.535351,2.018516,0.161939,0.00021529,0.00132942,0.837225,0.784043,SPEED_DEMON
13000,0.535351,1.864548,0.038661,0.00006646,0.00171904,0.828814,0.784043,SPEED_DEMON
13100,0.079983,1.981560,0.082903,0.00011477,0.00138437,0.820477,0.784043,SPEED_DEMON
13200,0.283005,2.019085,0.105941,0.00016489,0.00155642,0.813405,0.784043,SPEED_DEMON
13300,0.469038,2.064428,0.179503,0.00024040,0.00133925,0.806917,0.784043,SPEED_DEMON
13400,0.088313,2.940737,0.109463,0.00014522,0.00132663,0.801017,0.784043,SPEED_DEMON
13500,0.535351,1.880830,0.448899,0.00061425,0.00136834,0.788735,0.784043,SPEED_DEMON
13600,0.535351,2.441357,0.339007,0.00038473,0.00113486,0.775258,0.784043,SPEED_DEMON
13700,0.535351,2.398552,0.110905,0.00024120,0.00217482,0.766839,0.784043,SPEED_DEMON
13800,0.430976,1.814754,0.290052,0.00036546,0.00125996,0.755967,0.784043,SPEED_DEMON
13900,0.535351,1.473612,0.141147,0.00022779,0.00161383,0.748320,0.784043,SPEED_DEMON
14000,0.328417,4.300027,0.110395,0.00014255,0.00129131,0.742233,0.784043,SPEED_DEMON
14100,0.394440,3.786397,0.163061,0.00018455,0.00113177,0.734921,0.784043,SPEED_DEMON
14200,0.535351,1.501909,0.289627,0.00023828,0.00082271,0.725331,0.784043,SPEED_DEMON
14300,0.535351,2.909660,0.102552,0.00024284,0.00236800,0.713454,0.784043,SPEED_DEMON
14400,0.535351,3.534798,0.206249,0.00019519,0.00094638,0.700721,0.784043,SPEED_DEMON
14500,0.535351,3.059859,0.023315,0.00024308,0.01042508,0.694688,0.784043,SPEED_DEMON
14600,0.535351,3.315815,0.017280,0.00010254,0.00593393,0.688216,0.784043,SPEED_DEMON
14700,0.535351,3.312547,0.077707,0.00019523,0.00251230,0.681515,0.784043,SPEED_DEMON
14800,0.535351,3.418411,0.025079,0.00019598,0.00781394,0.672262,0.784043,SPEED_DEMON
14900,0.535351,3.634128,0.018003,0.00019367,0.01075684,0.664848,0.784043,EXPLORER
15000,0.535351,3.689493,0.024538,0.00019418,0.00791318,0.653255,0.784043,SPEED_DEMON
15100,0.535351,3.610700,0.018339,0.00019360,0.01055647,0.645429,0.784043,SPEED_DEMON
15200,0.535351,2.940219,0.016342,0.00018878,0.01155122,0.638025,0.784043,SPEED_DEMON
15300,0.535351,3.731247,0.010014,0.00019426,0.01939587,0.629656,0.784043,SPEED_DEMON
15400,0.535351,3.807485,0.013237,0.00019487,0.01472057,0.623414,0.784043,SPEED_DEMON
15500,0.535351,3.592284,0.009149,0.00019335,0.02113150,0.613310,0.784043,SPEED_DEMON
15600,0.535351,3.420595,0.014368,0.00019220,0.01337628,0.605728,0.784043,SPEED_DEMON
15700,0.535351,3.434248,0.013441,0.00019215,0.01429519,0.599680,0.784043,SPEED_DEMON
15800,0.535351,3.899598,0.017717,0.00019552,0.01103554,0.589235,0.784043,SPEED_DEMON
15900,0.535351,3.792498,0.017242,0.00019485,0.01130024,0.582691,0.784043,SPEED_DEMON
16000,0.535351,3.434163,0.012411,0.00030225,0.02435070,0.571775,0.784043,SPEED_DEMON
16100,0.535351,3.370938,0.011444,0.00006056,0.00529150,0.565044,0.784043,SPEED_DEMON
16200,0.535351,3.431755,0.108283,0.00014962,0.00138173,0.563247,0.784043,SPEED_DEMON
16300,0.390493,3.513874,0.023310,0.00030345,0.01301774,0.555182,0.784043,SPEED_DEMON
16400,0.535351,3.503104,0.201461,0.00011371,0.00056443,0.548842,0.784043,SPEED_DEMON
16500,0.535351,2.412639,0.255860,0.00026684,0.00104290,0.541088,0.784043,SPEED_DEMON
16600,0.430169,2.055317,0.005953,0.00006925,0.01163040,0.533330,0.784043,SPEED_DEMON
16700,0.535351,2.310100,0.180313,0.00027998,0.00155273,0.528667,0.784043,SPEED_DEMON
16800,0.535351,1.788664,0.249519,0.00031405,0.00125861,0.518963,0.784043,SPEED_DEMON
16900,0.535351,2.285307,0.110056,0.00024028,0.00218324,0.512950,0.784043,SPEED_DEMON
17000,0.535351,3.342991,0.126134,0.00024826,0.00196819,0.505469,0.784043,SPEED_DEMON
17100,0.311647,3.722611,0.008882,0.00024902,0.02803426,0.498502,0.784043,SPEED_DEMON
17200,0.229742,3.848642,0.026458,0.00025008,0.00945178,0.491939,0.784043,SPEED_DEMON
17300,0.246891,3.684051,0.058424,0.00024966,0.00427315,0.484553,0.784043,SPEED_DEMON
17400,0.535351,3.399755,0.148816,0.00017250,0.00115912,0.479189,0.784043,SPEED_DEMON
17500,0.295389,3.280843,0.026392,0.00024623,0.00932969,0.472150,0.784043,SPEED_DEMON
17600,0.325989,1.583061,0.130911,0.00016472,0.00125822,0.465985,0.784043,SPEED_DEMON
17700,0.400206,2.479581,0.202950,0.00020011,0.00098602,0.459141,0.784043,SPEED_DEMON
17800,0.535351,2.831003,0.211993,0.00024600,0.00116043,0.453594,0.784043,SPEED_DEMON
17900,0.303372,2.912808,0.139137,0.00017068,0.00122671,0.447452,0.784043,SPEED_DEMON
18000,0.178561,2.863392,0.169481,0.00021106,0.00124531,0.439828,0.784043,SPEED_DEMON
18100,0.535351,2.773695,0.226574,0.00024590,0.00108529,0.432674,0.784043,SPEED_DEMON
18200,0.341918,2.875450,0.194024,0.00025870,0.00133334,0.424640,0.784043,SPEED_DEMON
18300,0.408999,3.121941,0.301558,0.00023725,0.00078676,0.414862,0.784043,SPEED_DEMON
18400,0.520929,3.598495,0.015379,0.00024839,0.01615035,0.407687,0.784043,SPEED_DEMON
18500,0.535351,3.581467,0.265152,0.00019422,0.00073247,0.397546,0.784043,SPEED_DEMON
18600,0.535351,3.249434,0.181432,0.00010394,0.00057288,0.386467,0.784043,SPEED_DEMON
18700,0.535351,2.365788,0.315243,0.00031670,0.00100463,0.374661,0.784043,SPEED_DEMON
18800,0.320616,1.796027,0.001102,0.00023563,0.21369009,0.369142,0.784043,SPEED_DEMON
18900,0.535351,3.082824,0.027490,0.00024475,0.00890292,0.364437,0.784043,SPEED_DEMON
19000,0.535351,3.688003,0.061736,0.00024608,0.00398594,0.357973,0.784043,SPEED_DEMON
19100,0.535351,3.710940,0.033489,0.00019448,0.00580714,0.349825,0.784043,SPEED_DEMON
19200,0.535351,3.677471,0.031333,0.00024925,0.00795472,0.347716,0.784043,SPEED_DEMON
19300,0.535351,3.638865,0.025046,0.00024888,0.00993643,0.345278,0.784043,SPEED_DEMON
19400,0.535351,3.613654,0.026604,0.00024869,0.00934753,0.343479,0.784043,SPEED_DEMON
19500,0.535351,3.594763,0.027186,0.00024864,0.00914538,0.342733,0.784043,SPEED_DEMON
19600,0.535351,3.521196,0.024164,0.00024810,0.01026672,0.341325,0.784043,SPEED_DEMON
19700,0.535351,3.459378,0.020769,0.00024761,0.01192157,0.340306,0.784043,SPEED_DEMON
19800,0.535351,3.407853,0.028671,0.00024733,0.00862623,0.338272,0.784043,SPEED_DEMON
19900,0.535351,3.261537,0.023712,0.00024629,0.01038603,0.335997,0.784043,SPEED_DEMON
20000,0.535351,3.016470,0.022068,0.00013459,0.00609851,0.333737,0.784043,EXPLORER
20100,0.535351,2.878682,0.020104,0.00018853,0.00937730,0.332139,0.784043,EXPLORER
20200,0.535351,2.738768,0.028614,0.00013267,0.00463643,0.328999,0.784043,EXPLORER
20300,0.535351,2.679924,0.025721,0.00024228,0.00941911,0.328030,0.784043,SPEED_DEMON
20400,0.535351,2.630651,0.024967,0.00024185,0.00968620,0.325918,0.784043,SPEED_DEMON
20500,0.535351,2.013651,0.019868,0.00023781,0.01196895,0.323717,0.784043,SPEED_DEMON
20600,0.535351,1.766000,0.020002,0.00023560,0.01177775,0.321324,0.784043,SPEED_DEMON
20700,0.535351,1.907489,0.016136,0.00023649,0.01465558,0.319530,0.784043,SPEED_DEMON
20800,0.535351,2.036717,0.044277,0.00012795,0.00288961,0.317106,0.784043,SPEED_DEMON
20900,0.535351,2.043519,0.040565,0.00023786,0.00586359,0.316154,0.784043,SPEED_DEMON
21000,0.535351,2.155670,0.035926,0.00023858,0.00664078,0.313974,0.784043,SPEED_DEMON
21100,0.535351,2.309416,0.029453,0.00023952,0.00813182,0.312023,0.784043,SPEED_DEMON
21200,0.535351,2.352162,0.030338,0.00018487,0.00609335,0.310879,0.784043,SPEED_DEMON
21300,0.535351,2.255452,0.026367,0.00023921,0.00907184,0.308868,0.784043,SPEED_DEMON
21400,0.535351,2.323248,0.023345,0.00023950,0.01025862,0.306916,0.784043,SPEED_DEMON
21500,0.535351,2.410626,0.020120,0.00013013,0.00646731,0.304956,0.784043,EXPLORER
21600,0.535351,2.415341,0.021841,0.00024024,0.01099929,0.304105,0.784043,SPEED_DEMON
21700,0.535351,2.408039,0.019410,0.00018514,0.00953785,0.302494,0.784043,SPEED_DEMON
21800,0.535351,2.412116,0.018917,0.00018517,0.00978814,0.302124,0.784043,SPEED_DEMON
21900,0.535351,2.422076,0.018235,0.00018523,0.01015763,0.300532,0.784043,EXPLORER
22000,0.535351,2.401733,0.016849,0.00018511,0.01098626,0.299716,0.784043,SPEED_DEMON
22100,0.535351,2.235408,0.020018,0.00018603,0.00929268,0.298164,0.784043,SPEED_DEMON
22200,0.535351,2.150148,0.016085,0.00018238,0.01133779,0.297429,0.784043,SPEED_DEMON
22300,0.535351,2.121079,0.019192,0.00018434,0.00960487,0.296002,0.784043,SPEED_DEMON
22400,0.535351,2.112959,0.016927,0.00018180,0.01073978,0.294101,0.784043,SPEED_DEMON
22500,0.535351,2.112088,0.012392,0.00018421,0.01486458,0.293369,0.784043,SPEED_DEMON
22600,0.535351,2.111204,0.015219,0.00018174,0.01194060,0.291651,0.784043,SPEED_DEMON
22700,0.535351,2.108382,0.014713,0.00007386,0.00501948,0.290113,0.784043,SPEED_DEMON
22800,0.535351,2.104704,0.014263,0.00018190,0.01275245,0.289199,0.784043,SPEED_DEMON
22900,0.535351,2.081789,0.014571,0.00018838,0.01292757,0.287778,0.784043,SPEED_DEMON
23000,0.535351,2.083473,0.013298,0.00017902,0.01346164,0.285887,0.784043,SPEED_DEMON
23100,0.535351,2.100456,0.014253,0.00018288,0.01282997,0.284972,0.784043,SPEED_DEMON
23200,0.535351,2.151309,0.015612,0.00010839,0.00694231,0.283508,0.784043,SPEED_DEMON
23300,0.535351,2.196417,0.213220,0.00041185,0.00193158,0.281853,0.784043,SPEED_DEMON
23400,0.535351,2.222229,0.322884,0.00045065,0.00139570,0.280069,0.784043,SPEED_DEMON
23500,0.535351,2.269155,0.419923,0.00050130,0.00119378,0.278171,0.784043,SPEED_DEMON
23600,0.315790,2.196990,0.585553,0.00062582,0.00106877,0.274677,0.784043,SPEED_DEMON
23700,0.535351,1.892094,0.744416,0.00073154,0.00098270,0.270499,0.784043,SPEED_DEMON
23800,0.535351,1.838707,0.522147,0.00033568,0.00064289,0.268373,0.784043,SPEED_DEMON
23900,0.535351,1.876496,0.462743,0.00019030,0.00041125,0.267683,0.784043,SPEED_DEMON
24000,0.452057,1.922507,0.480010,0.00018678,0.00038911,0.266928,0.784043,SPEED_DEMON
24100,0.535351,1.969911,0.374340,0.00030015,0.00080181,0.265770,0.784043,SPEED_DEMON
24200,0.535351,2.022195,0.228885,0.00029503,0.00128897,0.264586,0.784043,SPEED_DEMON
24300,0.535351,2.153214,0.319888,0.00029891,0.00093442,0.263398,0.784043,SPEED_DEMON
24400,0.335014,2.236949,0.148710,0.00029616,0.00199150,0.262211,0.784043,SPEED_DEMON
24500,0.311775,2.057109,0.049420,0.00029381,0.00594497,0.261031,0.784043,SPEED_DEMON
24600,0.289354,1.942221,0.053487,0.00029210,0.00546103,0.259569,0.784043,SPEED_DEMON
24700,0.202953,1.972492,0.070086,0.00029286,0.00417852,0.258106,0.784043,SPEED_DEMON
24800,0.268806,1.952490,0.037144,0.00029237,0.00787112,0.256350,0.784043,SPEED_DEMON
24900,0.291938,1.936482,0.003021,0.00029176,0.09656005,0.255182,0.784043,SPEED_DEMON
25000,0.293329,1.952788,0.041932,0.00029209,0.00696568,0.253723,0.784043,SPEED_DEMON
25100,0.316924,2.015930,0.004097,0.00023734,0.05792226,0.252718,0.784043,SPEED_DEMON
25200,0.234912,2.110161,0.098903,0.00023883,0.00241474,0.251528,0.784043,SPEED_DEMON
25300,0.208639,2.157226,0.132608,0.00024000,0.00180986,0.250330,0.784043,SPEED_DEMON
25400,0.223871,2.160844,0.125064,0.00024011,0.00191991,0.249369,0.784043,SPEED_DEMON
25500,0.233435,2.148677,0.082858,0.00023948,0.00289024,0.248410,0.784043,SPEED_DEMON
25600,0.242670,2.131375,0.005039,0.00023825,0.04727097,0.247216,0.784043,SPEED_DEMON
25700,0.246199,2.125281,0.043669,0.00023831,0.00545701,0.246502,0.784043,SPEED_DEMON
25800,0.248278,2.122026,0.084512,0.00023894,0.00282727,0.245786,0.784043,SPEED_DEMON
25900,0.244088,2.086205,0.119866,0.00023938,0.00199707,0.244829,0.784043,SPEED_DEMON
26000,0.236047,2.053548,0.129170,0.00023937,0.00185309,0.244110,0.784043,SPEED_DEMON
26100,0.222430,2.005227,0.111850,0.00023887,0.00213562,0.242915,0.784043,SPEED_DEMON
26200,0.535351,2.010776,0.153942,0.00021163,0.00137474,0.242059,0.784043,SPEED_DEMON
26300,0.341193,2.048191,0.234229,0.00024020,0.00102548,0.241344,0.784043,SPEED_DEMON
26400,0.198508,2.091921,0.196925,0.00024058,0.00122167,0.240381,0.784043,SPEED_DEMON
26500,0.188141,2.130027,0.186753,0.00024069,0.00128883,0.239419,0.784043,SPEED_DEMON
26600,0.158915,2.171743,0.178264,0.00024081,0.00135085,0.238215,0.784043,SPEED_DEMON
26700,0.142907,2.194455,0.180904,0.00024101,0.00133222,0.237492,0.784043,SPEED_DEMON
26800,0.129347,2.229656,0.194488,0.00024141,0.00124126,0.236286,0.784043,SPEED_DEMON
26900,0.129090,2.249708,0.206258,0.00024174,0.00117202,0.235561,0.784043,SPEED_DEMON
27000,0.136293,2.282165,0.224813,0.00024225,0.00107755,0.234351,0.784043,SPEED_DEMON
27100,0.144112,2.307752,0.236569,0.00024262,0.00102558,0.233381,0.784043,SPEED_DEMON
27200,0.149186,2.326800,0.241525,0.00024285,0.00100547,0.232653,0.784043,SPEED_DEMON
27300,0.153696,2.440670,0.242419,0.00024346,0.00100428,0.231923,0.784043,SPEED_DEMON
27400,0.158434,2.580682,0.236935,0.00024442,0.00103157,0.230947,0.784043,SPEED_DEMON
27500,0.161391,2.701858,0.226883,0.00024516,0.00108054,0.229967,0.784043,SPEED_DEMON
27600,0.160960,2.807206,0.214957,0.00024574,0.00114322,0.228985,0.784043,SPEED_DEMON
27700,0.157211,2.919443,0.199125,0.00024635,0.00123718,0.227755,0.784043,SPEED_DEMON
27800,0.152997,2.995713,0.198713,0.00024683,0.00124213,0.226768,0.784043,SPEED_DEMON
27900,0.150435,3.034085,0.197187,0.00024712,0.00125319,0.226027,0.784043,SPEED_DEMON
28000,0.148268,3.079577,0.200708,0.00024746,0.00123292,0.225038,0.784043,SPEED_DEMON
28100,0.148188,3.119477,0.207169,0.00024785,0.00119638,0.224047,0.784043,SPEED_DEMON
28200,0.149732,3.162735,0.218352,0.00024832,0.00113724,0.222806,0.784043,SPEED_DEMON
28300,0.151386,3.185684,0.223497,0.00024858,0.00111222,0.222061,0.784043,SPEED_DEMON
28400,0.153541,3.213292,0.228477,0.00024884,0.00108911,0.221066,0.784043,SPEED_DEMON
28500,0.154696,3.232034,0.231939,0.00024905,0.00107379,0.220319,0.784043,SPEED_DEMON
28600,0.155329,3.254755,0.230354,0.00024921,0.00108185,0.219322,0.784043,SPEED_DEMON
28700,0.154891,3.275231,0.224932,0.00024927,0.00110818,0.218325,0.784043,SPEED_DEMON
28800,0.151747,3.302426,0.219054,0.00024940,0.00113853,0.216829,0.784043,SPEED_DEMON
28900,0.149343,3.318595,0.212648,0.00024939,0.00117278,0.215831,0.784043,SPEED_DEMON
29000,0.147072,3.333267,0.209750,0.00024947,0.00118937,0.214834,0.784043,SPEED_DEMON
29100,0.145826,3.346355,0.206696,0.00024949,0.00120702,0.213836,0.784043,SPEED_DEMON
29200,0.145310,3.358070,0.208281,0.00024961,0.00119842,0.212838,0.784043,SPEED_DEMON
29300,0.145963,3.368595,0.209800,0.00024968,0.00119008,0.211839,0.784043,SPEED_DEMON
29400,0.146933,3.378084,0.214602,0.00024984,0.00116419,0.210840,0.784043,SPEED_DEMON
29500,0.148163,3.386706,0.217556,0.00024994,0.00114886,0.209840,0.784043,SPEED_DEMON
29600,0.149357,3.394655,0.220674,0.00025003,0.00113302,0.208840,0.784043,SPEED_DEMON
29700,0.149626,3.402019,0.223815,0.00025016,0.00111769,0.207840,0.784043,SPEED_DEMON
29800,0.149017,3.412121,0.222447,0.00025022,0.00112483,0.206339,0.784043,SPEED_DEMON
29900,0.148316,3.416801,0.218474,0.00025023,0.00114534,0.205588,0.784043,SPEED_DEMON
30000,0.147202,3.422708,0.219978,0.00025025,0.00113761,0.204587,0.784043,SPEED_DEMON
30100,0.145493,3.430947,0.214681,0.00025024,0.00116562,0.203085,0.784043,SPEED_DEMON
30200,0.145091,3.434824,0.210471,0.00025024,0.00118893,0.202335,0.784043,SPEED_DEMON
30300,0.145150,3.439776,0.213244,0.00025026,0.00117360,0.201334,0.784043,SPEED_DEMON
30400,0.146075,3.446805,0.212332,0.00025030,0.00117883,0.199832,0.784043,SPEED_DEMON
30500,0.202204,1.932884,0.223719,0.00013066,0.00058402,0.188216,0.784043,EXPLORER
30600,0.198908,1.820313,0.015785,0.00012425,0.00787101,0.181770,0.784043,EXPLORER
30700,0.129534,2.746981,0.205656,0.00024418,0.00118731,0.153988,0.784043,EXPLORER
30800,0.098004,3.591809,0.094784,0.00029698,0.00313317,0.073087,0.784043,EXPLORER
30900,0.086627,1.936919,0.188279,0.00027163,0.00144269,0.983494,0.000000,EXPLORER
31000,0.148594,2.075950,0.100044,0.00012903,0.00128971,0.937371,0.000000,EXPLORER
31100,0.700000,2.581162,0.314556,0.00038247,0.00121589,0.867993,0.000000,EXPLORER
31200,0.440800,2.720463,0.235807,0.00024136,0.00102353,0.763362,0.000000,EXPLORER
31300,0.534222,1.873923,0.207020,0.00012548,0.00060613,0.694242,0.000000,EXPLORER
31400,0.679870,5.345483,0.177558,0.00024349,0.00137133,0.666563,0.026437,EXPLORER
31500,0.200303,1.753039,0.276090,0.00024707,0.00089489,0.612626,0.026437,EXPLORER
31600,0.601469,2.645422,0.057428,0.00012612,0.00219616,0.550891,0.026437,EXPLORER
31700,0.375699,2.509486,0.151380,0.00021338,0.00140955,0.486183,0.026437,EXPLORER
31800,0.694448,3.464130,0.237358,0.00022475,0.00094686,0.439961,0.026437,EXPLORER
31900,0.484667,1.921195,0.064150,0.00005029,0.00078398,0.414179,0.026437,EXPLORER
32000,0.220072,1.787689,0.104650,0.00014770,0.00141138,0.363588,0.026437,EXPLORER
32100,0.694448,1.600610,0.117052,0.00010007,0.00085490,0.311167,0.026437,EXPLORER
32200,0.067829,3.181354,0.192731,0.00024552,0.00127390,0.245741,0.026437,EXPLORER
32300,0.203390,2.421598,0.275663,0.00027315,0.00099087,0.166100,0.026437,EXPLORER
32400,0.694448,2.526164,0.085359,0.00011882,0.00139200,0.095790,0.026437,EXPLORER
32500,0.237464,2.965788,0.142864,0.00029347,0.00205418,0.070128,0.026437,EXPLORER
32600,0.430849,2.030901,0.897517,0.00016666,0.00018569,0.980941,0.000000,EXPLORER
32700,0.700000,3.585746,0.185215,0.00016795,0.00090680,0.934264,0.000000,EXPLORER
32800,0.026675,2.178086,0.119870,0.00014729,0.00122870,0.882825,0.685286,EXPLORER
32900,0.170523,2.950076,0.091614,0.00018870,0.00205975,0.823307,0.970501,EXPLORER
33000,0.090639,3.507809,0.125767,0.00019458,0.00154712,0.775252,0.970501,EXPLORER
33100,0.034337,3.425028,0.096260,0.00019216,0.00199625,0.726344,0.970501,EXPLORER
33200,0.048882,3.651993,0.042989,0.00019369,0.00450536,0.678047,0.970501,EXPLORER
33300,0.057315,2.539085,0.073161,0.00018597,0.00254185,0.630484,0.970501,EXPLORER
33400,0.247324,3.528208,0.103721,0.00019313,0.00186198,0.579720,0.970501,EXPLORER
33500,0.110750,3.435311,0.121435,0.00019241,0.00158443,0.530227,0.970501,EXPLORER
33600,0.119113,3.521714,0.066722,0.00019271,0.00288820,0.478702,0.970501,EXPLORER
33700,0.255668,2.440619,0.063337,0.00018550,0.00292868,0.431693,0.970501,EXPLORER
33800,0.136674,3.690451,0.110602,0.00019519,0.00176478,0.373316,0.970501,EXPLORER
33900,0.254897,3.619784,0.040111,0.00019340,0.00482146,0.315559,0.970501,EXPLORER
34000,0.120904,3.741509,0.097944,0.00019435,0.00198428,0.254818,0.970501,EXPLORER
34100,0.043720,3.081540,0.093046,0.00019039,0.00204614,0.194491,0.970501,EXPLORER
34200,0.159620,3.632720,0.119576,0.00019421,0.00162412,0.136708,0.970501,EXPLORER
34300,0.279500,3.533767,0.124398,0.00021431,0.00172275,0.075007,0.970501,EXPLORER
34400,0.273267,3.886791,0.163799,0.00021710,0.00132538,0.015758,0.970501,EXPLORER
34500,0.528672,1.904456,0.097757,0.00012465,0.00127511,0.968042,0.000000,EXPLORER
34600,0.172050,2.140519,0.089564,0.00014912,0.00166489,0.932175,0.000000,EXPLORER
34700,0.609125,2.871363,0.189239,0.00019944,0.00105389,0.889058,0.000000,EXPLORER
34800,0.362371,1.736221,0.415711,0.00035637,0.00085724,0.813700,0.000000,EXPLORER
34900,0.306462,2.071630,0.209192,0.00019243,0.00091988,0.740711,0.000000,EXPLORER
35000,0.048712,2.241950,0.064777,0.00008375,0.00129285,0.711214,0.000000,EXPLORER
35100,0.141652,3.195426,0.180184,0.00023970,0.00133030,0.664712,0.000000,EXPLORER
35200,0.372561,4.963784,0.330483,0.00024572,0.00074352,0.594529,0.000000,EXPLORER
35300,0.357668,2.980342,0.560815,0.00012051,0.00021488,0.544520,0.117131,EXPLORER
35400,0.340674,3.550618,0.598956,0.00014690,0.00024526,0.483430,0.117131,EXPLORER
35500,0.397282,2.923154,0.259344,0.00016604,0.00064022,0.418242,0.117131,EXPLORER
35600,0.080577,2.663382,0.301878,0.00035578,0.00117855,0.346754,0.117131,EXPLORER
35700,0.133177,2.807900,0.337615,0.00039369,0.00116608,0.211530,0.117131,EXPLORER
35800,0.138417,3.438998,0.158921,0.00017245,0.00108514,0.131336,0.117131,EXPLORER
35900,0.543339,3.640520,0.147643,0.00029721,0.00201303,0.049670,0.117131,EXPLORER
36000,0.226594,1.961716,0.188968,0.00014297,0.00075660,0.961051,0.000000,EXPLORER
36100,0.257344,1.795165,0.435156,0.00014466,0.00033243,0.908091,0.000000,EXPLORER
36200,0.491414,1.798049,0.295711,0.00013133,0.00044410,0.846993,0.000000,EXPLORER
36300,0.357076,2.721869,0.009295,0.00012907,0.01388498,0.780088,0.000000,EXPLORER
36400,0.112974,2.334821,0.232407,0.00030933,0.00133098,0.701831,0.127538,EXPLORER
36500,0.258165,1.509136,0.068146,0.00034024,0.00499273,0.627164,0.127538,EXPLORER
36600,0.582486,3.159411,0.364438,0.00023688,0.00064998,0.568207,0.127538,EXPLORER
36700,0.673217,2.425382,0.270927,0.00006921,0.00025544,0.479224,0.127538,EXPLORER
36800,0.673217,3.380991,0.291349,0.00022607,0.00077595,0.454695,0.127538,EXPLORER
36900,0.612870,1.969956,0.117696,0.00012820,0.00108925,0.385699,0.127538,EXPLORER
37000,0.673217,3.175373,0.015714,0.00021044,0.01339136,0.340335,0.127538,EXPLORER
37100,0.673217,1.856724,0.006393,0.00020084,0.03140922,0.293853,0.127538,EXPLORER
37200,0.363846,2.763312,0.050938,0.00013309,0.00261263,0.249156,0.127538,EXPLORER
37300,0.673217,2.348282,0.028785,0.00018480,0.00641970,0.197828,0.127538,EXPLORER
37400,0.060000,2.678707,0.000927,0.00005678,0.06116582,0.167855,0.127538,EXPLORER
37500,0.673217,3.385896,0.007358,0.00021176,0.02877482,0.130088,0.127538,EXPLORER
37600,0.519309,3.060201,0.002820,0.00005933,0.02102953,0.099735,0.127538,EXPLORER
37700,0.673217,2.263679,0.006509,0.00020389,0.03132034,0.056314,0.127538,EXPLORER
37800,0.673217,3.394250,0.001980,0.00021178,0.10691208,0.016154,0.127538,EXPLORER
37900,0.177037,1.939891,0.000765,0.00014955,0.19527652,0.974003,0.000000,EXPLORER
38000,0.442353,2.369503,0.080019,0.00011028,0.00137812,0.953149,0.000000,EXPLORER
38100,0.337047,2.219056,0.033247,0.00011753,0.00353509,0.943420,0.000000,EXPLORER
38200,0.392288,2.045833,0.221336,0.00018858,0.00085199,0.934467,0.000000,EXPLORER
38300,0.254551,2.127478,0.123553,0.00014095,0.00114078,0.922834,0.000000,EXPLORER
38400,0.700000,2.704507,0.397478,0.00036481,0.00091782,0.904406,0.000000,EXPLORER
38500,0.350945,2.026419,0.034406,0.00009985,0.00290215,0.887278,0.000000,EXPLORER
38600,0.403095,2.986697,0.071119,0.00016199,0.00227764,0.865649,0.000000,EXPLORER
38700,0.027897,2.295451,0.194492,0.00025146,0.00129288,0.849429,0.000000,EXPLORER
38800,0.056301,3.543327,0.051068,0.00021363,0.00418315,0.834153,0.000000,EXPLORER
38900,0.694000,2.264101,0.217650,0.00019764,0.00090805,0.819390,0.000000,EXPLORER
39000,0.700000,2.199349,0.154615,0.00023096,0.00149379,0.806280,0.000000,EXPLORER
39100,0.363952,2.998288,0.011594,0.00004822,0.00415820,0.800136,0.000000,EXPLORER
39200,0.700000,2.241150,0.024183,0.00006977,0.00288507,0.797070,0.000000,EXPLORER
39300,0.396314,2.160493,0.162959,0.00032925,0.00202046,0.787294,0.000000,EXPLORER
39400,0.324768,1.457757,0.033120,0.00004667,0.00140908,0.779288,0.000000,EXPLORER
39500,0.101255,1.916296,0.337905,0.00039161,0.00115894,0.757555,0.000000,EXPLORER
39600,0.400186,2.819697,0.545060,0.00031246,0.00057325,0.741014,0.000000,EXPLORER
39700,0.100394,1.978313,0.113418,0.00025361,0.00223608,0.723520,0.000000,EXPLORER
39800,0.279015,1.877278,0.587970,0.00037197,0.00063263,0.706703,0.000000,EXPLORER
39900,0.599199,2.618050,0.202670,0.00025190,0.00124292,0.688564,0.000000,EXPLORER
40000,0.287339,3.009782,0.619813,0.00039173,0.00063201,0.669279,0.000000,EXPLORER
40100,0.539739,2.438252,0.179815,0.00029537,0.00164265,0.649822,0.000000,EXPLORER
40200,0.203366,1.849862,0.699400,0.00036572,0.00052291,0.630984,0.000000,EXPLORER
40300,0.236651,2.308280,0.503753,0.00021376,0.00042434,0.618940,0.000000,EXPLORER
40400,0.192197,1.197950,0.089654,0.00010298,0.00114857,0.585866,0.000000,EXPLORER
40500,0.700000,2.773274,0.304719,0.00013090,0.00042959,0.537410,0.000000,EXPLORER
40600,0.249208,1.998826,0.033204,0.00007992,0.00240677,0.837331,0.000000,EXPLORER
40700,0.700000,3.003656,0.037080,0.00012393,0.00334222,0.784775,0.000000,EXPLORER
40800,0.162494,2.382643,0.212200,0.00024326,0.00114636,0.684014,0.000000,EXPLORER
40900,0.161265,2.201965,0.081049,0.00011550,0.00142499,0.945498,0.000000,EXPLORER
41000,0.531693,2.005558,0.355865,0.00016826,0.00047281,0.890548,0.000000,EXPLORER
41100,0.700000,3.187326,0.203274,0.00024120,0.00118658,0.818962,0.000000,EXPLORER
41200,0.132987,2.770427,0.332192,0.00014836,0.00044661,0.755962,0.000000,EXPLORER
41300,0.179193,3.021381,0.016394,0.00020926,0.01276392,0.698524,0.000000,EXPLORER
41400,0.108898,2.263056,0.082107,0.00005919,0.00072091,0.650180,0.000000,EXPLORER
41500,0.136678,3.173587,0.077698,0.00011643,0.00149849,0.611628,0.000000,EXPLORER
41600,0.169526,3.299149,0.122491,0.00018286,0.00149282,0.569012,0.000000,EXPLORER
41700,0.456099,2.063230,0.379244,0.00012359,0.00032590,0.507803,0.000000,EXPLORER
41800,0.700000,3.140265,0.198292,0.00023406,0.00118040,0.432977,0.000000,EXPLORER
41900,0.277998,3.291974,0.015606,0.00016359,0.01048183,0.370499,0.000000,EXPLORER
42000,0.461493,3.452740,0.395345,0.00021210,0.00053649,0.349246,0.000000,EXPLORER
42100,0.373594,1.965461,0.208122,0.00021979,0.00105607,0.334078,0.000000,EXPLORER
42200,0.183699,1.824362,0.215182,0.00031585,0.00146781,0.318186,0.000000,EXPLORER
42300,0.636501,2.192449,0.114432,0.00023848,0.00208402,0.297362,0.000000,EXPLORER
42400,0.059081,2.536425,0.316961,0.00022601,0.00071304,0.282559,0.000000,EXPLORER
42500,0.330398,2.259903,0.360055,0.00037156,0.00103194,0.261954,0.000000,EXPLORER
42600,0.281177,3.121068,0.157928,0.00033450,0.00211804,0.239051,0.000000,EXPLORER
42700,0.066260,3.229745,0.199326,0.00029003,0.00145506,0.216555,0.000000,EXPLORER
42800,0.139509,3.256445,0.177799,0.00026455,0.00148789,0.198273,0.000000,EXPLORER
42900,0.359063,3.364578,0.195443,0.00027271,0.00139533,0.182205,0.000000,EXPLORER
43000,0.231702,2.406642,0.436298,0.00027634,0.00063338,0.167370,0.000000,EXPLORER
43100,0.437508,1.075706,0.296242,0.00026572,0.00089697,0.145997,0.000000,EXPLORER
43200,0.700000,2.041463,0.034730,0.00026786,0.00771223,0.128560,0.000000,EXPLORER
43300,0.700000,1.897021,0.146334,0.00026757,0.00182847,0.117950,0.000000,EXPLORER
43400,0.239403,2.027146,0.302493,0.00027181,0.00089857,0.102481,0.000000,EXPLORER
43500,0.113073,2.655238,0.183776,0.00022501,0.00122438,0.088633,0.000000,EXPLORER
43600,0.700000,3.175547,0.294579,0.00027581,0.00093629,0.074727,0.000000,EXPLORER
43700,0.076421,1.889089,0.246652,0.00026993,0.00109437,0.058706,0.000000,EXPLORER
43800,0.179860,1.862350,0.026400,0.00022050,0.00835168,0.044327,0.000000,EXPLORER
43900,0.027967,2.741408,0.492262,0.00027566,0.00055999,0.030776,0.000000,EXPLORER
44000,0.187620,3.220877,0.182874,0.00023048,0.00126033,0.017430,0.000000,EXPLORER
44100,0.189101,1.860494,0.162399,0.00011200,0.00068969,0.004982,0.000000,EXPLORER
44200,0.695882,1.870363,0.103417,0.00005374,0.00051966,0.996208,0.000000,EXPLORER
44300,0.219886,1.975693,0.115708,0.00010216,0.00088287,0.989683,0.000000,EXPLORER
44400,0.439473,1.964909,0.012447,0.00014645,0.01176474,0.982443,0.000000,EXPLORER
44500,0.102070,2.007976,0.054529,0.00011483,0.00210584,0.973490,0.000000,EXPLORER
44600,0.447126,1.929823,0.130353,0.00025875,0.00198496,0.959720,0.000000,EXPLORER
44700,0.215140,1.760346,0.565914,0.00037066,0.00065497,0.942991,0.000000,EXPLORER
44800,0.102708,1.479306,0.390953,0.00036918,0.00094432,0.921231,0.000000,EXPLORER
44900,0.083332,2.575796,0.329204,0.00037602,0.00114220,0.900361,0.000000,EXPLORER
45000,0.242177,2.616065,0.419430,0.00037753,0.00090010,0.878180,0.000000,EXPLORER
45100,0.335499,1.391589,0.186199,0.00030295,0.00162703,0.861993,0.000000,EXPLORER
45200,0.196569,1.753585,0.270620,0.00027813,0.00102773,0.846086,0.000000,EXPLORER
45300,0.700000,1.590150,0.041656,0.00007082,0.00170014,0.833016,0.000000,EXPLORER
45400,0.349966,2.052393,0.058429,0.00020621,0.00352912,0.822207,0.000000,EXPLORER
45500,0.201985,2.044190,0.462200,0.00021330,0.00046148,0.812601,0.000000,EXPLORER
45600,0.259674,2.377298,0.268955,0.00018388,0.00068369,0.801757,0.000000,EXPLORER
45700,0.586439,1.899058,0.076873,0.00010179,0.00132407,0.792314,0.000000,EXPLORER
45800,0.311174,1.830115,0.068146,0.00008882,0.00130341,0.785665,0.000000,EXPLORER
45900,0.389099,1.983007,0.209538,0.00015692,0.00074890,0.779060,0.000000,EXPLORER
46000,0.316621,3.137054,0.085350,0.00013019,0.00152540,0.772725,0.000000,EXPLORER
46100,0.068947,1.661460,0.167824,0.00021672,0.00129137,0.761346,0.000000,EXPLORER
46200,0.380102,1.879370,0.098298,0.00015664,0.00159350,0.754849,0.000000,EXPLORER
46300,0.415994,3.030840,0.093930,0.00013571,0.00144483,0.744690,0.000000,EXPLORER
46400,0.272038,2.090146,0.132436,0.00014918,0.00112639,0.737096,0.000000,EXPLORER
46500,0.337400,2.940722,0.075325,0.00015502,0.00205794,0.727584,0.000000,EXPLORER
46600,0.149275,2.294624,0.015348,0.00012895,0.00840144,0.720368,0.000000,EXPLORER
46700,0.205771,1.551416,0.263379,0.00012863,0.00048838,0.712916,0.000000,EXPLORER
46800,0.405557,2.504972,0.172589,0.00013323,0.00077196,0.704237,0.000000,EXPLORER
46900,0.502198,3.818545,0.495153,0.00021469,0.00043357,0.694707,0.000000,EXPLORER
47000,0.657870,5.429612,0.142697,0.00015034,0.00105358,0.684942,0.088607,EXPLORER
47100,0.058709,6.138748,0.213641,0.00024754,0.00115868,0.668179,0.126668,EXPLORER
47200,0.092788,6.979915,0.206005,0.00025600,0.00124270,0.650535,0.196808,EXPLORER
47300,0.658670,2.828876,0.035853,0.00025122,0.00700673,0.636342,0.196808,EXPLORER
47400,0.336459,3.042201,0.377317,0.00022946,0.00060813,0.620972,0.196808,EXPLORER
47500,0.368717,3.366178,0.396985,0.00012237,0.00030824,0.611233,0.196808,EXPLORER
47600,0.212831,4.370804,0.341492,0.00012863,0.00037666,0.603852,0.196808,EXPLORER
47700,0.642290,2.218542,0.089038,0.00012861,0.00144444,0.596490,0.274808,EXPLORER
47800,0.630731,1.896731,0.161323,0.00012858,0.00079701,0.587585,0.329852,EXPLORER
47900,0.339852,2.224054,0.068981,0.00014881,0.00215718,0.580189,0.464515,EXPLORER
48000,0.568979,1.974998,0.158287,0.00007295,0.00046087,0.572472,0.623911,EXPLORER
48100,0.302478,1.978417,0.105228,0.00009392,0.00089249,0.564592,0.623911,EXPLORER
48200,0.302458,1.651620,0.114716,0.00014577,0.00127072,0.556755,0.623911,EXPLORER
48300,0.342230,2.547104,0.343088,0.00010062,0.00029327,0.550119,0.623911,EXPLORER
48400,0.568979,2.881309,0.422681,0.00019487,0.00046104,0.540478,0.623911,EXPLORER
48500,0.568979,3.164039,0.547144,0.00019803,0.00036193,0.529607,0.623911,EXPLORER
48600,0.098774,3.251401,1.088553,0.00020724,0.00019039,0.518263,0.662003,EXPLORER
48700,0.560979,2.024522,1.025273,0.00030159,0.00029415,0.509327,0.662003,EXPLORER
48800,0.560979,3.065431,0.714853,0.00033324,0.00046616,0.491788,0.662003,EXPLORER
48900,0.535180,2.191960,0.114951,0.00024234,0.00210823,0.472991,0.784858,EXPLORER
49000,0.535180,1.741891,0.245806,0.00028387,0.00115483,0.456515,0.784858,EXPLORER
49100,0.226573,3.048711,0.330862,0.00039845,0.00120427,0.437340,0.784858,EXPLORER
49200,0.349358,3.302386,0.347498,0.00040105,0.00115410,0.415681,0.784858,EXPLORER
49300,0.053037,2.634350,0.319085,0.00039614,0.00124149,0.393604,0.784858,EXPLORER
49400,0.105624,1.644310,0.311238,0.00038959,0.00125175,0.371330,0.784858,EXPLORER
49500,0.110169,2.887436,0.327384,0.00039180,0.00119677,0.352055,0.784858,EXPLORER
49600,0.176537,3.289890,0.207106,0.00013917,0.00067198,0.343150,0.784858,EXPLORER
49700,0.512885,2.302885,0.213972,0.00019814,0.00092602,0.333244,0.784858,EXPLORER
49800,0.217863,2.665033,0.223485,0.00023356,0.00104509,0.321707,0.784858,EXPLORER
49900,0.123379,2.407209,0.325022,0.00024453,0.00075233,0.307983,0.784858,EXPLORER
50000,0.371677,2.464946,0.073390,0.00015294,0.00208383,0.297132,0.784858,EXPLORER
50100,0.402276,1.640415,0.199525,0.00023650,0.00118530,0.285374,0.784858,EXPLORER
50200,0.072129,2.992420,0.131668,0.00022586,0.00171532,0.272430,0.784858,EXPLORER
50300,0.401178,1.758330,0.268043,0.00027332,0.00101969,0.256619,0.784858,EXPLORER
50400,0.357514,2.281786,0.269018,0.00033173,0.00123309,0.235417,0.784858,EXPLORER
50500,0.114252,2.501750,0.103564,0.00022225,0.00214602,0.220901,0.784858,EXPLORER
50600,0.143119,2.905651,0.134955,0.00026891,0.00199261,0.205772,0.784858,EXPLORER
50700,0.535180,1.605788,0.196882,0.00021918,0.00111324,0.192515,0.784858,EXPLORER
50800,0.358039,2.782834,0.077503,0.00018848,0.00243185,0.181810,0.784858,EXPLORER
50900,0.535180,2.096137,0.010239,0.00018289,0.01786046,0.171784,0.784858,EXPLORER
51000,0.535180,1.941573,0.033676,0.00013286,0.00394527,0.163059,0.784858,EXPLORER
51100,0.495396,1.839729,0.019219,0.00012697,0.00660625,0.154403,0.784858,EXPLORER
51200,0.167193,2.717467,0.235919,0.00027613,0.00117045,0.143943,0.784858,EXPLORER
51300,0.199048,2.195213,0.028848,0.00003893,0.00134961,0.131494,0.784858,EXPLORER
51400,0.137286,2.046409,0.098122,0.00007095,0.00072309,0.125358,0.784858,EXPLORER
51500,0.535180,1.899095,0.029150,0.00018176,0.00623486,0.119841,0.784858,EXPLORER
51600,0.535180,2.967427,0.021031,0.00018906,0.00898899,0.111459,0.784858,EXPLORER
51700,0.535180,2.116143,0.018413,0.00007448,0.00404475,0.096572,0.784858,EXPLORER
51800,0.535180,3.447500,0.002088,0.00019217,0.09201349,0.054990,0.784858,EXPLORER
51900,0.239367,3.519459,0.003502,0.00008280,0.02363866,0.009703,0.784858,EXPLORER
52000,0.297626,2.030022,0.364051,0.00026890,0.00073864,0.963426,0.000000,EXPLORER
52100,0.572904,2.250813,0.348216,0.00035811,0.00102841,0.855947,0.000000,EXPLORER
52200,0.700000,2.511910,0.048014,0.00008891,0.00185164,0.981644,0.000000,EXPLORER
52300,0.700000,2.814847,0.007692,0.00018773,0.02440189,0.937071,0.000000,EXPLORER
52400,0.700000,1.795101,0.217467,0.00022400,0.00103003,0.877633,0.000000,EXPLORER
52500,0.601428,1.632097,0.149393,0.00018173,0.00121647,0.822369,0.000000,EXPLORER
52600,0.161971,1.682040,0.030428,0.00012567,0.00412987,0.770578,0.000000,EXPLORER
52700,0.209327,2.850715,0.049422,0.00013739,0.00277981,0.715729,0.000000,EXPLORER
52800,0.512194,2.705558,0.150433,0.00014803,0.00098404,0.666401,0.023550,EXPLORER
52900,0.086088,2.169834,0.062791,0.00010971,0.00174719,0.652915,0.023550,EXPLORER
53000,0.310381,1.901516,0.131867,0.00022181,0.00168205,0.637987,0.023550,EXPLORER
53100,0.351637,2.336632,0.178175,0.00024430,0.00137110,0.624023,0.023550,EXPLORER
53200,0.512727,2.969136,0.194947,0.00030091,0.00154355,0.608521,0.023550,EXPLORER
53300,0.495289,1.738110,0.131495,0.00023824,0.00181176,0.593469,0.023550,EXPLORER
53400,0.063051,1.580458,0.163324,0.00023687,0.00145027,0.579864,0.023550,EXPLORER
53500,0.386706,2.803973,0.530761,0.00033920,0.00063909,0.563824,0.023550,EXPLORER
53600,0.118234,3.165582,0.288425,0.00025576,0.00088673,0.549448,0.023550,EXPLORER
53700,0.452714,1.905312,0.236274,0.00027134,0.00114842,0.534027,0.023550,EXPLORER
53800,0.181765,1.742823,0.015860,0.00020010,0.01261589,0.518213,0.023550,EXPLORER
53900,0.456869,1.709827,0.030109,0.00017991,0.00597506,0.501847,0.023550,EXPLORER
54000,0.063546,2.535897,0.007677,0.00005569,0.00725388,0.468187,0.023550,EXPLORER
54100,0.327220,1.448744,0.053796,0.00019843,0.00368847,0.434787,0.023550,EXPLORER
54200,0.695055,2.185828,0.018040,0.00007396,0.00409966,0.393890,0.023550,EXPLORER
54300,0.695055,2.814704,0.064014,0.00018863,0.00294671,0.354720,0.023550,EXPLORER
54400,0.464538,3.657016,0.045353,0.00010498,0.00231471,0.307829,0.023550,EXPLORER
54500,0.332926,2.416258,0.255673,0.00025501,0.00099739,0.245289,0.023550,EXPLORER
54600,0.439466,2.807060,0.250332,0.00028094,0.00112228,0.136065,0.023550,EXPLORER
54700,0.006467,1.396511,0.255764,0.00028650,0.00112018,0.077437,0.023550,EXPLORER
54800,0.111143,3.220357,0.231479,0.00027889,0.00120482,0.061870,0.023550,EXPLORER
54900,0.070929,2.674779,0.204527,0.00029461,0.00144042,0.045593,0.023550,EXPLORER
55000,0.139618,1.302007,0.073514,0.00026319,0.00358008,0.028741,0.023550,EXPLORER
55100,0.139361,2.725638,0.271570,0.00029615,0.00109052,0.013469,0.023550,EXPLORER
55200,0.700000,1.889942,0.192136,0.00024601,0.00128037,0.997096,0.000000,EXPLORER
55300,0.700000,3.129185,1.762675,0.00008070,0.00004578,0.987155,0.000000,EXPLORER
55400,0.700000,3.357831,2.920615,0.00043744,0.00014977,0.968642,0.000000,EXPLORER
55500,0.551754,3.241825,0.072204,0.00016103,0.00223013,0.956566,0.705931,EXPLORER
55600,0.551754,2.729733,0.768082,0.00019741,0.00025702,0.945947,0.705931,EXPLORER
55700,0.551754,1.945459,1.626986,0.00028865,0.00017742,0.931749,0.705931,EXPLORER
55800,0.547700,5.377318,2.060013,0.00042599,0.00020679,0.914740,0.725239,EXPLORER
55900,0.539244,2.377723,2.415821,0.00042637,0.00017649,0.891005,0.765506,EXPLORER
56000,0.539244,2.959981,1.956851,0.00009676,0.00004944,0.869157,0.765506,EXPLORER
56100,0.565429,1.857181,0.223648,0.00007107,0.00031776,0.990648,0.108373,EXPLORER
56200,0.624044,1.938003,0.171403,0.00014156,0.00082589,0.983524,0.108373,EXPLORER
56300,0.617058,1.923966,0.301832,0.00024055,0.00079698,0.971574,0.108373,EXPLORER
56400,0.249635,1.784971,0.195680,0.00023844,0.00121853,0.958405,0.108373,EXPLORER
56500,0.153615,1.806400,0.278492,0.00023980,0.00086108,0.944401,0.108373,EXPLORER
56600,0.163579,2.387003,0.013511,0.00018495,0.01368769,0.933494,0.108373,EXPLORER
56700,0.677242,1.504850,0.117016,0.00037771,0.00322780,0.921008,0.108373,EXPLORER
56800,0.413179,1.767811,0.339059,0.00039030,0.00115112,0.897309,0.108373,EXPLORER
56900,0.677242,1.922386,0.049576,0.00011396,0.00229856,0.882348,0.108373,EXPLORER
57000,0.158494,1.925892,0.251099,0.00032107,0.00127865,0.864946,0.108373,EXPLORER
57100,0.355668,2.356825,0.122390,0.00025720,0.00210146,0.848252,0.108373,EXPLORER
57200,0.027264,2.279975,0.038416,0.00024032,0.00625541,0.835266,0.108373,EXPLORER
57300,0.677242,2.039691,0.068674,0.00011356,0.00165362,0.824983,0.108373,EXPLORER
57400,0.181656,1.953762,0.091573,0.00023800,0.00259895,0.812263,0.108373,EXPLORER
57500,0.124606,2.043776,0.322018,0.00024217,0.00075205,0.799305,0.108373,EXPLORER
57600,0.105470,1.726150,0.134868,0.00023965,0.00177694,0.785252,0.108373,EXPLORER
57700,0.647646,2.370519,0.234747,0.00022926,0.00097664,0.771730,0.108373,EXPLORER
57800,0.396231,3.142786,0.238300,0.00021225,0.00089069,0.758840,0.108373,EXPLORER
57900,0.295951,2.726755,0.185304,0.00024609,0.00132800,0.744684,0.108373,EXPLORER
58000,0.128834,2.413786,0.198140,0.00024271,0.00122494,0.730315,0.108373,EXPLORER
58100,0.627807,2.594221,0.150831,0.00016024,0.00106241,0.717816,0.108373,EXPLORER
58200,0.184266,2.455407,0.318487,0.00032816,0.00103036,0.704529,0.108373,EXPLORER
58300,0.163112,3.293825,0.278517,0.00039970,0.00143510,0.682081,0.108373,EXPLORER
58400,0.160511,2.622883,0.377877,0.00039712,0.00105093,0.657256,0.108373,EXPLORER
58500,0.632986,2.180228,0.229359,0.00020927,0.00091241,0.637901,0.108373,EXPLORER
58600,0.181413,2.041577,0.001295,0.00004029,0.03107850,0.623985,0.108373,EXPLORER
58700,0.018457,2.153752,0.023038,0.00003888,0.00168759,0.621268,0.108373,EXPLORER
58800,0.016438,2.413357,0.022587,0.00004031,0.00178470,0.618890,0.108373,EXPLORER
58900,0.294114,2.066612,0.194982,0.00025244,0.00129468,0.608400,0.108373,EXPLORER
59000,0.020389,1.954467,0.045239,0.00004466,0.00098720,0.598031,0.108373,EXPLORER
59100,0.067034,2.035431,0.020550,0.00003754,0.00182687,0.595912,0.108373,EXPLORER
59200,0.008835,2.096247,0.016993,0.00003794,0.00223260,0.593753,0.108373,EXPLORER
59300,0.361375,1.992382,0.247078,0.00025181,0.00101915,0.584575,0.108373,EXPLORER
59400,0.182136,1.955224,0.101377,0.00003845,0.00037932,0.574923,0.108373,EXPLORER
59500,0.114472,1.903722,0.016000,0.00003671,0.00229409,0.572930,0.108373,EXPLORER
59600,0.056894,2.100450,0.014286,0.00003786,0.00265003,0.570943,0.108373,EXPLORER
59700,0.677242,1.937702,0.264299,0.00024196,0.00091549,0.561512,0.108373,EXPLORER
59800,0.014974,1.921942,0.499937,0.00039083,0.00078177,0.543519,0.108373,EXPLORER
59900,0.493244,2.533970,0.010287,0.00033466,0.03252761,0.524317,0.108373,EXPLORER
60000,0.135935,3.071215,0.218602,0.00031376,0.00143529,0.504520,0.108373,EXPLORER
60100,0.510538,1.966766,0.238779,0.00023598,0.00098827,0.488547,0.108373,EXPLORER
60200,0.677242,1.880374,0.132455,0.00030142,0.00227562,0.477629,0.108373,EXPLORER
60300,0.449686,2.326973,0.349179,0.00007901,0.00022626,0.465542,0.108373,EXPLORER
60400,0.677242,2.981926,0.119177,0.00006456,0.00054174,0.457796,0.108373,EXPLORER
60500,0.385708,1.940642,0.147171,0.00007729,0.00052516,0.452084,0.108373,EXPLORER
60600,0.677242,1.838432,0.006668,0.00018094,0.02713368,0.443881,0.108373,EXPLORER
60700,0.677242,1.827755,0.027996,0.00012780,0.00456467,0.437646,0.108373,EXPLORER
60800,0.677242,2.705584,0.009170,0.00013194,0.01438724,0.430425,0.108373,EXPLORER
60900,0.534656,2.007442,0.221968,0.00022770,0.00102583,0.421402,0.108373,EXPLORER
61000,0.677242,2.205984,0.173498,0.00004185,0.00024120,0.412037,0.108373,EXPLORER
61100,0.186068,1.972542,0.032062,0.00003747,0.00116865,0.410051,0.108373,EXPLORER
61200,0.051985,2.563813,0.015117,0.00004117,0.00272310,0.407981,0.108373,EXPLORER
61300,0.677242,2.058252,0.240717,0.00019810,0.00082296,0.399698,0.108373,EXPLORER
61400,0.110289,1.895218,0.313092,0.00024077,0.00076900,0.387621,0.108373,EXPLORER
61500,0.314540,2.132534,0.148686,0.00012967,0.00087213,0.379880,0.108373,EXPLORER
61600,0.171541,2.842307,0.109418,0.00013444,0.00122868,0.372452,0.108373,EXPLORER
61700,0.677242,2.028373,0.009958,0.00018238,0.01831261,0.363482,0.108373,EXPLORER
61800,0.677242,1.920177,0.043362,0.00018210,0.00419943,0.355201,0.108373,EXPLORER
61900,0.677242,1.951477,0.023761,0.00012816,0.00539351,0.347492,0.108373,EXPLORER
62000,0.677242,2.638923,0.015644,0.00018661,0.01192758,0.338877,0.108373,EXPLORER
62100,0.677242,2.111973,0.011449,0.00018295,0.01597753,0.330063,0.108373,EXPLORER
62200,0.677242,1.949530,0.012385,0.00018182,0.01467958,0.321193,0.108373,EXPLORER
62300,0.677242,1.960844,0.012251,0.00018178,0.01483640,0.313121,0.108373,EXPLORER
62400,0.677242,2.797381,0.012779,0.00013266,0.01038013,0.304888,0.108373,EXPLORER
62500,0.262475,2.063979,0.036582,0.00007723,0.00211110,0.299548,0.108373,EXPLORER
62600,0.677242,1.964332,0.027517,0.00018220,0.00662105,0.292598,0.108373,EXPLORER
62700,0.677242,1.904265,0.070447,0.00018240,0.00258913,0.286996,0.108373,EXPLORER
62800,0.677242,2.671288,0.009116,0.00007679,0.00842324,0.280007,0.108373,EXPLORER
62900,0.270545,2.006792,0.072724,0.00007775,0.00106915,0.275162,0.108373,EXPLORER
63000,0.677242,1.977786,0.071094,0.00018290,0.00257267,0.269722,0.108373,EXPLORER
63100,0.152314,1.931568,0.022695,0.00007417,0.00326808,0.263963,0.108373,EXPLORER
63200,0.677242,2.562241,0.020334,0.00018613,0.00915314,0.257270,0.108373,EXPLORER
63300,0.677242,1.965345,0.014345,0.00007638,0.00532406,0.251233,0.108373,EXPLORER
63400,0.677242,1.946740,0.069748,0.00006991,0.00100236,0.243304,0.108373,EXPLORER
63500,0.677242,2.118791,0.042103,0.00018338,0.00435548,0.234928,0.108373,EXPLORER
63600,0.040953,3.040907,0.052944,0.00008009,0.00151264,0.226733,0.108373,EXPLORER
63700,0.386868,2.066470,0.011936,0.00007631,0.00639244,0.219604,0.108373,EXPLORER
63800,0.677242,1.933023,0.024513,0.00006909,0.00281851,0.215222,0.108373,EXPLORER
63900,0.677242,1.910396,0.004755,0.00007314,0.01537747,0.208069,0.108373,EXPLORER
64000,0.677242,2.770615,0.025587,0.00007771,0.00303701,0.200707,0.108373,EXPLORER
64100,0.079321,2.107526,0.007005,0.00017851,0.02547792,0.193377,0.108373,EXPLORER
64200,0.359199,1.943097,0.010145,0.00018454,0.01818805,0.182985,0.108373,EXPLORER
64300,0.129216,2.025496,0.016441,0.00012680,0.00771178,0.175459,0.108373,EXPLORER
64400,0.477104,2.990509,0.144243,0.00013604,0.00094315,0.166209,0.108373,EXPLORER
64500,0.472272,1.981147,0.360353,0.00022747,0.00063125,0.157132,0.108373,EXPLORER
64600,0.148869,1.852798,0.143439,0.00013071,0.00091127,0.146676,0.108373,EXPLORER
64700,0.109654,2.043106,0.142213,0.00023844,0.00167666,0.134828,0.108373,EXPLORER
64800,0.109557,3.065825,0.164934,0.00024689,0.00149688,0.120633,0.108373,EXPLORER
64900,0.301165,1.917993,0.196230,0.00023938,0.00121987,0.106876,0.108373,EXPLORER
65000,0.222828,1.844002,0.218992,0.00023916,0.00109210,0.092521,0.108373,EXPLORER
65100,0.080303,2.017281,0.221143,0.00024016,0.00108601,0.078450,0.108373,EXPLORER
65200,0.314087,3.126767,0.259272,0.00025803,0.00099522,0.064210,0.108373,EXPLORER
65300,0.104832,1.931681,0.324526,0.00026245,0.00080873,0.049804,0.108373,EXPLORER
65400,0.603315,1.843764,0.350995,0.00027922,0.00079551,0.035187,0.108373,EXPLORER
65500,0.199600,1.427188,0.300522,0.00028724,0.00095580,0.017738,0.108373,EXPLORER
65600,0.700000,1.632671,0.006750,0.00022795,0.03376774,0.997568,0.000000,EXPLORER
65700,0.331060,1.904521,0.020287,0.00010885,0.00536548,0.989940,0.000000,EXPLORER
65800,0.369347,1.895965,0.019606,0.00012284,0.00626507,0.981838,0.000000,EXPLORER
65900,0.307551,1.900006,0.096175,0.00012503,0.00130000,0.974046,0.000000,EXPLORER
66000,0.470235,1.903288,0.207577,0.00013627,0.00065646,0.967230,0.000000,EXPLORER
66100,0.700000,2.077361,0.055897,0.00009944,0.00177898,0.957174,0.000000,EXPLORER
66200,0.427579,1.952356,0.135049,0.00025346,0.00187678,0.946492,0.000000,EXPLORER
66300,0.348921,1.791720,0.024360,0.00027781,0.01140371,0.930383,0.000000,EXPLORER
66400,0.547676,1.283598,0.384841,0.00027522,0.00071516,0.915219,0.000000,EXPLORER
66500,0.700000,2.977618,0.204425,0.00019268,0.00094256,0.898400,0.000000,EXPLORER
66600,0.700000,2.793218,0.384268,0.00019448,0.00050609,0.882694,0.000000,EXPLORER
66700,0.048303,2.435169,0.015087,0.00005638,0.00373681,0.873487,0.000000,EXPLORER
66800,0.015400,1.552794,0.014671,0.00004009,0.00273245,0.870830,0.000000,EXPLORER
66900,0.700000,2.125682,0.178993,0.00018565,0.00103720,0.862841,0.000000,EXPLORER
67000,0.409723,1.987512,0.023386,0.00003750,0.00160352,0.852887,0.000000,EXPLORER
67100,0.148082,2.052261,0.030085,0.00003786,0.00125843,0.850992,0.000000,EXPLORER
67200,0.006896,2.145841,0.024715,0.00003846,0.00155613,0.849100,0.000000,EXPLORER
67300,0.700000,1.976722,0.101195,0.00014427,0.00142565,0.841599,0.000000,EXPLORER
67400,0.193381,1.964437,0.359216,0.00024333,0.00067738,0.830185,0.000000,EXPLORER
67500,0.059091,1.971223,0.269951,0.00024094,0.00089252,0.817474,0.000000,EXPLORER
67600,0.076966,2.631025,0.236892,0.00024496,0.00103405,0.804904,0.000000,EXPLORER
67700,0.700000,1.989166,0.018866,0.00008473,0.00449092,0.794096,0.000000,EXPLORER
67800,0.468729,1.923676,0.073035,0.00012705,0.00173957,0.784680,0.000000,EXPLORER
67900,0.200585,1.931107,0.123372,0.00012820,0.00103914,0.777671,0.000000,EXPLORER
68000,0.334303,2.913730,0.232477,0.00023106,0.00099392,0.769125,0.000000,EXPLORER
68100,0.226554,2.013856,0.007369,0.00012602,0.01709849,0.757845,0.000000,EXPLORER
68200,0.426098,1.906178,0.315683,0.00022600,0.00071591,0.749315,0.000000,EXPLORER
68300,0.467945,1.912976,0.077329,0.00011325,0.00146451,0.741942,0.000000,EXPLORER
68400,0.415583,2.470731,0.233839,0.00013356,0.00057118,0.732934,0.000000,EXPLORER
68500,0.171531,1.763667,0.120497,0.00021523,0.00178614,0.722913,0.000000,EXPLORER
68600,0.243970,2.785734,0.165716,0.00024457,0.00147582,0.709357,0.000000,EXPLORER
68700,0.036145,3.026346,0.236744,0.00024774,0.00104643,0.695963,0.000000,EXPLORER
68800,0.290418,2.803199,0.214333,0.00024611,0.00114824,0.681883,0.000000,EXPLORER
68900,0.522807,1.900173,0.030678,0.00012650,0.00412332,0.669261,0.000000,EXPLORER
69000,0.116006,2.246090,0.181911,0.00024154,0.00132781,0.656735,0.000000,EXPLORER
69100,0.138728,3.208392,0.097255,0.00036753,0.00377895,0.633909,0.000000,EXPLORER
69200,0.700000,3.272685,0.370170,0.00019623,0.00053012,0.610910,0.000000,EXPLORER
69300,0.700000,3.386599,0.308244,0.00036037,0.00116912,0.597597,0.000000,EXPLORER
69400,0.216535,2.881877,0.140111,0.00005265,0.00037574,0.588891,0.000000,EXPLORER
69500,0.056509,1.551330,0.049369,0.00003484,0.00070562,0.586503,0.000000,EXPLORER
69600,0.034810,2.991921,0.006554,0.00004396,0.00670668,0.584472,0.000000,EXPLORER
69700,0.700000,2.282788,0.257318,0.00021221,0.00082471,0.575780,0.000000,EXPLORER
69800,0.354849,1.999007,0.249063,0.00023975,0.00096262,0.562304,0.000000,EXPLORER
69900,0.130967,2.343836,0.242883,0.00024280,0.00099966,0.549567,0.000000,EXPLORER
70000,0.124955,2.925764,0.235404,0.00024697,0.00104913,0.536322,0.000000,EXPLORER
70100,0.262217,1.979610,0.006263,0.00012096,0.01931141,0.525116,0.000000,EXPLORER
70200,0.189563,2.499702,0.352448,0.00033481,0.00094996,0.512923,0.000000,EXPLORER
70300,0.077921,2.387426,0.132661,0.00026516,0.00199877,0.495870,0.000000,EXPLORER
70400,0.222660,2.350889,0.087435,0.00024327,0.00278225,0.480715,0.000000,EXPLORER
70500,0.084207,2.650385,0.123650,0.00015399,0.00124538,0.467368,0.000000,EXPLORER
70600,0.123898,1.819634,0.162290,0.00020113,0.00123933,0.458060,0.000000,EXPLORER
70700,0.113926,1.882738,0.137181,0.00023797,0.00173470,0.444557,0.000000,EXPLORER
70800,0.189180,2.477278,0.186233,0.00018795,0.00100919,0.431618,0.000000,EXPLORER
70900,0.700000,3.265296,0.101528,0.00013741,0.00135337,0.420831,0.000000,EXPLORER
71000,0.148661,1.609443,0.148588,0.00005656,0.00038066,0.413621,0.000000,EXPLORER
71100,0.030732,2.237546,0.070873,0.00004459,0.00062914,0.410941,0.000000,EXPLORER
71200,0.086454,1.850329,0.038574,0.00003660,0.00094885,0.408787,0.000000,EXPLORER
71300,0.289080,2.165916,0.141470,0.00019519,0.00137975,0.399442,0.000000,EXPLORER
71400,0.233282,1.943208,0.375479,0.00037839,0.00100776,0.384979,0.000000,EXPLORER
71500,0.161092,1.803108,0.284708,0.00038198,0.00134166,0.362222,0.000000,EXPLORER
71600,0.436995,3.053139,0.097224,0.00013551,0.00139374,0.346731,0.000000,EXPLORER
71700,0.196686,2.145623,0.086350,0.00012923,0.00149653,0.339276,0.000000,EXPLORER
71800,0.180666,1.596531,0.004145,0.00012473,0.03008588,0.331652,0.000000,EXPLORER
71900,0.165772,2.510226,0.013576,0.00013054,0.00961491,0.324057,0.000000,EXPLORER
72000,0.503999,1.930419,0.177125,0.00019625,0.00110797,0.315055,0.000000,EXPLORER
72100,0.202280,2.498630,0.078394,0.00018642,0.00237801,0.303880,0.000000,EXPLORER
72200,0.200800,3.198944,0.073524,0.00019146,0.00260396,0.292341,0.000000,EXPLORER
72300,0.133989,3.023978,0.031640,0.00004462,0.00141025,0.280615,0.000000,EXPLORER
72400,0.071982,1.154051,0.053198,0.00003177,0.00059722,0.278350,0.000000,EXPLORER
72500,0.628160,1.894625,0.028593,0.00004711,0.00164752,0.275853,0.000000,EXPLORER
72600,0.476722,2.166448,0.098624,0.00004043,0.00040991,0.273494,0.000000,EXPLORER
72700,0.317907,2.036936,0.085702,0.00023975,0.00279748,0.261350,0.000000,EXPLORER
72800,0.147031,2.800095,0.204068,0.00024550,0.00120305,0.247530,0.000000,EXPLORER
72900,0.700000,1.988379,0.204097,0.00024260,0.00118864,0.233774,0.000000,EXPLORER
73000,0.185479,2.697117,0.180200,0.00025103,0.00139303,0.218104,0.000000,EXPLORER
73100,0.411216,1.295249,0.239676,0.00030484,0.00127188,0.202282,0.000000,EXPLORER
73200,0.198069,3.044774,0.250396,0.00029845,0.00119190,0.183760,0.000000,EXPLORER
73300,0.121404,1.998943,0.189165,0.00028980,0.00153196,0.167070,0.000000,EXPLORER
73400,0.316230,1.631939,0.129755,0.00028705,0.00221222,0.150253,0.000000,EXPLORER
73500,0.018680,2.656744,0.267013,0.00029570,0.00110743,0.132848,0.000000,EXPLORER
73600,0.408139,1.581498,0.242171,0.00028760,0.00118759,0.115489,0.000000,EXPLORER
73700,0.110316,3.105368,0.265605,0.00029862,0.00112431,0.097277,0.000000,EXPLORER
73800,0.128336,1.821802,0.276861,0.00028974,0.00104652,0.080259,0.000000,EXPLORER
73900,0.393315,3.128949,0.144603,0.00005162,0.00035698,0.065193,0.000000,EXPLORER
74000,0.029237,2.892919,0.008763,0.00025043,0.02857496,0.055714,0.000000,EXPLORER
74100,0.240263,1.735222,0.289349,0.00028330,0.00097911,0.039552,0.000000,EXPLORER
74200,0.252152,1.567083,0.246168,0.00028833,0.00117127,0.021635,0.000000,EXPLORER
74300,0.282549,2.780782,0.248531,0.00029610,0.00119139,0.003741,0.000000,EXPLORER
74400,0.700000,1.703944,0.199161,0.00012884,0.00064691,0.993172,0.000000,EXPLORER
74500,0.687225,2.898694,0.211636,0.00011687,0.00055223,0.985129,0.060832,EXPLORER
74600,0.027878,3.314752,0.174855,0.00011938,0.00068272,0.978106,0.105982,EXPLORER
74700,0.095326,3.416457,0.262740,0.00012016,0.00045733,0.971277,0.137211,EXPLORER
74800,0.088129,3.347984,0.221473,0.00012053,0.00054422,0.963452,0.177220,EXPLORER
74900,0.159502,3.380613,0.236790,0.00012070,0.00050973,0.955989,0.208252,EXPLORER
75000,0.254707,2.237694,0.019963,0.00011968,0.00599465,0.947891,0.233447,EXPLORER
75100,0.380094,2.328262,0.134919,0.00011016,0.00081652,0.939516,0.233447,EXPLORER
75200,0.223081,2.787051,0.339335,0.00023195,0.00068354,0.931454,0.233447,EXPLORER
75300,0.574174,2.153656,0.052964,0.00010572,0.00199604,0.920526,0.233447,EXPLORER
75400,0.084051,2.004357,0.217780,0.00021945,0.00100765,0.907800,0.233447,EXPLORER
75500,0.143076,1.445774,0.228409,0.00023647,0.00103527,0.893911,0.233447,EXPLORER
75600,0.086659,3.134577,0.018388,0.00017024,0.00925796,0.880179,0.233447,EXPLORER
75700,0.401944,3.266516,0.074198,0.00019174,0.00258406,0.869154,0.233447,EXPLORER
75800,0.650976,1.533356,0.400015,0.00038016,0.00095037,0.854185,0.233447,EXPLORER
75900,0.247130,1.537624,0.007307,0.00005150,0.00704715,0.840196,0.233447,EXPLORER
76000,0.281491,2.828264,0.020235,0.00004487,0.00221719,0.837111,0.233447,EXPLORER
76100,0.650976,2.109318,0.009518,0.00016292,0.01711611,0.828889,0.233447,EXPLORER
76200,0.650976,1.993085,0.068778,0.00027300,0.00396926,0.820699,0.233447,EXPLORER
76300,0.056316,1.977366,0.057252,0.00003162,0.00055230,0.815984,0.233447,EXPLORER
76400,0.017531,2.463776,0.021053,0.00003479,0.00165226,0.814080,0.233447,EXPLORER
76500,0.650976,1.948896,0.167759,0.00017398,0.00103710,0.807935,0.233447,EXPLORER
76600,0.426621,1.980262,0.276721,0.00028181,0.00101838,0.801058,0.233447,EXPLORER
76700,0.348513,1.979154,0.042582,0.00016178,0.00379930,0.789126,0.233447,EXPLORER
76800,0.178535,2.381929,0.072551,0.00027604,0.00380472,0.774664,0.233447,EXPLORER
76900,0.330232,1.904751,0.224038,0.00019232,0.00085841,0.763081,0.233447,EXPLORER
77000,0.193243,1.854885,0.074923,0.00011024,0.00147138,0.755972,0.233447,EXPLORER
77100,0.154995,1.743880,0.038045,0.00010670,0.00280458,0.749167,0.233447,EXPLORER
77200,0.112852,2.444260,0.146699,0.00019391,0.00132182,0.741819,0.233447,EXPLORER
77300,0.228952,1.958671,0.127855,0.00013175,0.00103049,0.734498,0.233447,EXPLORER
77400,0.165207,1.945554,0.207616,0.00019714,0.00094954,0.724468,0.233447,EXPLORER
77500,0.159873,1.968118,0.166281,0.00021946,0.00131979,0.711797,0.233447,EXPLORER
77600,0.153027,2.706519,0.183021,0.00022463,0.00122735,0.700196,0.233447,EXPLORER
77700,0.449385,1.905134,0.127222,0.00013227,0.00103966,0.689494,0.233447,EXPLORER
77800,0.197853,1.879282,0.405280,0.00027411,0.00067633,0.678020,0.233447,EXPLORER
77900,0.173618,2.310286,0.104053,0.00021358,0.00205263,0.663906,0.233447,EXPLORER
78000,0.116547,2.783481,0.204842,0.00023914,0.00116745,0.646322,0.233447,EXPLORER
78100,0.457251,1.948690,0.180119,0.00019084,0.00105950,0.634704,0.233447,EXPLORER
78200,0.141595,2.013832,0.307080,0.00037091,0.00120785,0.613832,0.233447,EXPLORER
78300,0.251271,1.224828,0.344480,0.00036656,0.00106409,0.591907,0.233447,EXPLORER
78400,0.650976,1.573965,0.282981,0.00036830,0.00130149,0.569726,0.233447,EXPLORER
78500,0.095930,2.254077,0.337980,0.00030374,0.00089870,0.550279,0.233447,EXPLORER
78600,0.186105,1.444792,0.378273,0.00033761,0.00089250,0.531869,0.233447,EXPLORER
78700,0.530159,1.689988,0.133055,0.00023216,0.00174479,0.512905,0.233447,EXPLORER
78800,0.570481,2.938230,0.273808,0.00029890,0.00109163,0.496442,0.233447,EXPLORER
78900,0.252353,2.171322,0.423197,0.00038937,0.00092007,0.473015,0.233447,EXPLORER
79000,0.085043,2.096882,0.552770,0.00038737,0.00070079,0.448435,0.233447,EXPLORER
79100,0.602179,3.403467,0.339093,0.00037522,0.00110655,0.387224,0.233447,EXPLORER
79200,0.525092,3.396945,0.474576,0.00035364,0.00074516,0.372512,0.233447,EXPLORER
79300,0.590493,2.099861,0.562582,0.00037133,0.00066004,0.357811,0.233447,EXPLORER
79400,0.501319,2.032217,0.246632,0.00029701,0.00120425,0.339777,0.233447,EXPLORER
79500,0.082085,2.628324,0.246822,0.00024995,0.00101266,0.326676,0.233447,EXPLORER
79600,0.439625,3.071397,0.277675,0.00023492,0.00084602,0.313630,0.233447,EXPLORER
79700,0.335756,2.010227,0.302221,0.00024147,0.00079898,0.299018,0.233447,EXPLORER
79800,0.229655,1.854898,0.214618,0.00023921,0.00111458,0.285498,0.233447,EXPLORER
79900,0.157769,2.623250,0.257039,0.00024498,0.00095308,0.271092,0.233447,EXPLORER
80000,0.510786,1.814396,0.099899,0.00017044,0.00170610,0.605429,0.233447,EXPLORER
80100,0.425366,1.948700,0.063965,0.00008455,0.00132174,0.597425,0.233447,EXPLORER
80200,0.145981,1.855104,0.313879,0.00031513,0.00100397,0.581882,0.233447,EXPLORER
80300,0.564140,2.349343,0.447827,0.00033340,0.00074449,0.562924,0.233447,EXPLORER
80400,0.362800,2.980650,0.416618,0.00030030,0.00072080,0.544878,0.233447,EXPLORER
80500,0.603190,1.968921,0.193504,0.00022101,0.00114211,0.530305,0.233447,EXPLORER
80600,0.479815,1.850659,0.208817,0.00032958,0.00157834,0.509311,0.233447,EXPLORER
80700,0.123436,2.677436,0.254056,0.00022677,0.00089259,0.495504,0.233447,EXPLORER
80800,0.116607,3.066313,0.272174,0.00027965,0.00102748,0.480215,0.233447,EXPLORER
80900,0.650976,1.970977,0.147768,0.00021187,0.00143381,0.463388,0.233447,EXPLORER
81000,0.281708,1.897376,0.214653,0.00036858,0.00171709,0.444230,0.233447,EXPLORER
81100,0.163504,2.665602,0.323308,0.00037654,0.00116463,0.423318,0.233447,EXPLORER
81200,0.313515,2.216203,0.327402,0.00035286,0.00107775,0.396001,0.233447,EXPLORER
81300,0.118421,3.259268,0.346503,0.00038097,0.00109948,0.373090,0.233447,EXPLORER
81400,0.650976,3.206851,0.311805,0.00031027,0.00099508,0.349292,0.233447,EXPLORER
81500,0.491653,3.258770,0.209229,0.00013918,0.00066522,0.339120,0.233447,EXPLORER
81600,0.569104,2.740385,0.301446,0.00018800,0.00062366,0.330695,0.233447,EXPLORER
81700,0.433926,1.709543,0.136912,0.00021004,0.00153409,0.320416,0.233447,EXPLORER
81800,0.123406,1.784864,0.300833,0.00021976,0.00073049,0.307258,0.233447,EXPLORER
81900,0.232622,3.124468,0.176846,0.00022729,0.00128526,0.293259,0.233447,EXPLORER
82000,0.650976,2.628847,0.419984,0.00035011,0.00083362,0.277215,0.233447,EXPLORER
82100,0.119298,2.456391,0.331572,0.00037416,0.00112845,0.256338,0.233447,EXPLORER
82200,0.064316,1.274693,0.003604,0.00003266,0.00905925,0.247526,0.233447,EXPLORER
82300,0.062259,2.517778,0.003140,0.00004051,0.01290053,0.245346,0.233447,EXPLORER
82400,0.075128,2.936907,0.030497,0.00003403,0.00111572,0.242958,0.233447,EXPLORER
82500,0.465212,2.073476,0.028643,0.00003838,0.00133999,0.238519,0.233447,EXPLORER
82600,0.308253,1.962770,0.217120,0.00004062,0.00018711,0.235352,0.233447,EXPLORER
82700,0.394077,1.873579,0.088073,0.00003703,0.00042039,0.233264,0.233447,EXPLORER
82800,0.187745,2.102965,0.056453,0.00002631,0.00046600,0.231179,0.233447,EXPLORER
82900,0.111687,1.925288,0.040703,0.00003012,0.00073985,0.228214,0.233447,EXPLORER
83000,0.437907,1.896451,0.098147,0.00001813,0.00018467,0.226155,0.233447,EXPLORER
83100,0.140174,1.853378,0.035838,0.00002116,0.00059036,0.224275,0.233447,EXPLORER
83200,0.108095,2.092877,0.034064,0.00002295,0.00067382,0.222344,0.233447,EXPLORER
83300,0.129250,1.978304,0.148429,0.00003895,0.00026243,0.220001,0.233447,EXPLORER
83400,0.499537,1.901990,0.068310,0.00003572,0.00052294,0.216954,0.233447,EXPLORER
83500,0.373498,1.845442,0.036258,0.00003616,0.00099722,0.214042,0.233447,EXPLORER
83600,0.359503,2.803629,0.063352,0.00004094,0.00064627,0.210938,0.233447,EXPLORER
83700,0.191164,1.924743,0.010746,0.00003791,0.00352790,0.208158,0.233447,EXPLORER
83800,0.096238,1.885558,0.008734,0.00002599,0.00297481,0.206161,0.233447,EXPLORER
83900,0.175602,1.848637,0.070235,0.00002369,0.00033732,0.204146,0.233447,EXPLORER
84000,0.358339,2.525751,0.010422,0.00004141,0.00397259,0.201745,0.233447,EXPLORER
84100,0.298898,1.995120,0.099435,0.00029520,0.00296875,0.191880,0.233447,EXPLORER
84200,0.064958,1.865549,0.134066,0.00026825,0.00200088,0.173525,0.233447,EXPLORER
84300,0.305739,3.107463,0.260149,0.00028902,0.00111097,0.151231,0.233447,EXPLORER
84400,0.101317,3.378524,0.315933,0.00028133,0.00089046,0.126843,0.233447,EXPLORER
84500,0.349693,1.977704,0.242982,0.00025095,0.00103278,0.107552,0.233447,EXPLORER
84600,0.159564,1.954621,0.295342,0.00029105,0.00098548,0.089741,0.233447,EXPLORER
84700,0.164532,3.034279,0.219102,0.00029744,0.00135754,0.073366,0.233447,EXPLORER
84800,0.222632,3.308414,0.277933,0.00028015,0.00100797,0.056488,0.233447,EXPLORER
84900,0.172550,1.944563,0.226940,0.00028992,0.00127751,0.039797,0.233447,EXPLORER
85000,0.394434,1.935691,0.342340,0.00027201,0.00079456,0.019995,0.233447,EXPLORER
85100,0.650976,3.116677,0.020440,0.00029507,0.01443556,0.002678,0.233447,EXPLORER
85200,0.501831,1.992595,0.016473,0.00009580,0.00581499,0.986642,0.000000,EXPLORER
85300,0.323627,2.005575,0.087376,0.00009074,0.00103850,0.976820,0.000000,EXPLORER
85400,0.206637,1.961451,0.226710,0.00023871,0.00105294,0.965129,0.000000,EXPLORER
85500,0.105426,1.754067,0.169922,0.00021782,0.00128190,0.947289,0.000000,EXPLORER
85600,0.064422,1.728476,0.191685,0.00022258,0.00116115,0.932127,0.000000,EXPLORER
85700,0.410554,2.368134,0.223304,0.00033010,0.00147825,0.912084,0.000000,EXPLORER
85800,0.165084,1.364391,0.374751,0.00036781,0.00098147,0.887841,0.000000,EXPLORER
85900,0.553807,2.438664,0.318087,0.00038509,0.00121063,0.860973,0.000000,EXPLORER
86000,0.391318,3.115409,0.173885,0.00024783,0.00142524,0.845914,0.000000,EXPLORER
86100,0.335359,2.068441,0.052602,0.00009549,0.00181528,0.833613,0.000000,EXPLORER
86200,0.610962,1.994338,0.156878,0.00013107,0.00083549,0.823198,0.000000,EXPLORER
86300,0.193603,2.045268,0.273525,0.00022098,0.00080789,0.812196,0.000000,EXPLORER
86400,0.207859,2.839724,0.325732,0.00013777,0.00042296,0.798791,0.000000,EXPLORER
86500,0.394694,3.350322,0.030396,0.00009210,0.00302998,0.783498,0.000000,EXPLORER
86600,0.522290,3.388499,0.150391,0.00012081,0.00080328,0.766750,0.000000,EXPLORER
86700,0.223227,2.018667,0.211143,0.00023913,0.00113255,0.751406,0.000000,EXPLORER
86800,0.137628,3.402446,0.139786,0.00024895,0.00178096,0.736061,0.000000,EXPLORER
86900,0.439370,2.581064,0.017885,0.00007844,0.00438591,0.720201,0.000000,EXPLORER
87000,0.099860,1.938224,0.230164,0.00031296,0.00135971,0.700890,0.000000,EXPLORER
87100,0.700000,2.111645,0.565780,0.00038347,0.00067777,0.671014,0.000000,EXPLORER
87200,0.194357,2.730636,0.171501,0.00037474,0.00218502,0.645834,0.000000,EXPLORER
87300,0.700000,2.151212,0.032484,0.00008941,0.00275219,0.625416,0.000000,EXPLORER
87400,0.160047,2.021009,0.215866,0.00038873,0.00180077,0.604195,0.000000,EXPLORER
87500,0.116753,2.739423,0.327365,0.00039720,0.00121332,0.577430,0.000000,EXPLORER
87600,0.138217,3.073496,0.388987,0.00040023,0.00102890,0.554055,0.000000,EXPLORER
87700,0.700000,2.180244,0.047550,0.00012205,0.00256661,0.532095,0.000000,EXPLORER
87800,0.700000,1.940534,0.331357,0.00031844,0.00096103,0.508599,0.000000,EXPLORER
87900,0.154735,2.992839,0.225367,0.00022802,0.00101175,0.487446,0.000000,EXPLORER
88000,0.235841,3.185190,0.239794,0.00020868,0.00087026,0.471511,0.000000,EXPLORER
88100,0.672720,2.015503,0.114536,0.00011773,0.00102787,0.449196,0.000000,EXPLORER
88200,0.409458,2.429808,0.106839,0.00013276,0.00124256,0.430295,0.000000,EXPLORER
88300,0.401143,2.858925,0.502875,0.00033492,0.00066600,0.416206,0.000000,EXPLORER
88400,0.262318,2.958666,0.280489,0.00034600,0.00123356,0.392254,0.000000,EXPLORER
88500,0.540277,1.392425,0.336828,0.00020082,0.00059621,0.373653,0.000000,EXPLORER
88600,0.700000,1.895935,0.350267,0.00037316,0.00106536,0.349619,0.000000,EXPLORER
88700,0.566498,1.309927,0.128028,0.00013214,0.00103208,0.340261,0.000000,EXPLORER
88800,0.208627,2.840687,0.292067,0.00022655,0.00077566,0.322341,0.000000,EXPLORER
88900,0.383535,1.988071,0.327441,0.00025865,0.00078990,0.303484,0.000000,EXPLORER
89000,0.603475,2.005046,0.386234,0.00034595,0.00089571,0.281886,0.000000,EXPLORER
89100,0.111636,1.668112,0.307002,0.00022949,0.00074751,0.263173,0.017544,EXPLORER
89200,0.479603,2.674057,0.283571,0.00025733,0.00090747,0.235431,0.017544,EXPLORER
89300,0.180093,2.591722,0.032531,0.00020647,0.00634675,0.220843,0.017544,EXPLORER
89400,0.175115,1.961097,0.025352,0.00004296,0.00169450,0.206219,0.017544,EXPLORER
89500,0.584844,1.984433,0.151573,0.00026838,0.00177061,0.191779,0.017544,EXPLORER
89600,0.399550,3.289533,0.304672,0.00028015,0.00091952,0.170189,0.017544,EXPLORER
89700,0.083164,1.632593,0.184888,0.00026730,0.00144575,0.150623,0.017544,EXPLORER
89800,0.186179,3.625195,0.255776,0.00028208,0.00110284,0.129640,0.033412,EXPLORER
89900,0.068725,2.360498,0.219966,0.00025277,0.00114911,0.107817,0.033412,EXPLORER
90000,0.279384,3.755999,0.271342,0.00026332,0.00097044,0.085576,0.033412,EXPLORER
90100,0.147353,1.912070,0.254326,0.00027047,0.00106346,0.067292,0.033412,EXPLORER
90200,0.156473,1.834343,0.216970,0.00026908,0.00124018,0.051040,0.033412,EXPLORER
90300,0.219668,3.186702,0.319951,0.00025991,0.00081233,0.028224,0.033412,EXPLORER
90400,0.093736,3.398262,0.196367,0.00025970,0.00132252,0.009722,0.033412,EXPLORER
90500,0.218243,2.187488,0.153893,0.00013090,0.00085059,0.994250,0.000000,EXPLORER
90600,0.259236,2.837165,0.011766,0.00011321,0.00962071,0.984054,0.000000,EXPLORER
90700,0.453846,1.713889,0.042112,0.00010443,0.00247970,0.975088,0.000000,EXPLORER
90800,0.700000,2.496354,0.018072,0.00011028,0.00610190,0.965728,0.000000,EXPLORER
90900,0.299451,2.055747,0.026362,0.00014576,0.00552905,0.955339,0.000000,EXPLORER
91000,0.123835,2.338039,0.037678,0.00010591,0.00281084,0.949523,0.000000,EXPLORER
91100,0.199969,2.166196,0.066430,0.00010942,0.00164718,0.941836,0.000000,EXPLORER
91200,0.079145,2.096677,0.093175,0.00012920,0.00138659,0.933524,0.000000,EXPLORER
91300,0.657768,2.136413,0.067661,0.00007852,0.00116042,0.924445,0.000000,EXPLORER
91400,0.121459,2.004930,0.130540,0.00019805,0.00151716,0.910092,0.000000,EXPLORER
91500,0.403480,1.973842,0.226625,0.00024147,0.00106549,0.896445,0.000000,EXPLORER
91600,0.279360,2.581524,0.140920,0.00025008,0.00177462,0.881934,0.000000,EXPLORER
91700,0.211060,3.322300,0.492274,0.00037504,0.00076184,0.863021,0.000000,EXPLORER
91800,0.113761,3.192731,0.220723,0.00036204,0.00164023,0.848762,0.000000,EXPLORER
91900,0.700000,1.513722,0.280410,0.00003825,0.00013642,0.834891,0.000000,EXPLORER
92000,0.437954,1.962601,0.018576,0.00003851,0.00207284,0.832951,0.000000,EXPLORER
92100,0.700000,2.138711,0.073339,0.00016411,0.00223769,0.824743,0.000000,EXPLORER
92200,0.506432,2.197544,0.051405,0.00007849,0.00152684,0.814679,0.000000,EXPLORER
92300,0.281594,2.093345,0.051407,0.00005736,0.00111570,0.811008,0.000000,EXPLORER
92400,0.109409,2.218832,0.070570,0.00002919,0.00041364,0.808063,0.000000,EXPLORER
92500,0.700000,2.073903,0.099538,0.00018555,0.00186407,0.800552,0.000000,EXPLORER
92600,0.094175,2.205169,0.105845,0.00004005,0.00037838,0.792799,0.000000,EXPLORER
92700,0.159132,1.954946,0.029391,0.00003696,0.00125737,0.790639,0.000000,EXPLORER
92800,0.066160,2.098157,0.012973,0.00003787,0.00291891,0.788625,0.000000,EXPLORER
92900,0.700000,2.068737,0.145038,0.00012428,0.00085686,0.781741,0.000000,EXPLORER
93000,0.314834,1.951156,0.114106,0.00003865,0.00033870,0.774932,0.000000,EXPLORER
93100,0.700000,1.988657,0.213723,0.00026382,0.00123437,0.761799,0.000000,EXPLORER
93200,0.218122,2.818984,0.449194,0.00023704,0.00052769,0.741032,0.000000,EXPLORER
93300,0.665758,1.945663,0.028488,0.00009714,0.00340986,0.727974,0.000000,EXPLORER
93400,0.242863,1.871964,0.385816,0.00014990,0.00038851,0.715525,0.000000,EXPLORER
93500,0.700000,1.990647,0.045817,0.00012764,0.00278581,0.706566,0.000000,EXPLORER
93600,0.700000,2.805286,0.009980,0.00013278,0.01330302,0.695363,0.000000,EXPLORER
93700,0.700000,2.020164,0.033725,0.00014889,0.00441472,0.685502,0.000000,EXPLORER
93800,0.700000,1.997864,0.007451,0.00016206,0.02174599,0.672637,0.000000,EXPLORER
93900,0.189336,2.101281,0.016567,0.00012788,0.00771889,0.664044,0.000000,EXPLORER
94000,0.206476,2.757562,0.336309,0.00015734,0.00046783,0.656648,0.000000,EXPLORER
94100,0.472134,2.034896,0.054768,0.00014811,0.00270420,0.648441,0.000000,EXPLORER
94200,0.700000,1.975400,0.073437,0.00013043,0.00177602,0.640179,0.000000,EXPLORER
94300,0.424831,1.966727,0.090327,0.00014891,0.00164859,0.631989,0.000000,EXPLORER
94400,0.700000,2.672489,0.252810,0.00016120,0.00063764,0.622729,0.000000,EXPLORER
94500,0.242490,2.052880,0.119171,0.00014859,0.00124688,0.611008,0.000000,EXPLORER
94600,0.700000,1.964370,0.065391,0.00016277,0.00248906,0.602059,0.000000,EXPLORER
94700,0.021684,1.994088,0.028367,0.00012005,0.00423167,0.593292,0.000000,EXPLORER
94800,0.211470,2.779958,0.016711,0.00015281,0.00914407,0.583989,0.000000,EXPLORER
94900,0.162790,2.223785,0.031396,0.00016413,0.00522759,0.575882,0.000000,EXPLORER
95000,0.700000,2.025973,0.014340,0.00014548,0.01014445,0.566190,0.000000,EXPLORER
95100,0.700000,2.050087,0.006614,0.00014763,0.02231638,0.557056,0.000000,EXPLORER
95200,0.700000,2.373731,0.106374,0.00015114,0.00142081,0.548299,0.000000,EXPLORER
95300,0.700000,2.146158,0.014496,0.00016330,0.01126427,0.537740,0.000000,EXPLORER
95400,0.700000,2.091075,0.058625,0.00016264,0.00277409,0.524721,0.000000,EXPLORER
95500,0.700000,2.482366,0.005833,0.00015030,0.02576379,0.510930,0.000000,EXPLORER
0,0.700000,3.030117,0.031029,0.00015404,0.00496424,0.999633,0.000000,EXPLORER
95600,0.700000,2.605030,0.018170,0.00013148,0.00723589,0.487956,0.000000,EXPLORER
100,0.700000,3.396998,0.323131,0.00033948,0.00105060,0.952753,0.000000,EXPLORER
200,0.220414,2.467993,0.256978,0.00012597,0.00049018,0.905197,0.000000,EXPLORER
95700,0.162585,2.371210,0.464071,0.00012669,0.00027300,0.426884,0.000000,EXPLORER
300,0.153072,3.347604,0.095364,0.00021538,0.00225850,0.866832,0.000000,EXPLORER
400,0.379762,3.395719,0.130193,0.00025668,0.00197155,0.821884,0.000000,EXPLORER
95800,0.410383,2.189818,0.048268,0.00014878,0.00308233,0.332047,0.000000,EXPLORER
500,0.373633,5.784713,0.306144,0.00037226,0.00121596,0.751433,0.205332,EXPLORER
600,0.575775,3.448709,0.301184,0.00028782,0.00095563,0.674889,0.591547,EXPLORER
95900,0.700000,2.760036,0.002327,0.00020735,0.08908280,0.278052,0.000000,EXPLORER
700,0.036716,3.304306,0.473927,0.00018860,0.00039795,0.626149,0.598038,EXPLORER
800,0.574412,2.157606,0.511981,0.00008749,0.00017088,0.931834,0.598038,EXPLORER
96000,0.700000,3.297431,0.010151,0.00006137,0.00604487,0.220417,0.000000,EXPLORER
900,0.574412,2.250784,0.522769,0.00019730,0.00037741,0.893398,0.598038,EXPLORER
1000,0.542543,2.598669,0.632482,0.00013965,0.00022079,0.855811,0.749796,EXPLORER
1100,0.542543,3.085718,0.129612,0.00022348,0.00172419,0.811087,0.749796,EXPLORER
96100,0.700000,2.872144,0.008735,0.00005809,0.00664936,0.168351,0.000000,EXPLORER
1200,0.498659,2.605168,0.264106,0.00023466,0.00088851,0.755242,0.958766,EXPLORER
1300,0.237843,2.325348,0.282701,0.00011477,0.00040596,0.986691,0.057563,EXPLORER
96200,0.700000,2.711583,0.018548,0.00020724,0.01117223,0.117449,0.000000,EXPLORER
1400,0.205116,3.428958,0.373466,0.00039120,0.00104749,0.931308,0.057563,EXPLORER
1500,0.687912,3.522288,0.152037,0.00014996,0.00098631,0.858755,0.057563,EXPLORER
96300,0.209135,2.617110,0.134099,0.00005864,0.00043730,0.066736,0.000000,EXPLORER
1600,0.504848,3.116787,0.196824,0.00024669,0.00125333,0.812157,0.057563,EXPLORER
1700,0.173477,2.859010,0.024615,0.00007206,0.00292716,0.769077,0.063541,EXPLORER
96400,0.301398,2.842180,0.016715,0.00005806,0.00347310,0.018966,0.000000,EXPLORER
1800,0.444270,3.552269,0.258854,0.00018235,0.00070446,0.738657,0.063541,EXPLORER
1900,0.277458,2.336944,0.146758,0.00013102,0.00089279,0.704953,0.063541,EXPLORER
2000,0.558723,3.357452,0.018598,0.00017966,0.00965970,0.652543,0.063541,EXPLORER
96500,0.700000,2.235571,0.157858,0.00014734,0.00093339,0.963154,0.000000,EXPLORER
2100,0.081776,3.402513,0.036292,0.00027869,0.00767867,0.603984,0.063541,EXPLORER
2200,0.325867,3.431364,0.245795,0.00039522,0.00160790,0.537237,0.063541,EXPLORER
96600,0.196600,1.972398,0.155711,0.00013012,0.00083562,0.879586,0.000000,EXPLORER
2300,0.617797,2.846613,0.025620,0.00007466,0.00291399,0.484868,0.063541,EXPLORER
2400,0.297114,3.372749,0.299203,0.00020103,0.00067189,0.446950,0.063541,EXPLORER
96700,0.700000,2.055358,0.214015,0.00021915,0.00102400,0.813238,0.000000,EXPLORER
2500,0.467647,3.285786,0.064000,0.00011223,0.00175358,0.416217,0.063541,EXPLORER
2600,0.329887,3.300656,0.566143,0.00015662,0.00027664,0.381082,0.063541,EXPLORER
96800,0.700000,3.351025,0.189826,0.00015964,0.00084100,0.713818,0.000000,EXPLORER
2700,0.398679,2.822467,0.134060,0.00016796,0.00125284,0.340287,0.063541,EXPLORER
2800,0.101789,2.950632,0.472924,0.00027019,0.00057131,0.290546,0.063541,EXPLORER
96900,0.131538,3.319352,0.021889,0.00018928,0.00864674,0.619617,0.000000,EXPLORER
2900,0.521198,2.770601,0.215288,0.00036810,0.00170979,0.211408,0.063541,EXPLORER
3000,0.686656,4.456788,0.021186,0.00008989,0.00424294,0.176375,0.063541,EXPLORER
97000,0.682783,1.219378,0.002593,0.00006589,0.02540055,0.569142,0.081987,EXPLORER
97100,0.682783,2.920953,0.106991,0.00019005,0.00177632,0.560460,0.081987,EXPLORER
97200,0.232804,2.888806,0.019026,0.00007833,0.00411649,0.553979,0.081987,EXPLORER
97300,0.682783,1.978019,0.031816,0.00012793,0.00402065,0.544282,0.081987,EXPLORER
3100,0.665231,3.392937,0.035497,0.00008333,0.00234736,0.140144,0.165564,EXPLORER
97400,0.289129,2.254905,0.088711,0.00007395,0.00083355,0.538513,0.081987,EXPLORER
97500,0.184059,1.896240,0.044462,0.00007497,0.00168616,0.531281,0.081987,EXPLORER
97600,0.170590,1.857168,0.100445,0.00018223,0.00181417,0.522983,0.081987,EXPLORER
97700,0.682783,2.245053,0.174686,0.00015295,0.00087555,0.512899,0.081987,EXPLORER
97800,0.053421,1.978254,0.319370,0.00023946,0.00074980,0.497632,0.081987,EXPLORER
97900,0.161723,2.748828,0.208986,0.00024534,0.00117393,0.482655,0.081987,EXPLORER
98000,0.122892,3.144037,0.234333,0.00024855,0.00106067,0.461866,0.081987,EXPLORER
98100,0.336583,1.820442,0.209068,0.00021565,0.00103149,0.448166,0.081987,EXPLORER
98200,0.029508,1.311902,0.301763,0.00038562,0.00127789,0.425320,0.081987,EXPLORER
98300,0.153558,2.992176,0.330300,0.00039882,0.00120745,0.403667,0.081987,EXPLORER
98400,0.103199,2.549226,0.348545,0.00039721,0.00113961,0.383239,0.081987,EXPLORER
98500,0.121106,2.947530,0.359227,0.00039889,0.00111041,0.359998,0.081987,EXPLORER
98600,0.203188,1.497514,0.105735,0.00024382,0.00230593,0.341614,0.081987,EXPLORER
98700,0.199528,2.913535,0.213102,0.00024661,0.00115721,0.329203,0.081987,EXPLORER
98800,0.058328,2.660540,0.194201,0.00024484,0.00126076,0.314579,0.081987,EXPLORER
98900,0.320904,1.970667,0.234810,0.00024009,0.00102247,0.300334,0.081987,EXPLORER
99000,0.337245,1.903026,0.130328,0.00025417,0.00195024,0.286469,0.081987,EXPLORER
99100,0.503924,2.248200,0.286507,0.00033946,0.00118483,0.269043,0.081987,EXPLORER
99200,0.637066,3.006949,0.106384,0.00029170,0.00274190,0.250682,0.081987,EXPLORER
99300,0.163556,2.409077,0.469017,0.00031201,0.00066525,0.232694,0.081987,EXPLORER
99400,0.187445,3.208308,0.618158,0.00039787,0.00064364,0.211946,0.081987,EXPLORER
99500,0.092832,2.511530,0.230251,0.00029924,0.00129962,0.193334,0.081987,EXPLORER
99600,0.110206,3.331726,0.299594,0.00030079,0.00100400,0.175672,0.081987,EXPLORER
99700,0.130535,1.900944,0.226909,0.00028960,0.00127628,0.158983,0.081987,EXPLORER
99800,0.034429,2.652247,0.238060,0.00029507,0.00123949,0.140637,0.081987,EXPLORER
99900,0.252727,3.789638,0.474158,0.00030083,0.00063444,0.122280,0.081987,EXPLORER
100000,0.682783,1.879175,0.216703,0.00015089,0.00069628,0.461546,0.081987,EXPLORER
100100,0.230000,1.916511,0.168509,0.00012087,0.00071731,0.453043,0.081987,EXPLORER
100200,0.682783,1.934002,0.218861,0.00023850,0.00108973,0.441716,0.081987,EXPLORER
100300,0.191094,1.712611,0.202939,0.00023848,0.00117512,0.428331,0.081987,EXPLORER
100400,0.520490,2.419521,0.303182,0.00026057,0.00085944,0.414655,0.081987,EXPLORER
100500,0.568284,1.909677,0.230993,0.00023782,0.00102954,0.399103,0.081987,EXPLORER
100600,0.447760,2.019510,0.333498,0.00039137,0.00117353,0.377081,0.081987,EXPLORER
100700,0.472757,2.427824,0.200013,0.00030800,0.00153992,0.359790,0.081987,EXPLORER
100800,0.447489,2.922490,0.013175,0.00015540,0.01179435,0.345489,0.081987,EXPLORER
100900,0.304736,2.053139,0.035490,0.00015020,0.00423213,0.336760,0.081987,EXPLORER
101000,0.382740,1.909667,0.027472,0.00011204,0.00407811,0.327698,0.081987,EXPLORER
101100,0.275378,1.772081,0.320139,0.00023401,0.00073097,0.317587,0.081987,EXPLORER
101200,0.414006,2.605750,0.156270,0.00022329,0.00142886,0.305093,0.081987,EXPLORER
101300,0.291284,1.486601,0.251090,0.00023707,0.00094415,0.290829,0.081987,EXPLORER
101400,0.094629,1.139829,0.055400,0.00021961,0.00396400,0.274615,0.081987,EXPLORER
101500,0.094176,1.725868,0.458324,0.00034858,0.00076055,0.255083,0.081987,EXPLORER
101600,0.465184,2.577359,0.354625,0.00037435,0.00105561,0.231380,0.081987,EXPLORER
101700,0.337891,1.912799,0.465484,0.00037333,0.00080203,0.209777,0.081987,EXPLORER
101800,0.101657,1.871523,0.186712,0.00027516,0.00147370,0.191395,0.081987,EXPLORER
101900,0.061627,2.981906,0.202209,0.00027691,0.00136940,0.174099,0.081987,EXPLORER
102000,0.082558,3.279886,0.232448,0.00027942,0.00120205,0.158488,0.081987,EXPLORER
102100,0.323370,1.936211,0.239967,0.00027016,0.00112584,0.142387,0.081987,EXPLORER
102200,0.244553,1.823287,0.129297,0.00026811,0.00207359,0.126387,0.081987,EXPLORER
102300,0.419181,2.884936,0.278311,0.00029717,0.00106777,0.108540,0.081987,EXPLORER
102400,0.096532,3.315724,0.228933,0.00029964,0.00130887,0.088150,0.081987,EXPLORER
102500,0.178666,1.949574,0.045858,0.00022117,0.00482272,0.070463,0.081987,EXPLORER
102600,0.141525,1.593591,0.172423,0.00023687,0.00137374,0.054793,0.081987,EXPLORER
102700,0.414131,2.089084,0.233435,0.00024064,0.00103086,0.039698,0.081987,EXPLORER
102800,0.132592,2.336100,0.221532,0.00024280,0.00109601,0.025183,0.081987,EXPLORER
102900,0.359137,1.811378,0.297377,0.00012919,0.00043443,0.362142,0.081987,EXPLORER
103000,0.431165,1.916722,0.000529,0.00007494,0.14142492,0.354786,0.081987,EXPLORER
103100,0.262827,1.829444,0.382467,0.00022556,0.00058974,0.345074,0.081987,EXPLORER
103200,0.277134,2.295225,0.258502,0.00024264,0.00093863,0.328459,0.081987,EXPLORER
103300,0.468391,1.978685,0.193113,0.00024700,0.00127905,0.316578,0.081987,EXPLORER
103400,0.250914,2.042348,0.243335,0.00030970,0.00127271,0.292399,0.081987,EXPLORER
103500,0.245240,2.956856,0.419306,0.00039933,0.00095236,0.264990,0.081987,EXPLORER
103600,0.317241,3.277500,0.090897,0.00024758,0.00272372,0.227299,0.081987,EXPLORER
103700,0.194607,1.972509,0.040631,0.00031675,0.00779563,0.195326,0.081987,EXPLORER
103800,0.162387,2.452264,0.302856,0.00029460,0.00097273,0.173063,0.081987,EXPLORER
103900,0.160411,3.038435,0.157867,0.00029677,0.00187985,0.151033,0.081987,EXPLORER
104000,0.452840,2.796374,0.240083,0.00029632,0.00123424,0.127585,0.081987,EXPLORER
104100,0.300000,1.207882,0.343170,0.00028622,0.00083404,0.108811,0.081987,EXPLORER
104200,0.019621,2.384460,0.318032,0.00029444,0.00092580,0.090240,0.081987,EXPLORER
104300,0.256945,2.952102,0.271045,0.00029747,0.00109749,0.071537,0.081987,EXPLORER
104400,0.108287,3.222096,0.255571,0.00027939,0.00109319,0.050003,0.081987,EXPLORER
104500,0.445197,3.332345,0.224117,0.00029969,0.00133719,0.028256,0.081987,EXPLORER
104600,0.046059,2.011044,0.292529,0.00027213,0.00093027,0.009306,0.081987,EXPLORER
104700,0.449139,1.873289,0.085676,0.00012287,0.00143412,0.991252,0.000000,EXPLORER
104800,0.700000,1.947599,0.102251,0.00008516,0.00083286,0.981859,0.000000,EXPLORER
104900,0.428632,2.038234,0.084010,0.00010461,0.00124525,0.973467,0.000000,EXPLORER
105000,0.280447,2.005568,0.100969,0.00010603,0.00105014,0.960896,0.000000,EXPLORER
105100,0.177905,1.879615,0.178895,0.00023829,0.00133202,0.946501,0.000000,EXPLORER
105200,0.700000,1.943523,0.206106,0.00020531,0.00099611,0.930023,0.000000,EXPLORER
105300,0.317564,2.627330,0.297845,0.00033535,0.00112593,0.910561,0.000000,EXPLORER
105400,0.369582,1.718389,0.488634,0.00038708,0.00079217,0.888029,0.000000,EXPLORER
105500,0.381907,2.410295,0.044306,0.00004022,0.00090779,0.880966,0.000000,EXPLORER
105600,0.441125,2.846833,0.017668,0.00006415,0.00363047,0.877552,0.000000,EXPLORER
105700,0.424516,2.006217,0.037390,0.00012581,0.00336486,0.869602,0.000000,EXPLORER
105800,0.121390,1.968659,0.295214,0.00038950,0.00131939,0.847305,0.000000,EXPLORER
105900,0.282734,2.295023,0.080353,0.00036266,0.00451323,0.822243,0.000000,EXPLORER
106000,0.342512,2.940932,0.186913,0.00022678,0.00121330,0.805249,0.000000,EXPLORER
106100,0.522275,1.961884,0.188098,0.00014930,0.00079372,0.792807,0.000000,EXPLORER
106200,0.199961,1.886896,0.049156,0.00003680,0.00074870,0.783184,0.000000,EXPLORER
106300,0.050566,1.996837,0.057233,0.00003271,0.00057144,0.781295,0.000000,EXPLORER
106400,0.353282,2.063681,0.003449,0.00003596,0.01042154,0.779706,0.000000,EXPLORER
106500,0.548803,1.949531,0.119539,0.00016160,0.00135189,0.773099,0.000000,EXPLORER
106600,0.406663,1.903893,0.056624,0.00003753,0.00066270,0.768287,0.000000,EXPLORER
106700,0.146768,1.917920,0.016868,0.00003654,0.00216636,0.766301,0.000000,EXPLORER
106800,0.142791,2.154841,0.025165,0.00003861,0.00153436,0.764415,0.000000,EXPLORER
106900,0.700000,1.979369,0.097833,0.00019571,0.00200046,0.755388,0.000000,EXPLORER
107000,0.570745,1.980683,0.010414,0.00004265,0.00409541,0.746080,0.000000,EXPLORER
107100,0.181384,2.054507,0.037930,0.00003797,0.00100100,0.739932,0.000000,EXPLORER
107200,0.221049,2.776917,0.138673,0.00007929,0.00057179,0.734125,0.000000,EXPLORER
107300,0.700000,2.009036,0.040708,0.00007423,0.00182337,0.726487,0.000000,EXPLORER
107400,0.273931,1.860762,0.036569,0.00009144,0.00250026,0.719561,0.000000,EXPLORER
107500,0.053695,3.355367,0.115725,0.00010258,0.00088645,0.714513,0.000000,EXPLORER
107600,0.395559,2.256262,0.078330,0.00015636,0.00199613,0.709389,0.000000,EXPLORER
107700,0.395151,3.047627,0.043753,0.00012929,0.00295493,0.699368,0.001805,EXPLORER
107800,0.192882,1.943662,0.161214,0.00021838,0.00135459,0.687479,0.001805,EXPLORER
107900,0.331829,2.759341,0.050023,0.00022862,0.00457027,0.675470,0.001805,EXPLORER
108000,0.312368,2.922364,0.240248,0.00023023,0.00095830,0.660671,0.001805,EXPLORER
108100,0.427760,2.053046,0.026809,0.00007728,0.00288269,0.650206,0.001805,EXPLORER
108200,0.116267,1.956452,0.397109,0.00036567,0.00092082,0.636097,0.001805,EXPLORER
108300,0.548388,2.062137,0.328741,0.00034410,0.00104671,0.617039,0.001805,EXPLORER
108400,0.470820,2.887357,0.216365,0.00039565,0.00182862,0.592881,0.001805,EXPLORER
108500,0.699621,2.063625,0.000766,0.00011818,0.15412255,0.574119,0.001805,EXPLORER
108600,0.699621,1.964291,0.222104,0.00018493,0.00083262,0.556468,0.001805,EXPLORER
108700,0.699621,2.793171,0.279762,0.00007083,0.00025317,0.540943,0.001805,EXPLORER
108800,0.046735,2.901712,0.097206,0.00006836,0.00070322,0.535830,0.001805,EXPLORER
108900,0.246874,2.031652,0.188788,0.00020373,0.00107917,0.526761,0.001805,EXPLORER
109000,0.122307,1.933826,0.284651,0.00038999,0.00137005,0.507104,0.001805,EXPLORER
109100,0.380935,2.464161,0.384941,0.00037624,0.00097738,0.486255,0.001805,EXPLORER
109200,0.699621,3.065532,0.372937,0.00036019,0.00096583,0.465778,0.001805,EXPLORER
109300,0.267330,1.975693,0.561437,0.00039364,0.00070114,0.443806,0.001805,EXPLORER
109400,0.333335,1.931665,0.269005,0.00032461,0.00120670,0.422800,0.001805,EXPLORER
109500,0.401102,2.836425,0.052393,0.00022345,0.00426483,0.404565,0.001805,EXPLORER
109600,0.086897,2.969182,0.132600,0.00022597,0.00170413,0.390262,0.001805,EXPLORER
109700,0.491589,1.986664,0.218019,0.00022003,0.00100923,0.375269,0.001805,EXPLORER
109800,0.226504,1.641763,0.272173,0.00031687,0.00116422,0.710140,0.001805,EXPLORER
109900,0.694607,1.865247,0.058187,0.00010091,0.00173418,0.701367,0.001805,EXPLORER
110000,0.307424,1.881377,0.241292,0.00026528,0.00109940,0.693457,0.001805,EXPLORER
110100,0.400174,2.000543,0.046333,0.00016005,0.00345436,0.679978,0.001805,EXPLORER
110200,0.604828,2.010213,0.343203,0.00038891,0.00113318,0.662260,0.001805,EXPLORER
110300,0.545633,1.851126,0.135347,0.00025505,0.00188438,0.644971,0.001805,EXPLORER
110400,0.465309,1.611340,0.252826,0.00034704,0.00137264,0.623949,0.001805,EXPLORER
110500,0.648068,1.987371,0.415755,0.00033292,0.00080077,0.605716,0.001805,EXPLORER
110600,0.125354,2.262440,0.322383,0.00037344,0.00115837,0.582988,0.001805,EXPLORER
110700,0.308727,1.372078,0.125875,0.00027103,0.00215316,0.562172,0.001805,EXPLORER
110800,0.209652,2.412369,0.395904,0.00037470,0.00094644,0.541725,0.001805,EXPLORER
110900,0.642320,2.142994,0.019361,0.00007068,0.00365030,0.528605,0.001805,EXPLORER
111000,0.162465,1.955466,0.099037,0.00021752,0.00219636,0.517038,0.001805,EXPLORER
111100,0.135191,1.883732,0.139541,0.00021823,0.00156387,0.504196,0.001805,EXPLORER
111200,0.433733,2.882940,0.274653,0.00024700,0.00089932,0.491197,0.001805,EXPLORER
111300,0.379596,1.899227,0.200615,0.00011858,0.00059110,0.479504,0.001805,EXPLORER
111400,0.222465,1.830357,0.167519,0.00014886,0.00088863,0.469571,0.001805,EXPLORER
111500,0.382903,2.016901,0.116454,0.00021778,0.00187006,0.459863,0.001805,EXPLORER
111600,0.444747,2.265724,0.228352,0.00022005,0.00096365,0.457713,0.001805,SPEED_DEMON
111700,0.356679,2.364203,0.280871,0.00024356,0.00086714,0.456764,0.001805,SPEED_DEMON
111800,0.699621,2.465617,0.269886,0.00022431,0.00083111,0.455563,0.001805,SPEED_DEMON
111900,0.699621,2.532205,0.091997,0.00026225,0.00285061,0.454550,0.001805,SPEED_DEMON
112000,0.699621,2.485406,0.089392,0.00021284,0.00238093,0.453662,0.001805,SPEED_DEMON
112100,0.699621,2.142311,0.197856,0.00022141,0.00111905,0.453225,0.001805,SPEED_DEMON
112200,0.561738,1.844757,0.300402,0.00026006,0.00086571,0.452184,0.001805,SPEED_DEMON
112300,0.539187,1.675197,0.376797,0.00023088,0.00061274,0.451209,0.001805,SPEED_DEMON
112400,0.289593,1.677717,0.320814,0.00023889,0.00074464,0.450016,0.001805,SPEED_DEMON
112500,0.339619,1.849904,0.310962,0.00024095,0.00077485,0.449055,0.001805,SPEED_DEMON
112600,0.175377,2.177647,0.210489,0.00024119,0.00114587,0.447611,0.001805,SPEED_DEMON
112700,0.156977,2.473730,0.162255,0.00024251,0.00149460,0.446643,0.001805,SPEED_DEMON
112800,0.091529,2.717894,0.134681,0.00024401,0.00181177,0.444939,0.001805,SPEED_DEMON
112900,0.094818,2.660477,0.146837,0.00024383,0.00166050,0.443720,0.001805,SPEED_DEMON
113000,0.134616,2.649730,0.191030,0.00024466,0.00128071,0.441766,0.001805,SPEED_DEMON
113100,0.125208,2.572181,0.204028,0.00023496,0.00115159,0.440064,0.001805,SPEED_DEMON
113200,0.324414,2.645021,0.232206,0.00022438,0.00096628,0.438944,0.001805,SPEED_DEMON
113300,0.300230,2.999709,0.159013,0.00024651,0.00155024,0.437262,0.001805,SPEED_DEMON
113400,0.414457,2.803590,0.080564,0.00023039,0.00285970,0.436069,0.001805,SPEED_DEMON
113500,0.367937,2.412282,0.167050,0.00024258,0.00145214,0.434893,0.001805,SPEED_DEMON
113600,0.119587,3.247330,0.208390,0.00024792,0.00118968,0.433665,0.001805,SPEED_DEMON
113700,0.122147,3.560506,0.232498,0.00025123,0.00108056,0.432414,0.001805,SPEED_DEMON
113800,0.124031,3.354015,0.250744,0.00025077,0.00100009,0.431158,0.001805,SPEED_DEMON
113900,0.283020,3.523710,0.250037,0.00025242,0.00100954,0.428907,0.001805,SPEED_DEMON
114000,0.219192,3.754157,0.275792,0.00023308,0.00084512,0.427465,0.001805,SPEED_DEMON
114100,0.154350,3.753859,0.298231,0.00023379,0.00078392,0.426764,0.001805,SPEED_DEMON
114200,0.312023,3.566241,0.252836,0.00025238,0.00099819,0.425543,0.001805,SPEED_DEMON
114300,0.465509,3.062763,0.086575,0.00022673,0.00261884,0.424067,0.001805,SPEED_DEMON
114400,0.137683,2.175157,0.104549,0.00022111,0.00211484,0.422499,0.001805,SPEED_DEMON
114500,0.699621,1.721019,0.174610,0.00021679,0.00124157,0.421647,0.001805,SPEED_DEMON
114600,0.242794,2.043220,0.217908,0.00021977,0.00100852,0.420773,0.001805,SPEED_DEMON
114700,0.249769,2.299867,0.258502,0.00024249,0.00093804,0.420068,0.001805,SPEED_DEMON
114800,0.243691,2.821006,0.250087,0.00024573,0.00098256,0.418847,0.001805,SPEED_DEMON
114900,0.224206,3.049394,0.255305,0.00024800,0.00097140,0.417858,0.001805,SPEED_DEMON
115000,0.018477,3.285241,0.231183,0.00024941,0.00107884,0.416614,0.001805,SPEED_DEMON
115100,0.304130,3.018302,0.188512,0.00022750,0.00120684,0.415442,0.001805,SPEED_DEMON
115200,0.491623,2.560526,0.272161,0.00022436,0.00082434,0.414395,0.001805,SPEED_DEMON
115300,0.069516,2.776833,0.220726,0.00022492,0.00101899,0.413271,0.001805,SPEED_DEMON
115400,0.357942,3.282349,0.162655,0.00024813,0.00152552,0.412297,0.001805,SPEED_DEMON
115500,0.458599,3.484602,0.157956,0.00020909,0.00132373,0.411402,0.001805,SPEED_DEMON
115600,0.171757,3.361465,0.242769,0.00023048,0.00094939,0.410522,0.001805,SPEED_DEMON
115700,0.389591,3.126388,0.283244,0.00024896,0.00087896,0.409355,0.001805,SPEED_DEMON
115800,0.044519,3.206543,0.218811,0.00024880,0.00113703,0.408111,0.001805,SPEED_DEMON
115900,0.159338,3.332890,0.211179,0.00023005,0.00108937,0.406947,0.001805,SPEED_DEMON
116000,0.177970,2.919891,0.236454,0.00020734,0.00087686,0.405905,0.001805,SPEED_DEMON
116100,0.077178,2.756770,0.244202,0.00022628,0.00092661,0.405225,0.001805,SPEED_DEMON
116200,0.118549,2.674606,0.211953,0.00024485,0.00115518,0.403755,0.001805,SPEED_DEMON
116300,0.370742,2.623116,0.144808,0.00020822,0.00143790,0.402649,0.001805,SPEED_DEMON
116400,0.699621,2.590696,0.223766,0.00022372,0.00099979,0.401815,0.001805,SPEED_DEMON
116500,0.164879,2.596298,0.208811,0.00024427,0.00116981,0.400614,0.001805,SPEED_DEMON
116600,0.692622,2.761148,0.273070,0.00027946,0.00102339,0.399600,0.001805,SPEED_DEMON
116700,0.281167,2.896375,0.240658,0.00030039,0.00124819,0.398398,0.001805,SPEED_DEMON
116800,0.332248,3.039947,0.132721,0.00028899,0.00217738,0.396929,0.001805,SPEED_DEMON
116900,0.621436,3.138331,0.038170,0.00025935,0.00679430,0.395839,0.001805,SPEED_DEMON
117000,0.476639,3.204125,0.068862,0.00026278,0.00381605,0.395057,0.001805,SPEED_DEMON
117100,0.201472,3.282172,0.168327,0.00029928,0.00177798,0.393884,0.001805,SPEED_DEMON
117200,0.404083,3.350079,0.263903,0.00030735,0.00116464,0.392659,0.001805,SPEED_DEMON
117300,0.257329,3.423119,0.242045,0.00030049,0.00124145,0.391144,0.001805,SPEED_DEMON
117400,0.079936,3.461791,0.257776,0.00029379,0.00113969,0.390253,0.001805,SPEED_DEMON
117500,0.200426,3.519481,0.214692,0.00028158,0.00131155,0.388819,0.001805,SPEED_DEMON
117600,0.267518,3.560786,0.086841,0.00025244,0.00290689,0.387798,0.001805,SPEED_DEMON
117700,0.130435,3.617659,0.014554,0.00024950,0.01714211,0.386547,0.001805,SPEED_DEMON
117800,0.151659,3.668586,0.023003,0.00025206,0.01095728,0.385294,0.001805,SPEED_DEMON
117900,0.381844,3.699034,0.106878,0.00025720,0.00240649,0.384274,0.001805,SPEED_DEMON
118000,0.562899,3.713629,0.259831,0.00028177,0.00108442,0.383194,0.001805,SPEED_DEMON
118100,0.383305,3.727976,0.369129,0.00028129,0.00076203,0.382067,0.001805,SPEED_DEMON
118200,0.193165,3.738649,0.382726,0.00027749,0.00072504,0.381231,0.001805,SPEED_DEMON
118300,0.091844,3.752876,0.357314,0.00027219,0.00076175,0.380134,0.001805,SPEED_DEMON
118400,0.158622,3.763585,0.310543,0.00026788,0.00086263,0.379327,0.001805,SPEED_DEMON
118500,0.290649,3.785004,0.152469,0.00024601,0.00161349,0.377832,0.001805,SPEED_DEMON
118600,0.139500,3.795515,0.121939,0.00025226,0.00206871,0.377080,0.001805,SPEED_DEMON
118700,0.255000,3.809064,0.151375,0.00026209,0.00173139,0.376047,0.001805,SPEED_DEMON
118800,0.595567,3.821983,0.269838,0.00028945,0.00107269,0.374959,0.001805,SPEED_DEMON
118900,0.273895,3.831291,0.319406,0.00029055,0.00090967,0.374087,0.001805,SPEED_DEMON
119000,0.200651,3.840338,0.348871,0.00029091,0.00083387,0.373215,0.001805,SPEED_DEMON
119100,0.128402,3.852071,0.353221,0.00029054,0.00082253,0.372052,0.001805,SPEED_DEMON
119200,0.386811,3.866329,0.283714,0.00026836,0.00094586,0.370625,0.001805,SPEED_DEMON
119300,0.699621,3.882931,0.315597,0.00041462,0.00131377,0.368861,0.001805,SPEED_DEMON
119400,0.108955,3.902005,0.446523,0.00048049,0.00107607,0.365526,0.001805,SPEED_DEMON
119500,0.230513,3.913156,0.346618,0.00046515,0.00134197,0.363644,0.001805,SPEED_DEMON
119600,0.258385,3.924616,0.231872,0.00045560,0.00196489,0.361811,0.001805,SPEED_DEMON
119700,0.074384,3.939413,0.197776,0.00045887,0.00232014,0.359528,0.001805,SPEED_DEMON
119800,0.389556,3.951619,0.263577,0.00046612,0.00176844,0.357675,0.001805,SPEED_DEMON
119900,0.527908,3.964133,0.396222,0.00047083,0.00118829,0.355797,0.001805,SPEED_DEMON
120000,0.388238,3.976916,0.506207,0.00046959,0.00092767,0.353915,0.001805,SPEED_DEMON
120100,0.123077,3.993169,0.503003,0.00046333,0.00092112,0.351588,0.001805,SPEED_DEMON
120200,0.091168,4.003005,0.461959,0.00045691,0.00098907,0.350212,0.001805,SPEED_DEMON
120300,0.107016,4.009576,0.421660,0.00045419,0.00107714,0.349302,0.001805,SPEED_DEMON
120400,0.088957,4.022705,0.396253,0.00045366,0.00114486,0.347489,0.001805,SPEED_DEMON
120500,0.071430,4.035771,0.351091,0.00045552,0.00129743,0.345670,0.001805,SPEED_DEMON
120600,0.699621,4.048715,0.223544,0.00028042,0.00125442,0.344235,0.001805,SPEED_DEMON
120700,0.339348,4.055081,0.214122,0.00030783,0.00143762,0.343611,0.001805,SPEED_DEMON
120800,0.699621,4.067470,0.115975,0.00026141,0.00225398,0.342467,0.001805,SPEED_DEMON
120900,0.514900,4.079213,0.284628,0.00027920,0.00098092,0.341392,0.001805,SPEED_DEMON
121000,0.699621,4.090224,0.272763,0.00063886,0.00234217,0.339905,0.001805,SPEED_DEMON
121100,0.699621,4.098039,0.426601,0.00070029,0.00164154,0.337931,0.001805,SPEED_DEMON
121200,0.699621,4.105635,0.529675,0.00066300,0.00125170,0.335899,0.001805,SPEED_DEMON
121300,0.377499,4.115633,0.606441,0.00063777,0.00105166,0.333331,0.001805,SPEED_DEMON
121400,0.254976,4.125681,0.617577,0.00065214,0.00105596,0.330730,0.001805,SPEED_DEMON
121500,0.447602,4.135930,0.515950,0.00062245,0.00120642,0.328183,0.001805,SPEED_DEMON
121600,0.699621,4.146389,0.448929,0.00059117,0.00131683,0.325777,0.001805,SPEED_DEMON
121700,0.699621,4.159721,0.488155,0.00065848,0.00134891,0.322750,0.001805,SPEED_DEMON
121800,0.699621,4.173500,0.305395,0.00039388,0.00128974,0.320386,0.001805,SPEED_DEMON
121900,0.490514,4.190135,0.476459,0.00051157,0.00107368,0.318006,0.001805,SPEED_DEMON
122000,0.699621,4.200876,0.369561,0.00044986,0.00121727,0.316053,0.001805,SPEED_DEMON
122100,0.365714,4.213708,0.487421,0.00050543,0.00103695,0.313759,0.001805,SPEED_DEMON
122200,0.618098,4.223319,0.559206,0.00053694,0.00096019,0.311656,0.001805,SPEED_DEMON
122300,0.605692,4.232163,0.449224,0.00055823,0.00124264,0.309436,0.001805,SPEED_DEMON
122400,0.699621,4.240225,0.623845,0.00071858,0.00115185,0.306808,0.001805,SPEED_DEMON
122500,0.424438,4.247713,0.705784,0.00073769,0.00104520,0.303877,0.001805,SPEED_DEMON
122600,0.699621,4.254564,0.430961,0.00058436,0.00135594,0.301314,0.001805,SPEED_DEMON
122700,0.443765,4.258629,0.553753,0.00053632,0.00096851,0.299687,0.001805,SPEED_DEMON
122800,0.699621,4.262543,0.372749,0.00032537,0.00087290,0.298030,0.001805,SPEED_DEMON
122900,0.356892,4.264482,0.228385,0.00029637,0.00129768,0.297118,0.001805,SPEED_DEMON
123000,0.152983,4.265376,0.228915,0.00030784,0.00134475,0.296510,0.001805,SPEED_DEMON
123100,0.196173,4.266209,0.318389,0.00034608,0.00108696,0.295513,0.001805,SPEED_DEMON
123200,0.125791,4.266531,0.311426,0.00033465,0.00107456,0.294485,0.001805,SPEED_DEMON
123300,0.699621,4.266452,0.205247,0.00029034,0.00141460,0.293559,0.001805,SPEED_DEMON
123400,0.095974,4.265884,0.301864,0.00033166,0.00109870,0.292321,0.001805,SPEED_DEMON
123500,0.339347,4.265436,0.330605,0.00034401,0.00104055,0.291638,0.001805,SPEED_DEMON
123600,0.318152,4.264604,0.370620,0.00038836,0.00104787,0.290518,0.001805,SPEED_DEMON
123700,0.519544,4.263617,0.302408,0.00036750,0.00121524,0.289398,0.001805,SPEED_DEMON
123800,0.608689,4.262128,0.470440,0.00048961,0.00104075,0.287659,0.001805,SPEED_DEMON
123900,0.543434,4.260485,0.387280,0.00050715,0.00130951,0.285605,0.001805,SPEED_DEMON
124000,0.699621,4.259629,0.426114,0.00049443,0.00116033,0.284632,0.001805,SPEED_DEMON
124100,0.570800,4.258334,0.559376,0.00053604,0.00095829,0.283058,0.001805,SPEED_DEMON
124200,0.406447,4.257041,0.429789,0.00050298,0.00117029,0.281479,0.001805,SPEED_DEMON
124300,0.313879,4.255775,0.360619,0.00049143,0.00136275,0.279997,0.001805,SPEED_DEMON
124400,0.205526,4.253789,0.213801,0.00048663,0.00227608,0.277563,0.001805,SPEED_DEMON
124500,0.164843,4.252732,0.216153,0.00049495,0.00228979,0.276087,0.001805,SPEED_DEMON
124600,0.699621,4.251542,0.266164,0.00038811,0.00145816,0.274414,0.001805,SPEED_DEMON
124700,0.236484,4.250862,0.318143,0.00035897,0.00112832,0.273325,0.001805,SPEED_DEMON
124800,0.308882,4.250234,0.352602,0.00041089,0.00116531,0.271747,0.001805,SPEED_DEMON
124900,0.699621,4.250023,0.251979,0.00035687,0.00141626,0.270987,0.001805,SPEED_DEMON
125000,0.388702,4.249807,0.373946,0.00036678,0.00098084,0.269567,0.001805,SPEED_DEMON
125100,0.396892,4.249798,0.428698,0.00040947,0.00095515,0.268777,0.001805,SPEED_DEMON
125200,0.125318,4.249951,0.370805,0.00042929,0.00115773,0.267068,0.001805,SPEED_DEMON
125300,0.043705,4.250323,0.308698,0.00042884,0.00138920,0.265359,0.001805,SPEED_DEMON
125400,0.439459,4.250916,0.377046,0.00044627,0.00118358,0.263606,0.001805,SPEED_DEMON
125500,0.640561,4.251509,0.493902,0.00045726,0.00092581,0.262246,0.001805,SPEED_DEMON
125600,0.450393,4.252483,0.598178,0.00045863,0.00076671,0.260409,0.001805,SPEED_DEMON
125700,0.254142,4.253326,0.623281,0.00045616,0.00073187,0.259039,0.001805,SPEED_DEMON
125800,0.056873,4.254558,0.606718,0.00045494,0.00074983,0.257218,0.001805,SPEED_DEMON
125900,0.144600,4.255878,0.560061,0.00045214,0.00080730,0.255399,0.001805,SPEED_DEMON
126000,0.452041,4.256917,0.643736,0.00047972,0.00074521,0.253971,0.001805,SPEED_DEMON
126100,0.266080,4.257994,0.688811,0.00047990,0.00069670,0.252528,0.001805,SPEED_DEMON
126200,0.132919,4.259109,0.637211,0.00047023,0.00073794,0.251108,0.001805,SPEED_DEMON
126300,0.699621,4.260642,0.572530,0.00052511,0.00091718,0.249216,0.001805,SPEED_DEMON
126400,0.699621,4.262250,0.456246,0.00053250,0.00116712,0.246953,0.001805,SPEED_DEMON
126500,0.574619,4.263977,0.283451,0.00044901,0.00158409,0.245054,0.001805,SPEED_DEMON
126600,0.565077,4.265371,0.323049,0.00042559,0.00131740,0.243827,0.001805,SPEED_DEMON
126700,0.699621,4.267384,0.521444,0.00059600,0.00114298,0.241726,0.001805,SPEED_DEMON
126800,0.690009,4.270194,0.433198,0.00061837,0.00142744,0.238564,0.001805,SPEED_DEMON
126900,0.699621,4.272042,0.518949,0.00064385,0.00124068,0.236720,0.001805,SPEED_DEMON
127000,0.699621,4.273346,0.614026,0.00069476,0.00113148,0.235353,0.001805,SPEED_DEMON
127100,0.296800,4.275729,0.662771,0.00069435,0.00104764,0.233248,0.001805,SPEED_DEMON
127200,0.249689,4.279131,0.714012,0.00075417,0.00105625,0.230305,0.001805,SPEED_DEMON
127300,0.699621,4.282759,0.583860,0.00070992,0.00121590,0.227360,0.001805,SPEED_DEMON
127400,0.588900,4.285613,0.688438,0.00069022,0.00100258,0.225293,0.001805,SPEED_DEMON
127500,0.699621,4.289575,0.769229,0.00074597,0.00096977,0.222425,0.001805,SPEED_DEMON
127600,0.182740,4.294741,0.583651,0.00066926,0.00114668,0.218972,0.001805,SPEED_DEMON
127700,0.568779,4.300096,0.524791,0.00061851,0.00117858,0.215890,0.001805,SPEED_DEMON
127800,0.699621,4.303402,0.662365,0.00073260,0.00110603,0.213035,0.001805,SPEED_DEMON
127900,0.499265,4.306783,0.708395,0.00073955,0.00104398,0.211559,0.001805,SPEED_DEMON
128000,0.695105,4.310221,0.593565,0.00073962,0.00124607,0.209308,0.001805,SPEED_DEMON
128100,0.438562,4.314865,0.663827,0.00069879,0.00105266,0.206413,0.001805,SPEED_DEMON
128200,0.671461,4.317202,0.702035,0.00072849,0.00103768,0.204983,0.001805,SPEED_DEMON
128300,0.102978,4.320718,0.743649,0.00074390,0.00100033,0.202726,0.001805,SPEED_DEMON
128400,0.042467,4.324234,0.682763,0.00074103,0.00108534,0.200510,0.001805,SPEED_DEMON
128500,0.388147,2.168508,0.079204,0.00027915,0.00352445,0.185100,0.001805,EXPLORER
128600,0.305722,2.024375,0.191880,0.00029001,0.00151141,0.169785,0.001805,EXPLORER
128700,0.302677,2.693666,0.392345,0.00029749,0.00075824,0.152875,0.001805,EXPLORER
128800,0.428528,3.132202,0.263295,0.00029935,0.00113693,0.136053,0.001805,EXPLORER
128900,0.373307,2.017367,0.223037,0.00027819,0.00124726,0.119566,0.001805,EXPLORER
129000,0.118698,1.909405,0.302280,0.00027087,0.00089610,0.104172,0.001805,EXPLORER
129100,0.349336,2.806141,0.288242,0.00029693,0.00103015,0.087705,0.001805,EXPLORER
129200,0.554325,3.249772,0.192553,0.00027849,0.00144631,0.070107,0.001805,EXPLORER
129300,0.337698,1.946340,0.331051,0.00027133,0.00081959,0.052010,0.001805,EXPLORER
129400,0.476723,1.871014,0.105395,0.00024827,0.00235562,0.037587,0.001805,EXPLORER
129500,0.113208,2.760760,0.285812,0.00029647,0.00103727,0.022123,0.001805,EXPLORER
129600,0.214638,3.256718,0.292845,0.00028007,0.00095636,0.005757,0.001805,EXPLORER
129700,0.700000,1.936742,0.003749,0.00012825,0.03420303,0.994003,0.000000,EXPLORER
129800,0.684340,1.964081,0.081722,0.00014772,0.00180757,0.987147,0.000000,EXPLORER
129900,0.359101,1.926437,0.339667,0.00030378,0.00089436,0.977400,0.000000,EXPLORER
130000,0.338000,1.952296,0.301976,0.00037052,0.00122697,0.957981,0.000000,EXPLORER
130100,0.700000,2.047500,0.174102,0.00018035,0.00103589,0.943053,0.000000,EXPLORER
130200,0.229945,1.960608,0.416194,0.00039191,0.00094164,0.923621,0.000000,EXPLORER
130300,0.146739,2.773259,0.365304,0.00039761,0.00108842,0.901448,0.000000,EXPLORER
130400,0.343825,1.798271,0.250646,0.00038943,0.00155370,0.878627,0.000000,EXPLORER
130500,0.700000,2.104860,0.067974,0.00013454,0.00197928,0.865141,0.000000,EXPLORER
130600,0.391360,1.831753,0.138359,0.00022076,0.00159558,0.849250,0.000000,EXPLORER
130700,0.046778,1.933588,0.024400,0.00003665,0.00150197,0.843642,0.000000,EXPLORER
130800,0.024770,2.178474,0.009903,0.00004502,0.00454546,0.841583,0.000000,EXPLORER
130900,0.378081,2.209636,0.135946,0.00013522,0.00099465,0.830956,0.000000,EXPLORER
131000,0.501634,2.269773,0.233931,0.00022246,0.00095097,0.818798,0.000000,EXPLORER
131100,0.307465,2.947497,0.346458,0.00013858,0.00040000,0.809912,0.000000,EXPLORER
131200,0.318546,3.149388,0.235271,0.00025141,0.00106860,0.796916,0.000000,EXPLORER
131300,0.385517,3.034583,0.075240,0.00015577,0.00207027,0.786111,0.000000,EXPLORER
131400,0.636724,2.027645,0.185586,0.00013210,0.00071180,0.778373,0.000000,EXPLORER
131500,0.477088,2.005509,0.318901,0.00023182,0.00072694,0.764748,0.000000,EXPLORER
131600,0.353235,4.627755,0.050336,0.00016626,0.00330303,0.750798,0.000000,EXPLORER
131700,0.675599,6.392561,0.091541,0.00018049,0.00197170,0.737474,0.111645,EXPLORER
131800,0.070687,7.679389,0.055097,0.00007695,0.00139664,0.731121,0.800447,EXPLORER
131900,0.266251,6.986705,0.201449,0.00007529,0.00037372,0.725694,0.800447,EXPLORER
132000,0.529573,6.612909,0.368696,0.00007242,0.00019642,0.718748,0.811558,EXPLORER
132100,0.266879,4.709978,0.597498,0.00006446,0.00010789,0.712688,0.811558,EXPLORER
132200,0.009620,2.571397,0.091939,0.00004180,0.00045467,0.708855,0.811558,EXPLORER
132300,0.079195,3.812882,0.211398,0.00005421,0.00025645,0.706225,0.898999,EXPLORER
132400,0.037219,1.788618,0.040840,0.00003687,0.00090277,0.703696,0.898999,EXPLORER
132500,0.380245,3.131103,0.051976,0.00004008,0.00077106,0.700961,0.898999,EXPLORER
132600,0.226562,3.127635,0.023842,0.00004565,0.00191457,0.698148,0.898999,EXPLORER
132700,0.046299,1.288031,0.042006,0.00003268,0.00077804,0.695735,0.898999,EXPLORER
132800,0.169343,2.094125,0.162554,0.00004013,0.00024687,0.693394,0.932459,EXPLORER
132900,0.157941,1.991862,0.027778,0.00003749,0.00134950,0.691095,0.932459,EXPLORER
133000,0.098618,1.735529,0.082120,0.00003624,0.00044125,0.689116,0.932459,EXPLORER
133100,0.197844,2.504481,0.044986,0.00004153,0.00092322,0.687015,0.932459,EXPLORER
133200,0.399519,1.295041,0.010405,0.00003233,0.00310680,0.684713,0.932459,EXPLORER
133300,0.272615,1.952968,0.031747,0.00003729,0.00117445,0.682356,0.932459,EXPLORER
133400,0.320811,1.998189,0.073645,0.00002794,0.00037942,0.680031,0.932459,EXPLORER
133500,0.343390,1.883271,0.126257,0.00003829,0.00030323,0.677366,0.932459,EXPLORER
133600,0.064368,2.002914,0.018598,0.00003729,0.00200477,0.674953,0.932459,EXPLORER
133700,0.232261,2.021241,0.088870,0.00004449,0.00050060,0.672221,0.932459,EXPLORER
133800,0.479274,2.005968,0.009928,0.00003746,0.00377291,0.670216,0.932459,EXPLORER
133900,0.348062,1.925211,0.053966,0.00003691,0.00068389,0.668176,0.932459,EXPLORER
134000,0.093049,1.869790,0.021935,0.00003812,0.00173773,0.666167,0.932459,EXPLORER
134100,0.068850,1.949033,0.066535,0.00003763,0.00056556,0.663807,0.932459,EXPLORER
134200,0.336908,1.951777,0.008360,0.00003674,0.00439384,0.661717,0.932459,EXPLORER
134300,0.270315,1.887480,0.021067,0.00003980,0.00188893,0.659508,0.932459,EXPLORER
134400,0.185642,1.861739,0.017148,0.00003818,0.00222653,0.657559,0.932459,EXPLORER
134500,0.131394,2.015043,0.040147,0.00003772,0.00093945,0.655258,0.932459,EXPLORER
134600,0.160602,1.914099,0.029705,0.00003068,0.00103286,0.653055,0.932459,EXPLORER
134700,0.381085,1.897313,0.033690,0.00004155,0.00123335,0.650978,0.932459,EXPLORER
134800,0.272718,1.811728,0.045199,0.00003325,0.00073572,0.648913,0.932459,EXPLORER
134900,0.324536,2.059381,0.075989,0.00003897,0.00051289,0.646462,0.932459,EXPLORER
135000,0.497234,1.717666,0.023339,0.00003548,0.00152025,0.644090,0.932459,EXPLORER
135100,0.107070,2.303653,0.007634,0.00003949,0.00517203,0.641643,0.932459,EXPLORER
135200,0.277312,2.670321,0.011331,0.00004241,0.00374246,0.638983,0.932459,EXPLORER
135300,0.130379,1.954271,0.028715,0.00003710,0.00129184,0.636532,0.932459,EXPLORER
135400,0.121409,2.435801,0.017161,0.00004067,0.00236963,0.634061,0.979140,EXPLORER
135500,0.202798,1.916811,0.014577,0.00003601,0.00246989,0.631890,0.995609,EXPLORER
135600,0.148347,2.165721,0.101185,0.00003932,0.00038857,0.629479,0.995609,EXPLORER
135700,0.406297,1.903377,0.036585,0.00002921,0.00079848,0.627158,0.995609,EXPLORER
135800,0.021572,2.948597,0.026124,0.00004475,0.00171278,0.624792,0.995609,EXPLORER
135900,0.379580,3.229698,0.130707,0.00003908,0.00029897,0.999580,0.002350,EXPLORER
136000,0.697088,2.155988,1.005808,0.00005225,0.00005195,0.996483,0.013866,EXPLORER
136100,0.609515,3.253807,0.143888,0.00008280,0.00057544,0.992643,0.430882,EXPLORER
136200,0.579011,3.307386,0.138054,0.00010207,0.00073936,0.988674,0.576138,EXPLORER
136300,0.573186,3.150145,0.176264,0.00019257,0.00109248,0.980071,0.603878,EXPLORER
136400,0.308043,3.512395,0.094949,0.00019295,0.00203209,0.968688,0.603878,EXPLORER
136500,0.343978,2.376501,0.058609,0.00018523,0.00316047,0.956707,0.603878,EXPLORER
136600,0.317823,2.608016,0.159460,0.00018627,0.00116815,0.945913,0.603878,EXPLORER
136700,0.072336,3.233435,0.120230,0.00019164,0.00159389,0.935153,0.603878,EXPLORER
136800,0.265953,3.647240,0.112431,0.00019534,0.00173737,0.924486,0.603878,EXPLORER
136900,0.315554,2.346141,0.110299,0.00018512,0.00167833,0.913252,0.603878,EXPLORER
137000,0.317463,2.692706,0.181210,0.00020874,0.00115190,0.902873,0.603878,EXPLORER
137100,0.047772,3.212250,0.106395,0.00021150,0.00198788,0.891194,0.603878,EXPLORER
137200,0.351497,3.512975,0.167632,0.00021404,0.00127682,0.879070,0.603878,EXPLORER
137300,0.303730,2.280778,0.126171,0.00020517,0.00162610,0.866764,0.603878,EXPLORER
137400,0.326148,2.746827,0.152892,0.00020880,0.00136565,0.854982,0.603878,EXPLORER
137500,0.573186,3.346321,0.117049,0.00021240,0.00181464,0.842879,0.603878,EXPLORER
137600,0.344754,3.362191,0.119770,0.00021351,0.00178267,0.830312,0.603878,EXPLORER
137700,0.367744,2.369973,0.141202,0.00020498,0.00145165,0.818474,0.603878,EXPLORER
137800,0.077613,2.752467,0.137027,0.00020773,0.00151599,0.807518,0.603878,EXPLORER
137900,0.039330,3.233032,0.132640,0.00021156,0.00159495,0.795382,0.603878,EXPLORER
138000,0.069705,3.396471,0.101090,0.00021217,0.00209880,0.783528,0.603878,EXPLORER
138100,0.048403,2.420401,0.138124,0.00020576,0.00148964,0.770847,0.603878,EXPLORER
138200,0.075344,2.705862,0.159938,0.00020740,0.00129677,0.759900,0.603878,EXPLORER
138300,0.194128,3.204055,0.076712,0.00021051,0.00274407,0.747991,0.603878,EXPLORER
138400,0.533317,3.587396,0.220830,0.00021641,0.00097996,0.734237,0.603878,EXPLORER
138500,0.398209,2.513796,0.133807,0.00020580,0.00153805,0.722337,0.603878,EXPLORER
138600,0.072569,2.646496,0.087565,0.00020698,0.00236372,0.710102,0.603878,EXPLORER
138700,0.171093,3.056399,0.133700,0.00020981,0.00156924,0.698256,0.603878,EXPLORER
138800,0.306631,3.737088,0.121512,0.00021583,0.00177615,0.685422,0.603878,EXPLORER
138900,0.359570,2.508097,0.162398,0.00020643,0.00127114,0.672409,0.603878,EXPLORER
139000,0.043189,2.507863,0.079656,0.00018620,0.00233748,0.661491,0.603878,EXPLORER
139100,0.408592,2.728552,0.032366,0.00018751,0.00579318,0.651074,0.603878,EXPLORER
139200,0.507545,2.154335,0.056467,0.00020384,0.00360980,0.638913,0.603878,EXPLORER
139300,0.163452,2.389555,0.017339,0.00009471,0.00546195,0.630454,0.833612,EXPLORER
139400,0.469595,1.878165,0.048720,0.00003521,0.00072271,0.997974,0.010818,EXPLORER
139500,0.364210,1.919869,0.010206,0.00003665,0.00359074,0.995363,0.010818,EXPLORER
139600,0.431655,1.888530,0.009703,0.00004272,0.00440221,0.992814,0.010818,EXPLORER
139700,0.326856,1.969889,0.033419,0.00003742,0.00111960,0.990414,0.010818,EXPLORER
139800,0.081133,1.931108,0.068413,0.00003770,0.00055110,0.988225,0.010818,EXPLORER
139900,0.151034,1.933821,0.019134,0.00003686,0.00192631,0.986155,0.010818,EXPLORER
140000,0.157122,1.922172,0.012031,0.00003665,0.00304600,0.984058,0.010818,EXPLORER
140100,0.182688,1.981697,0.001710,0.00003710,0.02168638,0.981792,0.010818,EXPLORER
140200,0.108835,1.884557,0.085625,0.00003754,0.00043847,0.979537,0.010818,EXPLORER
140300,0.351459,1.901625,0.020743,0.00003667,0.00176797,0.977408,0.010818,EXPLORER
140400,0.248706,1.965842,0.014613,0.00003702,0.00253345,0.975466,0.010818,EXPLORER
140500,0.239047,2.057190,0.099240,0.00003868,0.00038977,0.973029,0.010818,EXPLORER
140600,0.480449,1.963947,0.000856,0.00003692,0.04310904,0.970512,0.010818,EXPLORER
140700,0.256670,1.919449,0.050192,0.00003719,0.00074091,0.968137,0.010818,EXPLORER
140800,0.032910,2.023361,0.024568,0.00003758,0.00152943,0.965958,0.010818,EXPLORER
140900,0.453925,2.031544,0.081171,0.00003794,0.00046742,0.963709,0.010818,EXPLORER
141000,0.138468,2.011996,0.015504,0.00003737,0.00241049,0.961468,0.010818,EXPLORER
141100,0.107977,1.918823,0.008221,0.00003649,0.00443790,0.959168,0.010818,EXPLORER
141200,0.104003,1.934022,0.062022,0.00003735,0.00060227,0.957120,0.010818,EXPLORER
141300,0.323458,1.997361,0.116384,0.00004263,0.00036627,0.954688,0.010818,EXPLORER
141400,0.365114,2.034773,0.055675,0.00003851,0.00069167,0.952207,0.010818,EXPLORER
141500,0.373879,1.939010,0.064395,0.00003787,0.00058812,0.949966,0.010818,EXPLORER
141600,0.147444,1.932776,0.033809,0.00003684,0.00108965,0.947762,0.010818,EXPLORER
141700,0.171570,1.948690,0.002326,0.00004056,0.01742948,0.945397,0.010818,EXPLORER
141800,0.266961,1.914188,0.033351,0.00003723,0.00111641,0.943158,0.010818,EXPLORER
141900,0.101891,1.893885,0.068740,0.00003720,0.00054111,0.941101,0.010818,EXPLORER
142000,0.475959,1.881548,0.049094,0.00003635,0.00074042,0.939100,0.010818,EXPLORER
142100,0.145447,1.934882,0.021414,0.00003690,0.00172304,0.936424,0.010818,EXPLORER
142200,0.246642,1.943745,0.077569,0.00003769,0.00048590,0.934082,0.010818,EXPLORER
142300,0.352882,1.919458,0.095222,0.00003721,0.00039074,0.931842,0.010818,EXPLORER
142400,0.361436,1.979795,0.032634,0.00003804,0.00116567,0.929804,0.010818,EXPLORER
142500,0.138579,1.972420,0.074644,0.00003781,0.00050657,0.927305,0.010818,EXPLORER
142600,0.583028,1.960558,0.005688,0.00003785,0.00665269,0.925054,0.010818,EXPLORER
142700,0.448792,1.930510,0.056670,0.00003771,0.00066544,0.922904,0.010818,EXPLORER
142800,0.059641,1.921989,0.061557,0.00003780,0.00061405,0.920767,0.010818,EXPLORER
142900,0.188547,1.964284,0.017217,0.00003725,0.00216329,0.918347,0.010818,EXPLORER
143000,0.292262,1.974726,0.058479,0.00003808,0.00065111,0.916134,0.010818,EXPLORER
143100,0.046480,1.916494,0.035860,0.00003695,0.00103034,0.914069,0.010818,EXPLORER
143200,0.147971,1.871726,0.044656,0.00003690,0.00082628,0.911988,0.010818,EXPLORER
143300,0.408022,1.919628,0.004336,0.00003695,0.00852012,0.909711,0.010818,EXPLORER
143400,0.211740,1.880467,0.045509,0.00004114,0.00090391,0.907275,0.010818,EXPLORER
143500,0.101079,1.892194,0.147502,0.00003858,0.00026154,0.905038,0.010818,EXPLORER
143600,0.084919,1.943558,0.142813,0.00003951,0.00027665,0.902960,0.010818,EXPLORER
143700,0.583035,1.929399,0.073434,0.00004112,0.00056001,0.900632,0.010818,EXPLORER
143800,0.371607,1.932903,0.045337,0.00003986,0.00087923,0.898342,0.010818,EXPLORER
143900,0.398579,1.891862,0.060863,0.00003857,0.00063376,0.896216,0.010818,EXPLORER
144000,0.520133,1.873443,0.044835,0.00003621,0.00080757,0.894277,0.010818,EXPLORER
144100,0.164224,1.936915,0.013738,0.00003668,0.00267015,0.891915,0.010818,EXPLORER
144200,0.030232,1.914170,0.033854,0.00003778,0.00111582,0.889669,0.010818,EXPLORER
144300,0.038925,1.899242,0.013121,0.00003652,0.00278284,0.887562,0.010818,EXPLORER
144400,0.270590,1.923383,0.047615,0.00003645,0.00076541,0.885467,0.010818,EXPLORER
144500,0.350999,1.953510,0.025092,0.00003751,0.00149494,0.882811,0.010818,EXPLORER
144600,0.227043,1.951544,0.175269,0.00003914,0.00022331,0.880370,0.010818,EXPLORER
144700,0.555526,1.905491,0.025544,0.00003662,0.00143368,0.877782,0.010818,EXPLORER
144800,0.257674,1.926635,0.056498,0.00003716,0.00065778,0.875829,0.010818,EXPLORER
144900,0.344958,1.915665,0.074298,0.00003747,0.00050426,0.873469,0.010818,EXPLORER
145000,0.371670,1.909533,0.074687,0.00003748,0.00050185,0.871074,0.010818,EXPLORER
145100,0.059806,1.877886,0.034556,0.00003703,0.00107150,0.868870,0.010818,EXPLORER
145200,0.125151,1.907731,0.085370,0.00003784,0.00044319,0.866879,0.010818,EXPLORER
145300,0.457223,1.943388,0.051100,0.00003495,0.00068403,0.864375,0.010818,EXPLORER
145400,0.098848,1.986145,0.153132,0.00003913,0.00025554,0.861186,0.010818,EXPLORER
145500,0.378053,1.924957,0.179086,0.00003869,0.00021606,0.857730,0.010818,EXPLORER
145600,0.297966,2.017193,0.133495,0.00003882,0.00029079,0.854680,0.010818,EXPLORER
145700,0.413559,2.042110,0.041275,0.00002883,0.00069858,0.851024,0.010818,EXPLORER
145800,0.464828,1.943362,0.040371,0.00003858,0.00095554,0.848415,0.010818,EXPLORER
145900,0.216421,1.898486,0.035904,0.00003661,0.00101955,0.846190,0.010818,EXPLORER
146000,0.697728,2.011524,0.037696,0.00003854,0.00102238,0.844137,0.010818,EXPLORER
146100,0.576607,2.057863,0.189389,0.00004424,0.00023360,0.841424,0.010818,EXPLORER
146200,0.096932,2.029396,0.115368,0.00003907,0.00033861,0.838961,0.010818,EXPLORER
146300,0.053975,1.980154,0.034697,0.00003732,0.00107562,0.836698,0.010818,EXPLORER
146400,0.306601,2.038380,0.097719,0.00003886,0.00039762,0.833970,0.010818,EXPLORER
146500,0.167746,1.983796,0.060283,0.00003784,0.00062765,0.830885,0.010818,EXPLORER
146600,0.255943,1.920855,0.014466,0.00003833,0.00264922,0.827971,0.010818,EXPLORER
146700,0.291625,1.887823,0.053838,0.00003717,0.00069046,0.825610,0.010818,EXPLORER
146800,0.132544,2.018162,0.019234,0.00003742,0.00194541,0.822746,0.010818,EXPLORER
146900,0.243494,1.992117,0.025025,0.00004095,0.00163622,0.820419,0.010818,EXPLORER
147000,0.120808,1.890681,0.012496,0.00003458,0.00276719,0.817908,0.010818,EXPLORER
147100,0.261654,1.877668,0.020274,0.00003683,0.00181654,0.815601,0.010818,EXPLORER
147200,0.253862,1.924467,0.121867,0.00003807,0.00031238,0.813398,0.010818,EXPLORER
147300,0.482969,1.941590,0.008689,0.00003725,0.00428616,0.809961,0.010818,EXPLORER
147400,0.195079,1.953396,0.116686,0.00004040,0.00034620,0.807173,0.010818,EXPLORER
147500,0.697728,1.920948,0.038197,0.00003669,0.00096053,0.804840,0.010818,EXPLORER
147600,0.444533,2.090197,0.019988,0.00003784,0.00189310,0.801407,0.010818,EXPLORER
147700,0.101307,2.015347,0.027952,0.00003746,0.00134016,0.798897,0.010818,EXPLORER
147800,0.085098,1.909247,0.117520,0.00003805,0.00032379,0.795514,0.010818,EXPLORER
147900,0.363959,1.906749,0.193298,0.00004031,0.00020852,0.792625,0.010818,EXPLORER
148000,0.203026,2.044101,0.072061,0.00003861,0.00053572,0.789515,0.010818,EXPLORER
148100,0.197300,1.962436,0.154807,0.00003890,0.00025129,0.786453,0.010818,EXPLORER
148200,0.427664,1.976650,0.058963,0.00003796,0.00064381,0.783803,0.010818,EXPLORER
148300,0.361430,1.936597,0.002075,0.00003694,0.01779134,0.781628,0.010818,EXPLORER
148400,0.362327,2.001367,0.160491,0.00003908,0.00024349,0.779331,0.010818,EXPLORER
148500,0.198340,2.008560,0.046125,0.00003760,0.00081527,0.776708,0.010818,EXPLORER
148600,0.350066,1.919387,0.028895,0.00003523,0.00121906,0.773785,0.010818,EXPLORER
148700,0.579654,1.861388,0.061571,0.00003624,0.00058851,0.771785,0.010818,EXPLORER
148800,0.112854,2.009505,0.008921,0.00003738,0.00418940,0.768886,0.010818,EXPLORER
148900,0.227677,1.951985,0.062719,0.00004099,0.00065348,0.765813,0.010818,EXPLORER
149000,0.285263,1.872276,0.090377,0.00003717,0.00041122,0.762884,0.010818,EXPLORER
149100,0.128830,1.879436,0.152495,0.00003901,0.00025581,0.760101,0.010818,EXPLORER
149200,0.404834,2.028528,0.071192,0.00003875,0.00054424,0.757201,0.010818,EXPLORER
149300,0.252936,1.919678,0.102912,0.00003806,0.00036987,0.753728,0.010818,EXPLORER
149400,0.547862,1.929040,0.012953,0.00003681,0.00284184,0.750965,0.010818,EXPLORER
149500,0.416322,1.888018,0.044248,0.00003648,0.00082435,0.748703,0.010818,EXPLORER
149600,0.365832,2.030414,0.002417,0.00003762,0.01555772,0.746476,0.010818,EXPLORER
149700,0.118457,2.049292,0.224957,0.00004084,0.00018156,0.743223,0.010818,EXPLORER
149800,0.013943,1.924628,0.018689,0.00003857,0.00206380,0.740552,0.010818,EXPLORER
149900,0.055114,1.940818,0.141372,0.00003944,0.00027895,0.738016,0.010818,EXPLORER
150000,0.408905,2.038024,0.054035,0.00003820,0.00070693,0.735023,0.010818,EXPLORER
150100,0.296701,1.929393,0.061803,0.00003709,0.00060006,0.732380,0.010818,EXPLORER
150200,0.030607,1.921093,0.013579,0.00003839,0.00282670,0.729963,0.010818,EXPLORER
150300,0.351223,1.856196,0.086687,0.00003693,0.00042600,0.727770,0.010818,EXPLORER
150400,0.249135,1.975665,0.058629,0.00003740,0.00063791,0.724774,0.010818,EXPLORER
150500,0.069170,1.970216,0.085846,0.00003806,0.00044330,0.721738,0.010818,EXPLORER
150600,0.107728,1.840465,0.138245,0.00003810,0.00027557,0.718494,0.010818,EXPLORER
150700,0.436185,1.842627,0.097327,0.00003756,0.00038592,0.715797,0.010818,EXPLORER
150800,0.257357,2.021538,0.031296,0.00003759,0.00120116,0.713046,0.010818,EXPLORER
150900,0.697728,1.987311,0.031336,0.00003724,0.00118834,0.710004,0.010818,EXPLORER
151000,0.185228,1.884088,0.075098,0.00003707,0.00049362,0.707754,0.010818,EXPLORER
151100,0.254003,1.873125,0.101877,0.00003682,0.00036140,0.705307,0.010818,EXPLORER
151200,0.096578,2.053399,0.083720,0.00003868,0.00046203,0.702993,0.010818,EXPLORER
151300,0.106335,1.963650,0.042381,0.00003733,0.00088076,0.699917,0.010818,EXPLORER
151400,0.582873,1.944369,0.007154,0.00003723,0.00520318,0.697060,0.010818,EXPLORER
151500,0.255383,1.890867,0.060977,0.00003721,0.00061025,0.694490,0.010818,EXPLORER
151600,0.193517,2.059872,0.092754,0.00003870,0.00041723,0.691630,0.010818,EXPLORER
151700,0.349628,1.983037,0.018643,0.00003405,0.00182632,0.687761,0.010818,EXPLORER
151800,0.141415,1.944064,0.179657,0.00003952,0.00021997,0.684396,0.010818,EXPLORER
151900,0.473261,1.989925,0.031100,0.00003717,0.00119505,0.681788,0.010818,EXPLORER
152000,0.355037,2.075824,0.186336,0.00004081,0.00021900,0.678694,0.010818,EXPLORER
152100,0.119226,2.014652,0.029818,0.00003752,0.00125834,0.675077,0.010818,EXPLORER
152200,0.480965,1.883632,0.009527,0.00003659,0.00383980,0.672300,0.010818,EXPLORER
152300,0.209693,1.875047,0.007693,0.00003623,0.00470935,0.669842,0.010818,EXPLORER
152400,0.391396,2.039512,0.038008,0.00003832,0.00100806,0.667374,0.010818,EXPLORER
152500,0.184965,1.886342,0.085032,0.00004100,0.00048222,0.664238,0.010818,EXPLORER
152600,0.163463,1.860309,0.141110,0.00003820,0.00027072,0.661553,0.010818,EXPLORER
152700,0.186957,1.870606,0.018029,0.00003656,0.00202800,0.658475,0.010818,EXPLORER
152800,0.316107,2.036341,0.033088,0.00002835,0.00085675,0.656097,0.010818,EXPLORER
152900,0.219118,2.017883,0.255158,0.00004103,0.00016079,0.653406,0.010818,EXPLORER
153000,0.387010,1.845406,0.077108,0.00003810,0.00049415,0.650319,0.010818,EXPLORER
153100,0.127938,1.846207,0.036613,0.00003657,0.00099882,0.647231,0.010818,EXPLORER
153200,0.183149,2.239777,0.083995,0.00004022,0.00047880,0.644628,0.010818,EXPLORER
153300,0.081106,1.960195,0.006718,0.00003682,0.00548004,0.641243,0.010818,EXPLORER
153400,0.085740,1.868017,0.014405,0.00003627,0.00251809,0.639013,0.010818,EXPLORER
153500,0.046054,1.874567,0.006664,0.00003676,0.00551603,0.636103,0.010818,EXPLORER
153600,0.190959,2.043398,0.098259,0.00003858,0.00039264,0.632890,0.010818,EXPLORER
153700,0.162485,2.043317,0.011543,0.00004092,0.00354499,0.630444,0.010818,EXPLORER
153800,0.077932,1.953894,0.132092,0.00003693,0.00027959,0.627860,0.010818,EXPLORER
153900,0.326217,1.886582,0.052022,0.00003727,0.00071648,0.625739,0.010818,EXPLORER
154000,0.183611,1.966601,0.098511,0.00003778,0.00038347,0.623598,0.010818,EXPLORER
154100,0.261030,2.034289,0.105478,0.00003858,0.00036580,0.621071,0.010818,EXPLORER
154200,0.227016,1.933519,0.041637,0.00003195,0.00076739,0.618424,0.010818,EXPLORER
154300,0.209035,1.897706,0.165703,0.00003902,0.00023546,0.615871,0.010818,EXPLORER
154400,0.417729,2.028892,0.126795,0.00003952,0.00031171,0.613494,0.010818,EXPLORER
154500,0.258132,2.010354,0.083925,0.00004237,0.00050480,0.610550,0.010818,EXPLORER
154600,0.315945,1.960262,0.066307,0.00003541,0.00053396,0.608321,0.010818,EXPLORER
154700,0.317643,1.868657,0.111712,0.00003825,0.00034243,0.606197,0.010818,EXPLORER
154800,0.146116,1.845510,0.030691,0.00003622,0.00118022,0.604046,0.010818,EXPLORER
154900,0.424357,1.962400,0.080694,0.00004143,0.00051347,0.601744,0.010818,EXPLORER
155000,0.156804,1.927751,0.030445,0.00003520,0.00115608,0.599261,0.010818,EXPLORER
155100,0.409210,1.874545,0.120796,0.00003820,0.00031627,0.597008,0.010818,EXPLORER
155200,0.414202,1.889725,0.009329,0.00003687,0.00395222,0.595030,0.010818,EXPLORER
155300,0.277924,1.993066,0.077031,0.00003830,0.00049724,0.592534,0.010818,EXPLORER
155400,0.564962,1.931004,0.131284,0.00004002,0.00030487,0.590110,0.010818,EXPLORER
155500,0.056375,1.880828,0.075507,0.00003738,0.00049509,0.587841,0.010818,EXPLORER
155600,0.060157,1.855648,0.174502,0.00003863,0.00022136,0.585880,0.010818,EXPLORER
155700,0.456487,1.928475,0.027891,0.00003673,0.00131680,0.583636,0.010818,EXPLORER
155800,0.142899,1.875399,0.115710,0.00003654,0.00031578,0.581022,0.010818,EXPLORER
155900,0.093986,1.877820,0.014082,0.00003639,0.00258399,0.578567,0.010818,EXPLORER
156000,0.052560,1.985055,0.027731,0.00003707,0.00133658,0.576420,0.010818,EXPLORER
156100,0.180983,1.997822,0.134496,0.00004282,0.00031836,0.573683,0.010818,EXPLORER
156200,0.431561,1.902931,0.024315,0.00003901,0.00160444,0.571200,0.010818,EXPLORER
156300,0.547018,1.889695,0.003330,0.00003724,0.01117948,0.568923,0.010818,EXPLORER
156400,0.296132,1.931525,0.094504,0.00003815,0.00040367,0.566846,0.010818,EXPLORER
156500,0.135056,1.940680,0.285829,0.00004089,0.00014306,0.563899,0.010818,EXPLORER
156600,0.161697,1.903601,0.016319,0.00003675,0.00225182,0.561287,0.010818,EXPLORER
156700,0.349022,1.872237,0.174856,0.00004037,0.00023087,0.558915,0.010818,EXPLORER
156800,0.066957,2.234363,0.069114,0.00003945,0.00057082,0.556651,0.010818,EXPLORER
156900,0.539661,1.981721,0.014245,0.00003740,0.00262532,0.553948,0.010818,EXPLORER
157000,0.292956,1.893077,0.048980,0.00003738,0.00076319,0.551492,0.010818,EXPLORER
157100,0.519539,1.848681,0.031259,0.00003633,0.00116214,0.549332,0.010818,EXPLORER
157200,0.553728,1.942696,0.020447,0.00003797,0.00185690,0.547138,0.010818,EXPLORER
157300,0.148426,1.969374,0.005772,0.00003686,0.00638514,0.544654,0.010818,EXPLORER
157400,0.215189,1.880803,0.083186,0.00003936,0.00047317,0.542288,0.010818,EXPLORER
157500,0.260631,1.835790,0.062311,0.00003694,0.00059288,0.539827,0.010818,EXPLORER
157600,0.130946,1.937859,0.031748,0.00003693,0.00116329,0.537620,0.010818,EXPLORER
157700,0.463916,1.965223,0.126628,0.00003815,0.00030127,0.535210,0.010818,EXPLORER
157800,0.033525,1.880067,0.050304,0.00003603,0.00071631,0.532982,0.010818,EXPLORER
157900,0.400218,1.850860,0.143628,0.00003770,0.00026245,0.530824,0.010818,EXPLORER
158000,0.016837,1.830100,0.046148,0.00003737,0.00080972,0.528945,0.010818,EXPLORER
158100,0.257041,1.975093,0.066049,0.00004147,0.00062779,0.526231,0.010818,EXPLORER
158200,0.260210,1.883761,0.061254,0.00003726,0.00060820,0.523741,0.010818,EXPLORER
158300,0.466154,1.874100,0.082134,0.00003763,0.00045815,0.520849,0.010818,EXPLORER
158400,0.354283,1.977743,0.088897,0.00003870,0.00043533,0.518749,0.010818,EXPLORER
158500,0.210879,1.895660,0.063953,0.00003331,0.00052085,0.516128,0.010818,EXPLORER
158600,0.036133,1.875724,0.055138,0.00003691,0.00066947,0.513653,0.010818,EXPLORER
158700,0.454672,1.876298,0.167909,0.00003992,0.00023776,0.511429,0.010818,EXPLORER
158800,0.087242,2.008357,0.257487,0.00004088,0.00015877,0.509117,0.010818,EXPLORER
158900,0.301660,1.986780,0.061034,0.00004129,0.00067654,0.506241,0.010818,EXPLORER
159000,0.473583,1.904534,0.190182,0.00003765,0.00019799,0.503122,0.010818,EXPLORER
159100,0.111779,1.892119,0.077915,0.00003775,0.00048447,0.500294,0.010818,EXPLORER
159200,0.200432,2.699234,0.071862,0.00004271,0.00059429,0.497418,0.010818,EXPLORER
159300,0.087247,1.915584,0.009240,0.00004017,0.00434690,0.494681,0.010818,EXPLORER
159400,0.129719,1.817768,0.003119,0.00003422,0.01097046,0.492109,0.010818,EXPLORER
159500,0.096279,1.821678,0.143091,0.00003782,0.00026431,0.489890,0.010818,EXPLORER
159600,0.066006,1.991358,0.015087,0.00003706,0.00245615,0.487916,0.010818,EXPLORER
159700,0.183015,1.954168,0.107210,0.00004229,0.00039448,0.485565,0.010818,EXPLORER
159800,0.428849,1.882503,0.022789,0.00003851,0.00168974,0.483208,0.010818,EXPLORER
159900,0.180719,1.839851,0.009812,0.00003604,0.00367299,0.481137,0.010818,EXPLORER
160000,0.379830,1.935196,0.004921,0.00003733,0.00758380,0.478438,0.010818,EXPLORER
160100,0.432635,2.035363,0.050496,0.00004082,0.00080829,0.475477,0.010818,EXPLORER
160200,0.467960,1.874875,0.108488,0.00003728,0.00034367,0.472277,0.010818,EXPLORER
160300,0.518763,1.858019,0.044470,0.00003588,0.00080689,0.470255,0.010818,EXPLORER
160400,0.349226,2.017724,0.106834,0.00003833,0.00035879,0.467819,0.010818,EXPLORER
160500,0.196812,1.992432,0.006335,0.00004014,0.00633516,0.464808,0.010818,EXPLORER
160600,0.607744,1.934398,0.056843,0.00003827,0.00067329,0.461999,0.010818,EXPLORER
160700,0.194164,1.856091,0.174746,0.00003847,0.00022012,0.459863,0.010818,EXPLORER
160800,0.477934,1.952088,0.091486,0.00003826,0.00041821,0.457829,0.010818,EXPLORER
160900,0.351345,2.013506,0.083010,0.00002738,0.00032983,0.454476,0.010818,EXPLORER
161000,0.190055,1.944280,0.107813,0.00004024,0.00037323,0.451709,0.010818,EXPLORER
161100,0.697728,1.868575,0.076105,0.00003638,0.00047808,0.449245,0.010818,EXPLORER
161200,0.506669,2.504342,0.015173,0.00004115,0.00271174,0.446861,0.010818,EXPLORER
161300,0.216650,1.935904,0.021633,0.00003703,0.00171148,0.444362,0.010818,EXPLORER
161400,0.422125,1.959485,0.140788,0.00003842,0.00027290,0.441871,0.010818,EXPLORER
161500,0.532674,1.882971,0.113827,0.00003806,0.00033436,0.439569,0.010818,EXPLORER
161600,0.400131,1.936506,0.089850,0.00003844,0.00042784,0.437316,0.010818,EXPLORER
161700,0.189357,1.987951,0.139885,0.00004277,0.00030578,0.434428,0.010818,EXPLORER
161800,0.198570,1.918684,0.085135,0.00003753,0.00044087,0.431875,0.010818,EXPLORER
161900,0.237530,1.894508,0.014531,0.00003760,0.00258731,0.429387,0.010818,EXPLORER
162000,0.168211,1.988177,0.042871,0.00003728,0.00086955,0.427241,0.010818,EXPLORER
162100,0.286601,2.026555,0.133426,0.00004292,0.00032166,0.424696,0.010818,EXPLORER
162200,0.178631,1.947258,0.070273,0.00003748,0.00053341,0.422320,0.010818,EXPLORER
162300,0.142492,1.897866,0.096964,0.00003764,0.00038818,0.420368,0.010818,EXPLORER
162400,0.389254,1.919823,0.010890,0.00003708,0.00340441,0.418029,0.010818,EXPLORER
162500,0.320101,2.030699,0.036936,0.00004127,0.00111721,0.415407,0.010818,EXPLORER
162600,0.140614,1.966920,0.175727,0.00003951,0.00022481,0.412846,0.010818,EXPLORER
162700,0.229269,1.886645,0.049914,0.00003680,0.00073730,0.410095,0.010818,EXPLORER
162800,0.110399,2.016229,0.031829,0.00003766,0.00118312,0.407813,0.010818,EXPLORER
162900,0.439792,1.966375,0.143331,0.00003932,0.00027432,0.405008,0.010818,EXPLORER
163000,0.474157,1.949012,0.062366,0.00003711,0.00059495,0.402687,0.010818,EXPLORER
163100,0.272112,1.878239,0.002923,0.00003730,0.01275747,0.400570,0.010818,EXPLORER
163200,0.194029,1.840060,0.043546,0.00003633,0.00083422,0.398351,0.010818,EXPLORER
163300,0.414525,1.897758,0.001906,0.00003672,0.01926089,0.396105,0.010818,EXPLORER
163400,0.697728,1.891999,0.072573,0.00003734,0.00051450,0.393834,0.010818,EXPLORER
163500,0.567774,1.858027,0.027216,0.00003629,0.00133324,0.391783,0.010818,EXPLORER
163600,0.092371,1.834268,0.001263,0.00003599,0.02846452,0.389742,0.010818,EXPLORER
163700,0.112043,1.853903,0.019849,0.00003617,0.00182201,0.387215,0.010818,EXPLORER
163800,0.461138,1.836211,0.254907,0.00003947,0.00015486,0.384840,0.010818,EXPLORER
163900,0.449420,1.830439,0.036766,0.00003781,0.00102829,0.382117,0.010818,EXPLORER
164000,0.126269,2.010072,0.008082,0.00003730,0.00461433,0.380187,0.010818,EXPLORER
164100,0.158555,1.926117,0.037785,0.00003289,0.00087045,0.378008,0.010818,EXPLORER
164200,0.168414,1.874184,0.008139,0.00003396,0.00417239,0.375972,0.010818,EXPLORER
164300,0.103844,1.856924,0.060618,0.00003615,0.00059627,0.373128,0.010818,EXPLORER
164400,0.171472,1.996223,0.115843,0.00003875,0.00033452,0.370944,0.010818,EXPLORER
164500,0.131662,1.966609,0.195406,0.00003962,0.00020275,0.367885,0.010818,EXPLORER
164600,0.365382,1.859054,0.163620,0.00003894,0.00023797,0.365265,0.010818,EXPLORER
164700,0.141030,1.867715,0.053778,0.00003737,0.00069488,0.362497,0.010818,EXPLORER
164800,0.636224,2.384680,0.003137,0.00004021,0.01281609,0.360292,0.010818,EXPLORER
164900,0.476174,1.910870,0.092014,0.00004129,0.00044878,0.357971,0.010818,EXPLORER
165000,0.074408,1.849435,0.162595,0.00003835,0.00023585,0.354687,0.010818,EXPLORER
165100,0.214581,1.848446,0.126934,0.00003765,0.00029661,0.352629,0.010818,EXPLORER
165200,0.385639,2.250330,0.233697,0.00004227,0.00018089,0.350284,0.010818,EXPLORER
165300,0.339635,1.976309,0.041178,0.00012331,0.00299451,0.342845,0.010818,EXPLORER
165400,0.334300,1.856301,0.076166,0.00014892,0.00195518,0.334959,0.010818,EXPLORER
165500,0.274957,1.853702,0.076227,0.00020191,0.00264876,0.325724,0.010818,EXPLORER
165600,0.235007,2.739754,0.066659,0.00020808,0.00312156,0.315070,0.010818,EXPLORER
165700,0.697728,1.963000,0.014425,0.00018198,0.01261441,0.305747,0.010818,EXPLORER
165800,0.697728,1.927464,0.062482,0.00010823,0.00173214,0.295876,0.010818,EXPLORER
165900,0.383029,2.087641,0.021176,0.00010802,0.00510101,0.287179,0.010818,EXPLORER
166000,0.697728,2.899952,0.013857,0.00020848,0.01504328,0.277658,0.010818,EXPLORER
166100,0.697728,2.035508,0.030036,0.00018268,0.00608172,0.267554,0.010818,EXPLORER
166200,0.697728,1.959742,0.014495,0.00010783,0.00743876,0.258409,0.010818,EXPLORER
166300,0.697728,2.202902,0.013497,0.00010821,0.00801693,0.248616,0.010818,EXPLORER
166400,0.697728,2.945076,0.011874,0.00011373,0.00957695,0.239576,0.010818,EXPLORER
166500,0.697728,2.019890,0.005961,0.00020226,0.03392693,0.230174,0.010818,EXPLORER
166600,0.697728,1.928355,0.011329,0.00020165,0.01779894,0.221344,0.010818,EXPLORER
166700,0.697728,2.428323,0.009924,0.00020493,0.02064859,0.210199,0.010818,EXPLORER
166800,0.697728,3.039826,0.007730,0.00020934,0.02707957,0.200520,0.010818,EXPLORER
166900,0.697728,2.042042,0.048328,0.00010594,0.00219215,0.191012,0.010818,EXPLORER
167000,0.697728,1.909627,0.044255,0.00020202,0.00456487,0.180115,0.010818,EXPLORER
167100,0.697728,2.755275,0.011072,0.00020728,0.01872014,0.168477,0.010818,EXPLORER
167200,0.697728,3.230378,0.008177,0.00021069,0.02576448,0.152510,0.010818,EXPLORER
167300,0.697728,2.144852,0.009420,0.00020319,0.02156747,0.138614,0.010818,EXPLORER
167400,0.697728,2.025969,0.007368,0.00010725,0.01455288,0.125736,0.010818,EXPLORER
167500,0.697728,2.978718,0.008688,0.00011393,0.01311204,0.113228,0.010818,EXPLORER
167600,0.697728,3.168987,0.009215,0.00011531,0.01251282,0.104025,0.010818,EXPLORER
167700,0.697728,2.143000,0.008595,0.00020310,0.02362743,0.090550,0.010818,EXPLORER
167800,0.697728,1.951228,0.013984,0.00020182,0.01443090,0.080020,0.010818,EXPLORER
167900,0.697728,2.873746,0.008236,0.00020817,0.02527261,0.069780,0.010818,EXPLORER
168000,0.697728,3.187307,0.007815,0.00021043,0.02692411,0.058981,0.010818,EXPLORER
168100,0.360271,2.027741,0.122924,0.00015098,0.00122820,0.047670,0.010818,EXPLORER
168200,0.067660,1.908679,0.069165,0.00014712,0.00212699,0.039928,0.010818,EXPLORER
168300,0.243873,1.976967,0.017113,0.00014725,0.00860404,0.031153,0.010818,EXPLORER
168400,0.670874,2.998993,0.322467,0.00019911,0.00061745,0.021952,0.010818,EXPLORER
168500,0.395982,1.846969,0.195249,0.00013121,0.00067201,0.012277,0.010818,EXPLORER
168600,0.700000,1.906540,0.120868,0.00013861,0.00114681,0.996924,0.000000,EXPLORER
168700,0.230309,1.990187,0.049079,0.00003806,0.00077552,0.992972,0.000000,EXPLORER
168800,0.158835,1.920991,0.149204,0.00004333,0.00029040,0.990566,0.000000,EXPLORER
168900,0.187246,1.967133,0.101332,0.00003657,0.00036093,0.987781,0.000000,EXPLORER
169000,0.371260,1.916835,0.050156,0.00003763,0.00075023,0.985558,0.000000,EXPLORER
169100,0.123331,1.868557,0.066248,0.00003955,0.00059705,0.983331,0.000000,EXPLORER
169200,0.472017,1.893312,0.030423,0.00003691,0.00121331,0.981182,0.000000,EXPLORER
169300,0.279177,2.019814,0.125641,0.00003586,0.00028541,0.978521,0.000000,EXPLORER
169400,0.083506,1.935102,0.057529,0.00004018,0.00069841,0.976184,0.000000,EXPLORER
169500,0.217425,1.886680,0.034225,0.00003603,0.00105259,0.973679,0.000000,EXPLORER
169600,0.044509,1.968718,0.108018,0.00003833,0.00035488,0.971590,0.000000,EXPLORER
169700,0.119336,2.072973,0.008312,0.00003769,0.00453391,0.969098,0.000000,EXPLORER
169800,0.076641,1.988094,0.023567,0.00004081,0.00173141,0.966625,0.000000,EXPLORER
169900,0.130516,1.911934,0.025838,0.00003441,0.00133172,0.964622,0.000000,EXPLORER
170000,0.312950,1.931774,0.005336,0.00003671,0.00687869,0.962660,0.000000,EXPLORER
170100,0.066461,2.057269,0.058276,0.00004286,0.00073542,0.960024,0.000000,EXPLORER
170200,0.405169,1.980255,0.040435,0.00003796,0.00093872,0.957708,0.000000,EXPLORER
170300,0.120877,1.911337,0.127269,0.00003819,0.00030008,0.955354,0.000000,EXPLORER
170400,0.049203,2.036658,0.013320,0.00003738,0.00280609,0.951283,0.000000,EXPLORER
170500,0.187779,2.031748,0.103895,0.00003904,0.00037580,0.947624,0.000000,EXPLORER
170600,0.170471,1.921246,0.014628,0.00003962,0.00270815,0.944766,0.000000,EXPLORER
170700,0.179483,1.892962,0.111455,0.00003779,0.00033908,0.942594,0.000000,EXPLORER
170800,0.088327,1.990573,0.026042,0.00003745,0.00143793,0.940520,0.000000,EXPLORER
170900,0.081354,1.929789,0.000701,0.00003692,0.05259640,0.937684,0.000000,EXPLORER
171000,0.264057,1.954819,0.040440,0.00003955,0.00097797,0.934591,0.000000,EXPLORER
171100,0.362000,1.903279,0.053058,0.00003756,0.00070789,0.932084,0.000000,EXPLORER
171200,0.124579,2.036929,0.005378,0.00003730,0.00693446,0.929769,0.000000,EXPLORER
171300,0.344061,2.044651,0.085374,0.00003767,0.00044128,0.927381,0.000000,EXPLORER
171400,0.039896,1.988375,0.027552,0.00004112,0.00149243,0.924907,0.000000,EXPLORER
171500,0.176898,1.935947,0.009691,0.00003669,0.00378542,0.922527,0.000000,EXPLORER
171600,0.064122,1.990122,0.001749,0.00003728,0.02130600,0.920430,0.000000,EXPLORER
171700,0.076581,2.024872,0.089632,0.00003848,0.00042927,0.918020,0.000000,EXPLORER
171800,0.070564,1.929319,0.136482,0.00004069,0.00029815,0.915521,0.000000,EXPLORER
171900,0.367769,1.913179,0.024386,0.00003459,0.00141838,0.913180,0.000000,EXPLORER
172000,0.160973,1.921737,0.023228,0.00003655,0.00157362,0.911196,0.000000,EXPLORER
172100,0.261762,1.953370,0.200511,0.00003759,0.00018745,0.908578,0.000000,EXPLORER
172200,0.170756,1.893320,0.019839,0.00004186,0.00210973,0.906214,0.000000,EXPLORER
172300,0.122265,1.892940,0.081203,0.00003734,0.00045979,0.904109,0.000000,EXPLORER
172400,0.437324,1.919862,0.007135,0.00003693,0.00517574,0.901900,0.000000,EXPLORER
172500,0.256159,1.975934,0.044900,0.00003758,0.00083699,0.899447,0.000000,EXPLORER
172600,0.059841,1.879401,0.000443,0.00003625,0.08161903,0.897151,0.000000,EXPLORER
172700,0.398230,1.850785,0.067131,0.00003694,0.00055020,0.894736,0.000000,EXPLORER
172800,0.034272,1.940350,0.161622,0.00003926,0.00024289,0.892579,0.000000,EXPLORER
172900,0.298985,1.959695,0.005132,0.00003681,0.00717069,0.889875,0.000000,EXPLORER
173000,0.068849,1.921559,0.022421,0.00003683,0.00164265,0.887227,0.000000,EXPLORER
173100,0.390587,1.865043,0.037202,0.00003200,0.00086011,0.884724,0.000000,EXPLORER
173200,0.361260,1.989498,0.023886,0.00003706,0.00155148,0.882568,0.000000,EXPLORER
173300,0.340928,2.017502,0.035149,0.00003840,0.00109260,0.880271,0.000000,EXPLORER
173400,0.343654,1.909917,0.053986,0.00003684,0.00068240,0.877998,0.000000,EXPLORER
173500,0.149841,1.867923,0.002585,0.00003631,0.01403832,0.875797,0.000000,EXPLORER
173600,0.500707,1.853147,0.011030,0.00003691,0.00334625,0.873781,0.000000,EXPLORER
173700,0.213584,1.995951,0.112938,0.00003859,0.00034169,0.870935,0.000000,EXPLORER
173800,0.038410,1.913463,0.025526,0.00003955,0.00154953,0.868582,0.000000,EXPLORER
173900,0.386073,1.877319,0.101104,0.00003724,0.00036835,0.866454,0.000000,EXPLORER
174000,0.616090,1.884638,0.076764,0.00003579,0.00046621,0.864397,0.000000,EXPLORER
174100,0.435698,1.986022,0.005657,0.00003733,0.00659659,0.861883,0.000000,EXPLORER
174200,0.497338,1.869555,0.014806,0.00003612,0.00243956,0.859168,0.000000,EXPLORER
174300,0.137830,1.872978,0.028878,0.00003663,0.00126838,0.856985,0.000000,EXPLORER
174400,0.128892,1.924965,0.083471,0.00003759,0.00045029,0.854944,0.000000,EXPLORER
174500,0.284489,1.927871,0.174347,0.00003957,0.00022696,0.851713,0.000000,EXPLORER
174600,0.353240,1.879097,0.006632,0.00003666,0.00552675,0.849346,0.000000,EXPLORER
174700,0.700000,1.888239,0.023673,0.00003756,0.00158637,0.847205,0.000000,EXPLORER
174800,0.101792,2.000511,0.010766,0.00003712,0.00344790,0.844981,0.000000,EXPLORER
174900,0.435038,1.965817,0.097482,0.00003864,0.00039642,0.842508,0.000000,EXPLORER
175000,0.119482,1.963626,0.021353,0.00003420,0.00160170,0.840188,0.000000,EXPLORER
175100,0.015291,1.884514,0.022406,0.00003459,0.00154386,0.837497,0.000000,EXPLORER
175200,0.093633,2.017684,0.061270,0.00003820,0.00062346,0.835222,0.000000,EXPLORER
175300,0.365198,2.074235,0.058299,0.00003798,0.00065153,0.832782,0.000000,EXPLORER
175400,0.185556,1.911749,0.079456,0.00003774,0.00047494,0.829626,0.000000,EXPLORER
175500,0.255342,1.879156,0.015082,0.00003621,0.00240081,0.827344,0.000000,EXPLORER
175600,0.567234,2.008924,0.062265,0.00003741,0.00060085,0.825172,0.000000,EXPLORER
175700,0.118603,2.019282,0.088143,0.00003840,0.00043569,0.822742,0.000000,EXPLORER
175800,0.294689,1.932626,0.042585,0.00003978,0.00093402,0.820368,0.000000,EXPLORER
175900,0.179824,1.903924,0.166257,0.00003860,0.00023219,0.818188,0.000000,EXPLORER
176000,0.543670,1.944521,0.003079,0.00003704,0.01202440,0.815934,0.000000,EXPLORER
176100,0.130201,1.969089,0.031534,0.00003720,0.00117949,0.813251,0.000000,EXPLORER
176200,0.104192,2.012953,0.046233,0.00004083,0.00088310,0.811019,0.000000,EXPLORER
176300,0.081157,1.928698,0.060033,0.00003532,0.00058840,0.808845,0.000000,EXPLORER
176400,0.121228,1.943947,0.156857,0.00003892,0.00024811,0.806674,0.000000,EXPLORER
176500,0.130409,1.946306,0.111015,0.00003904,0.00035164,0.803969,0.000000,EXPLORER
176600,0.121472,1.949908,0.074332,0.00004020,0.00054077,0.800976,0.000000,EXPLORER
176700,0.123641,1.916915,0.203507,0.00003954,0.00019427,0.798876,0.000000,EXPLORER
176800,0.444985,1.990569,0.024463,0.00003802,0.00155420,0.796733,0.000000,EXPLORER
176900,0.535700,2.018286,0.246492,0.00004023,0.00016322,0.794440,0.000000,EXPLORER
177000,0.065823,1.928057,0.019019,0.00003677,0.00193323,0.788695,0.000000,EXPLORER
177100,0.196417,1.903471,0.091495,0.00003572,0.00039044,0.786366,0.000000,EXPLORER
177200,0.151779,2.014671,0.033198,0.00003773,0.00113636,0.784307,0.000000,EXPLORER
177300,0.583347,2.051100,0.069879,0.00003778,0.00054060,0.781923,0.000000,EXPLORER
177400,0.041374,1.914283,0.067389,0.00003750,0.00055641,0.779495,0.000000,EXPLORER
177500,0.631965,1.879204,0.144438,0.00003763,0.00026053,0.777351,0.000000,EXPLORER
177600,0.014887,1.892631,0.097711,0.00003748,0.00038362,0.775183,0.000000,EXPLORER
177700,0.083336,2.049797,0.015607,0.00003823,0.00244944,0.772763,0.000000,EXPLORER
177800,0.051920,1.933813,0.100658,0.00003813,0.00037883,0.770461,0.000000,EXPLORER
177900,0.093266,1.881563,0.016712,0.00003650,0.00218427,0.768418,0.000000,EXPLORER
178000,0.043065,1.874383,0.032684,0.00003660,0.00111978,0.766193,0.000000,EXPLORER
178100,0.121797,2.025574,0.020287,0.00003751,0.00184910,0.763602,0.000000,EXPLORER
178200,0.032677,1.905092,0.019544,0.00003663,0.00187405,0.760829,0.000000,EXPLORER
178300,0.100357,1.863945,0.019530,0.00003634,0.00186075,0.758712,0.000000,EXPLORER
178400,0.021832,1.904529,0.021750,0.00003667,0.00168593,0.756752,0.000000,EXPLORER
178500,0.127063,1.950665,0.019892,0.00003697,0.00185843,0.754347,0.000000,EXPLORER
178600,0.093350,1.878804,0.017698,0.00003642,0.00205793,0.752040,0.000000,EXPLORER
178700,0.102066,1.870602,0.018401,0.00003639,0.00197750,0.749890,0.000000,EXPLORER
178800,0.036229,1.844058,0.019847,0.00003621,0.00182431,0.747894,0.000000,EXPLORER
178900,0.128420,1.906850,0.021134,0.00003671,0.00173690,0.745469,0.000000,EXPLORER
179000,0.042681,1.856771,0.022048,0.00003635,0.00164845,0.742487,0.000000,EXPLORER
179100,0.083709,1.867204,0.019772,0.00003637,0.00183913,0.740307,0.000000,EXPLORER
179200,0.018756,1.967104,0.021543,0.00003713,0.00172329,0.738333,0.000000,EXPLORER
179300,0.108227,1.919079,0.019013,0.00003670,0.00193010,0.736052,0.000000,EXPLORER
179400,0.237160,1.862912,0.002399,0.00003923,0.01634705,0.733655,0.000000,EXPLORER
179500,0.054820,1.863752,0.142233,0.00003610,0.00025383,0.731494,0.000000,EXPLORER
179600,0.419727,1.886414,0.007361,0.00003679,0.00499717,0.729451,0.000000,EXPLORER
179700,0.407945,1.963946,0.040990,0.00003769,0.00091943,0.726970,0.000000,EXPLORER
179800,0.145866,1.892345,0.000101,0.00003642,0.35623565,0.724540,0.000000,EXPLORER
179900,0.039484,1.859901,0.014669,0.00003631,0.00247497,0.722548,0.000000,EXPLORER
180000,0.139922,1.861015,0.095692,0.00003736,0.00039045,0.720487,0.000000,EXPLORER
180100,0.128917,1.977647,0.087547,0.00003805,0.00043458,0.718248,0.000000,EXPLORER
180200,0.100488,1.907392,0.014556,0.00003665,0.00251747,0.716063,0.000000,EXPLORER
180300,0.149210,1.857333,0.071619,0.00003727,0.00052038,0.713982,0.000000,EXPLORER
180400,0.357210,1.841265,0.016523,0.00003607,0.00218292,0.711904,0.000000,EXPLORER
180500,0.435657,1.972891,0.142124,0.00003930,0.00027650,0.709415,0.000000,EXPLORER
180600,0.163816,1.929197,0.031321,0.00003377,0.00107810,0.707142,0.000000,EXPLORER
180700,0.361635,1.888730,0.078039,0.00003786,0.00048510,0.705115,0.000000,EXPLORER
180800,0.040696,1.860218,0.065848,0.00003957,0.00060095,0.703000,0.000000,EXPLORER
180900,0.269483,1.963664,0.098307,0.00003853,0.00039194,0.700537,0.000000,EXPLORER
181000,0.271718,1.923622,0.063436,0.00003415,0.00053839,0.698535,0.000000,EXPLORER
181100,0.390921,1.896919,0.008144,0.00004050,0.00497291,0.696224,0.000000,EXPLORER
181200,0.400057,1.912011,0.023422,0.00003713,0.00158503,0.693816,0.000000,EXPLORER
181300,0.153196,1.996864,0.030122,0.00003684,0.00122291,0.691514,0.000000,EXPLORER
181400,0.147814,1.899827,0.079695,0.00004106,0.00051519,0.688701,0.000000,EXPLORER
181500,0.124880,1.877202,0.036345,0.00003461,0.00095229,0.686293,0.000000,EXPLORER
181600,0.416744,1.973820,0.107162,0.00003831,0.00035753,0.684225,0.000000,EXPLORER
181700,0.252032,2.011106,0.047220,0.00003785,0.00080163,0.681541,0.000000,EXPLORER
181800,0.140138,1.893866,0.121605,0.00003798,0.00031229,0.679130,0.000000,EXPLORER
181900,0.150485,1.875527,0.001185,0.00003400,0.02866837,0.677086,0.000000,EXPLORER
182000,0.364594,1.934399,0.002076,0.00003693,0.01777654,0.675000,0.000000,EXPLORER
182100,0.453347,2.021534,0.034803,0.00003900,0.00112059,0.672744,0.000000,EXPLORER
182200,0.112196,1.919815,0.059330,0.00003976,0.00067015,0.669959,0.000000,EXPLORER
182300,0.374603,1.873281,0.014408,0.00003678,0.00255252,0.667686,0.000000,EXPLORER
182400,0.205686,1.953293,0.079908,0.00003768,0.00047160,0.665662,0.000000,EXPLORER
182500,0.230143,1.966139,0.062770,0.00003832,0.00061056,0.663268,0.000000,EXPLORER
182600,0.041267,1.938588,0.055651,0.00004055,0.00072857,0.660870,0.000000,EXPLORER
182700,0.190623,1.877086,0.069499,0.00003701,0.00053253,0.656957,0.000000,EXPLORER
182800,0.048204,2.038869,0.121884,0.00003916,0.00032125,0.653465,0.000000,EXPLORER
182900,0.418655,1.981462,0.044144,0.00003701,0.00083847,0.650566,0.000000,EXPLORER
183000,0.306456,1.938677,0.106699,0.00004148,0.00038872,0.648191,0.000000,EXPLORER
183100,0.431461,1.867706,0.034067,0.00003670,0.00107725,0.645665,0.000000,EXPLORER
183200,0.137693,1.950249,0.119027,0.00003835,0.00032216,0.643669,0.000000,EXPLORER
183300,0.449377,1.988976,0.010972,0.00003740,0.00340872,0.641283,0.000000,EXPLORER
183400,0.144935,1.927359,0.085516,0.00003797,0.00044396,0.638902,0.000000,EXPLORER
183500,0.121390,1.881350,0.008163,0.00003866,0.00473495,0.636813,0.000000,EXPLORER
183600,0.033305,1.849647,0.091920,0.00003710,0.00040360,0.634659,0.000000,EXPLORER
183700,0.700000,1.978494,0.008218,0.00003932,0.00478369,0.632102,0.000000,EXPLORER
183800,0.312775,1.906180,0.165721,0.00004289,0.00025879,0.629303,0.000000,EXPLORER
183900,0.616174,1.883440,0.036800,0.00003904,0.00106083,0.627159,0.000000,EXPLORER
184000,0.028392,1.904580,0.002849,0.00003637,0.01275982,0.625218,0.000000,EXPLORER
184100,0.345261,1.986629,0.048015,0.00003688,0.00076809,0.622437,0.000000,EXPLORER
184200,0.171005,1.890728,0.172248,0.00003608,0.00020945,0.620167,0.000000,EXPLORER
184300,0.372244,1.871283,0.066433,0.00003671,0.00055261,0.618081,0.000000,EXPLORER
184400,0.385634,1.880623,0.070384,0.00003805,0.00054057,0.616125,0.000000,EXPLORER
184500,0.380305,1.967466,0.089302,0.00003869,0.00043322,0.613877,0.000000,EXPLORER
184600,0.050895,1.862927,0.098241,0.00003751,0.00038182,0.611640,0.000000,EXPLORER
184700,0.180409,1.828244,0.048054,0.00003624,0.00075406,0.609384,0.000000,EXPLORER
184800,0.214747,1.833559,0.042376,0.00003622,0.00085463,0.607578,0.000000,EXPLORER
184900,0.309708,1.994229,0.017599,0.00003749,0.00213006,0.605380,0.000000,EXPLORER
185000,0.326679,1.906227,0.102714,0.00003800,0.00036998,0.602946,0.000000,EXPLORER
185100,0.651048,1.852931,0.090772,0.00003745,0.00041255,0.600899,0.000000,EXPLORER
185200,0.183445,1.842739,0.033371,0.00003727,0.00111671,0.598799,0.000000,EXPLORER
185300,0.481775,2.001771,0.091166,0.00003775,0.00041409,0.596344,0.000000,EXPLORER
185400,0.221733,1.911797,0.060419,0.00004135,0.00068445,0.594068,0.000000,EXPLORER
185500,0.093520,1.860548,0.072724,0.00003945,0.00054252,0.591630,0.000000,EXPLORER
185600,0.180400,1.879845,0.267344,0.00004018,0.00015030,0.589408,0.000000,EXPLORER
185700,0.091939,1.976908,0.105142,0.00003837,0.00036489,0.587144,0.000000,EXPLORER
185800,0.131593,1.893997,0.168392,0.00003871,0.00022988,0.584912,0.000000,EXPLORER
185900,0.040747,1.864666,0.267315,0.00004009,0.00014999,0.582561,0.000000,EXPLORER
186000,0.452772,1.881409,0.119482,0.00003746,0.00031355,0.580484,0.000000,EXPLORER
186100,0.123130,1.992159,0.095556,0.00003833,0.00040107,0.577945,0.000000,EXPLORER
186200,0.056051,1.891950,0.051172,0.00003709,0.00072481,0.575662,0.000000,EXPLORER
186300,0.054331,1.874321,0.003945,0.00003809,0.00965283,0.573453,0.000000,EXPLORER
186400,0.055195,1.977330,0.022855,0.00003692,0.00161554,0.570781,0.000000,EXPLORER
186500,0.061814,1.938606,0.038437,0.00003711,0.00096551,0.567916,0.000000,EXPLORER
186600,0.139699,1.884688,0.034735,0.00003359,0.00096710,0.565776,0.000000,EXPLORER
186700,0.073562,1.861525,0.089422,0.00003732,0.00041731,0.563328,0.000000,EXPLORER
186800,0.049944,1.906813,0.113905,0.00003816,0.00033500,0.561298,0.000000,EXPLORER
186900,0.148649,1.928071,0.029455,0.00003936,0.00133608,0.558663,0.000000,EXPLORER
187000,0.088992,1.897292,0.057120,0.00004249,0.00074390,0.556389,0.000000,EXPLORER
187100,0.228948,1.854384,0.137031,0.00004014,0.00029293,0.554305,0.000000,EXPLORER
187200,0.700000,1.852114,0.070911,0.00003797,0.00053541,0.552228,0.000000,EXPLORER
187300,0.273333,1.908556,0.139372,0.00004643,0.00033315,0.549880,0.000000,EXPLORER
187400,0.111966,1.903055,0.039448,0.00003703,0.00093859,0.547599,0.000000,EXPLORER
187500,0.223794,1.862285,0.113068,0.00003745,0.00033118,0.545256,0.000000,EXPLORER
187600,0.162230,1.846863,0.090572,0.00003871,0.00042735,0.543008,0.000000,EXPLORER
187700,0.091423,1.881906,0.036860,0.00003956,0.00107325,0.540705,0.000000,EXPLORER
187800,0.457665,1.900533,0.059758,0.00003650,0.00061084,0.538409,0.000000,EXPLORER
187900,0.700000,1.883635,0.104478,0.00003697,0.00035386,0.535847,0.000000,EXPLORER
188000,0.109730,1.936550,0.041286,0.00003712,0.00089911,0.533645,0.000000,EXPLORER
188100,0.170574,1.961613,0.057525,0.00003747,0.00065135,0.531316,0.000000,EXPLORER
188200,0.150393,1.894577,0.041072,0.00004000,0.00097390,0.528714,0.000000,EXPLORER
188300,0.191255,1.861531,0.049630,0.00003914,0.00078867,0.526585,0.000000,EXPLORER
188400,0.482415,1.879593,0.151598,0.00003902,0.00025737,0.524512,0.000000,EXPLORER
188500,0.328761,1.966276,0.114149,0.00003854,0.00033766,0.522219,0.000000,EXPLORER
188600,0.117967,1.887426,0.049679,0.00003702,0.00074509,0.519764,0.000000,EXPLORER
188700,0.070383,1.859038,0.118074,0.00003772,0.00031947,0.517504,0.000000,EXPLORER
188800,0.189456,1.871825,0.014997,0.00003616,0.00241063,0.515517,0.000000,EXPLORER
188900,0.306364,1.985413,0.009516,0.00003698,0.00388527,0.512501,0.000000,EXPLORER
189000,0.169149,1.868997,0.184803,0.00003377,0.00018272,0.510156,0.000000,EXPLORER
189100,0.128181,1.831809,0.123740,0.00003530,0.00028529,0.506594,0.000000,EXPLORER
189200,0.061043,1.923378,0.080214,0.00003766,0.00046950,0.504550,0.000000,EXPLORER
189300,0.246861,2.006906,0.089209,0.00003090,0.00034640,0.502172,0.000000,EXPLORER
189400,0.366450,1.924901,0.039328,0.00003747,0.00095266,0.499887,0.000000,EXPLORER
189500,0.290701,1.862660,0.065002,0.00003909,0.00060129,0.497629,0.000000,EXPLORER
189600,0.327932,1.839833,0.048496,0.00003645,0.00075151,0.495481,0.000000,EXPLORER
189700,0.206082,1.994750,0.000554,0.00003286,0.05916474,0.492831,0.000000,EXPLORER
189800,0.270684,1.918573,0.032949,0.00003718,0.00112832,0.490615,0.000000,EXPLORER
189900,0.134407,1.874072,0.055983,0.00003622,0.00064694,0.488567,0.000000,EXPLORER
190000,0.045598,1.996936,0.192407,0.00003991,0.00020742,0.485937,0.000000,EXPLORER
190100,0.397228,1.974032,0.032587,0.00003683,0.00113033,0.483354,0.000000,EXPLORER
190200,0.380923,1.877749,0.069187,0.00003672,0.00053068,0.480836,0.000000,EXPLORER
190300,0.096463,1.872664,0.089892,0.00003969,0.00044148,0.478814,0.000000,EXPLORER
190400,0.601845,1.870008,0.159422,0.00003770,0.00023645,0.476690,0.000000,EXPLORER
190500,0.271941,1.983371,0.094583,0.00004105,0.00043399,0.474315,0.000000,EXPLORER
190600,0.386605,1.907808,0.045611,0.00003194,0.00070034,0.472167,0.000000,EXPLORER
190700,0.556662,1.874283,0.019909,0.00003702,0.00185931,0.469982,0.000000,EXPLORER
190800,0.358140,1.896957,0.012948,0.00003676,0.00283923,0.467732,0.000000,EXPLORER
190900,0.193865,1.965680,0.109506,0.00003826,0.00034936,0.465108,0.000000,EXPLORER
191000,0.410752,1.853659,0.011329,0.00003649,0.00322037,0.462260,0.000000,EXPLORER
191100,0.424296,1.837269,0.012073,0.00003583,0.00296763,0.460232,0.000000,EXPLORER
191200,0.091106,2.050658,0.104313,0.00003893,0.00037316,0.457924,0.000000,EXPLORER
191300,0.113933,1.978785,0.022296,0.00003707,0.00166257,0.455092,0.000000,EXPLORER
191400,0.032258,1.886548,0.026976,0.00003382,0.00125351,0.452771,0.000000,EXPLORER
191500,0.109517,1.828495,0.063398,0.00003664,0.00057797,0.450583,0.000000,EXPLORER
191600,0.045100,1.989436,0.075997,0.00003800,0.00050004,0.448362,0.000000,EXPLORER
191700,0.219149,2.001759,0.127862,0.00003921,0.00030669,0.445588,0.000000,EXPLORER
191800,0.354970,1.892614,0.086214,0.00003501,0.00040605,0.443253,0.000000,EXPLORER
191900,0.362421,1.843062,0.038117,0.00003801,0.00099718,0.440531,0.000000,EXPLORER
192000,0.337391,2.146002,0.055444,0.00003890,0.00070161,0.438172,0.000000,EXPLORER
192100,0.449230,1.951658,0.064523,0.00003707,0.00057456,0.435582,0.000000,EXPLORER
192200,0.250940,1.905762,0.134066,0.00003813,0.00028438,0.433197,0.000000,EXPLORER
192300,0.095585,1.850404,0.033045,0.00003646,0.00110321,0.431031,0.000000,EXPLORER
192400,0.323547,1.915250,0.014971,0.00003705,0.00247472,0.428998,0.000000,EXPLORER
192500,0.123042,1.873241,0.042691,0.00003811,0.00089277,0.426366,0.000000,EXPLORER
192600,0.147377,1.909273,0.187886,0.00004355,0.00023181,0.424011,0.000000,EXPLORER
192700,0.700000,1.876916,0.019592,0.00003663,0.00186969,0.421562,0.000000,EXPLORER
192800,0.451805,1.881839,0.070837,0.00003731,0.00052667,0.419576,0.000000,EXPLORER
192900,0.567361,1.974804,0.061773,0.00003793,0.00061402,0.416489,0.000000,EXPLORER
193000,0.186801,1.838296,0.095982,0.00003404,0.00035467,0.413631,0.000000,EXPLORER
193100,0.169154,1.843269,0.025783,0.00003629,0.00140738,0.411553,0.000000,EXPLORER
193200,0.071007,2.116081,0.005042,0.00003769,0.00747400,0.409559,0.000000,EXPLORER
193300,0.361260,1.992371,0.068751,0.00003788,0.00055093,0.407106,0.000000,EXPLORER
193400,0.626681,1.855450,0.029190,0.00003632,0.00124440,0.404481,0.000000,EXPLORER
193500,0.422407,1.859371,0.149477,0.00003861,0.00025829,0.401597,0.000000,EXPLORER
193600,0.310556,2.589737,0.013511,0.00004162,0.00308037,0.398847,0.000000,EXPLORER
193700,0.511989,1.971345,0.014074,0.00003661,0.00260087,0.395875,0.000000,EXPLORER
193800,0.262967,1.851213,0.019954,0.00003641,0.00182467,0.393391,0.000000,EXPLORER
193900,0.474654,1.838494,0.206065,0.00004124,0.00020015,0.390947,0.000000,EXPLORER
194000,0.265109,1.995225,0.044673,0.00003754,0.00084024,0.389035,0.000000,EXPLORER
194100,0.472054,2.021837,0.109914,0.00003916,0.00035625,0.386414,0.000000,EXPLORER
194200,0.362138,1.874272,0.087088,0.00003743,0.00042980,0.384009,0.000000,EXPLORER
194300,0.061851,1.848264,0.041495,0.00003448,0.00083097,0.381852,0.000000,EXPLORER
194400,0.249770,1.926786,0.192077,0.00003918,0.00020400,0.379681,0.000000,EXPLORER
194500,0.437437,2.016023,0.068249,0.00003850,0.00056407,0.377032,0.000000,EXPLORER
194600,0.552473,1.911355,0.162074,0.00003825,0.00023598,0.374740,0.000000,EXPLORER
194700,0.243856,1.866210,0.047318,0.00003642,0.00076964,0.372273,0.000000,EXPLORER
194800,0.258240,1.923927,0.019262,0.00003669,0.00190470,0.370294,0.000000,EXPLORER
194900,0.275888,1.994399,0.073113,0.00003781,0.00051718,0.367856,0.000000,EXPLORER
195000,0.413734,1.995317,0.059367,0.00003839,0.00064661,0.365653,0.000000,EXPLORER
195100,0.207459,1.900033,0.020433,0.00003680,0.00180081,0.363483,0.000000,EXPLORER
195200,0.313681,2.048546,0.059047,0.00003848,0.00065159,0.360589,0.000000,EXPLORER
195300,0.424735,1.923063,0.081988,0.00003798,0.00046321,0.357930,0.000000,EXPLORER
195400,0.028371,1.923815,0.010561,0.00003669,0.00347341,0.354943,0.000000,EXPLORER
195500,0.056967,1.887576,0.102948,0.00003993,0.00038785,0.352706,0.000000,EXPLORER
195600,0.172908,2.237210,0.031725,0.00003947,0.00124411,0.350288,0.000000,EXPLORER
195700,0.444352,1.972842,0.174864,0.00026094,0.00149224,0.337846,0.000000,EXPLORER
195800,0.251754,1.826584,0.455686,0.00039140,0.00085891,0.317104,0.000000,EXPLORER
195900,0.361970,2.841959,0.235709,0.00039598,0.00167995,0.294341,0.000000,EXPLORER
196000,0.313881,3.278633,0.164876,0.00037878,0.00229734,0.268501,0.000000,EXPLORER
196100,0.602350,1.922850,0.285830,0.00039014,0.00136494,0.244593,0.000000,EXPLORER
196200,0.111053,2.191777,0.337383,0.00036743,0.00108906,0.216063,0.000000,EXPLORER
196300,0.129523,2.389164,0.193381,0.00030303,0.00156702,0.189464,0.000000,EXPLORER
196400,0.442852,2.970747,0.335336,0.00029927,0.00089244,0.169986,0.000000,EXPLORER
196500,0.172634,2.633173,0.053795,0.00026489,0.00492397,0.152755,0.000000,EXPLORER
196600,0.289779,3.437793,0.277688,0.00030100,0.00108396,0.133121,0.000000,EXPLORER
196700,0.167812,2.793145,0.249366,0.00029531,0.00118422,0.110597,0.000000,EXPLORER
196800,0.430813,2.764618,0.304510,0.00029645,0.00097353,0.091413,0.000000,EXPLORER
196900,0.408908,1.961446,0.147582,0.00026859,0.00181993,0.074131,0.000000,EXPLORER
197000,0.551009,1.978003,0.187073,0.00024994,0.00133606,0.057128,0.000000,EXPLORER
197100,0.098512,2.792082,0.275925,0.00027656,0.00100229,0.041150,0.000000,EXPLORER
197200,0.322153,3.178814,0.269829,0.00025899,0.00095984,0.025416,0.000000,EXPLORER
197300,0.091055,2.011424,0.225262,0.00027066,0.00120153,0.009705,0.000000,EXPLORER
197400,0.475615,1.912432,0.039780,0.00004481,0.00112636,0.994477,0.000000,EXPLORER
197500,0.173125,1.926433,0.003108,0.00003642,0.01171589,0.991721,0.000000,EXPLORER
197600,0.289283,1.888346,0.082173,0.00003534,0.00043008,0.988931,0.000000,EXPLORER
197700,0.152521,2.030005,0.037415,0.00003783,0.00101113,0.986465,0.000000,EXPLORER
197800,0.173342,1.921120,0.100714,0.00003988,0.00039599,0.984199,0.000000,EXPLORER
197900,0.193854,1.887027,0.071647,0.00003702,0.00051667,0.982123,0.000000,EXPLORER
198000,0.187158,1.945660,0.103264,0.00003718,0.00036005,0.979791,0.000000,EXPLORER
198100,0.078024,2.010931,0.125154,0.00003904,0.00031194,0.976755,0.000000,EXPLORER
198200,0.083240,1.945374,0.039935,0.00003412,0.00085433,0.974129,0.000000,EXPLORER
198300,0.156690,1.908376,0.025420,0.00003680,0.00144751,0.972030,0.000000,EXPLORER
198400,0.198310,1.986612,0.011050,0.00003683,0.00333268,0.970030,0.000000,EXPLORER
198500,0.432633,1.966701,0.006745,0.00003808,0.00564456,0.967781,0.000000,EXPLORER
198600,0.024363,1.991425,0.041452,0.00003755,0.00090593,0.965234,0.000000,EXPLORER
198700,0.197486,1.933013,0.102088,0.00003978,0.00038962,0.962745,0.000000,EXPLORER
198800,0.539620,1.963494,0.101444,0.00003771,0.00037176,0.960544,0.000000,EXPLORER
198900,0.453717,1.961925,0.039392,0.00003764,0.00095561,0.958075,0.000000,EXPLORER
199000,0.075010,1.933152,0.055396,0.00003459,0.00062436,0.955770,0.000000,EXPLORER
199100,0.269356,1.905551,0.269597,0.00004029,0.00014946,0.952657,0.000000,EXPLORER
199200,0.239119,2.044549,0.058715,0.00003794,0.00064619,0.947954,0.000000,EXPLORER
199300,0.140541,2.068529,0.027145,0.00003776,0.00139091,0.944490,0.000000,EXPLORER
199400,0.225528,1.951949,0.135211,0.00003900,0.00028841,0.940658,0.000000,EXPLORER
199500,0.333001,2.055460,0.042663,0.00003763,0.00088208,0.927540,0.000000,EXPLORER
199600,0.198495,2.008036,0.041302,0.00003758,0.00090981,0.914700,0.000000,EXPLORER
199700,0.181283,1.965467,0.049301,0.00003615,0.00073326,0.900887,0.000000,EXPLORER
199800,0.220288,2.236207,0.059914,0.00003947,0.00065869,0.885962,0.000000,EXPLORER
199900,0.408225,2.223664,0.045628,0.00003877,0.00084962,0.871796,0.000000,EXPLORER
200000,0.700000,2.775665,0.120332,0.00004361,0.00036239,0.856526,0.000000,EXPLORER
200100,0.219021,2.056766,0.226316,0.00004062,0.00017948,0.841939,0.000000,EXPLORER
200200,0.317424,2.088937,0.035458,0.00003861,0.00108886,0.838000,0.000000,EXPLORER
200300,0.280331,2.047204,0.094395,0.00003865,0.00040945,0.834492,0.000000,EXPLORER
200400,0.023505,2.127067,0.012166,0.00003810,0.00313119,0.832200,0.000000,EXPLORER
200500,0.559659,1.945760,0.015043,0.00003697,0.00245758,0.829441,0.000000,EXPLORER
200600,0.045694,1.865409,0.193612,0.00003907,0.00020180,0.826766,0.000000,EXPLORER
200700,0.086024,1.871560,0.033752,0.00003652,0.00108210,0.824253,0.000000,EXPLORER
200800,0.284328,1.986893,0.036774,0.00003511,0.00095477,0.821917,0.000000,EXPLORER
200900,0.310453,1.989120,0.122979,0.00003819,0.00031057,0.819408,0.000000,EXPLORER
201000,0.337619,1.903338,0.006728,0.00003660,0.00543857,0.816845,0.000000,EXPLORER
201100,0.354725,1.893717,0.141035,0.00003800,0.00026944,0.814260,0.000000,EXPLORER
201200,0.209046,2.030810,0.027013,0.00003742,0.00138511,0.807762,0.000000,EXPLORER
201300,0.108960,2.051990,0.137298,0.00003939,0.00028691,0.792710,0.000000,EXPLORER
201400,0.291600,2.825797,0.033883,0.00004360,0.00128668,0.778647,0.000000,EXPLORER
201500,0.046558,2.950598,0.006404,0.00004372,0.00682636,0.762943,0.000000,EXPLORER
201600,0.247025,2.404883,0.110174,0.00004151,0.00037676,0.747822,0.000000,EXPLORER
201700,0.019631,2.126180,0.072484,0.00004005,0.00055253,0.732334,0.000000,EXPLORER
201800,0.054217,2.306065,0.066846,0.00004013,0.00060039,0.718738,0.000000,EXPLORER
201900,0.517222,3.017150,0.131146,0.00004553,0.00034720,0.703855,0.000000,EXPLORER
202000,0.073484,2.300006,0.144167,0.00004157,0.00028837,0.687604,0.000000,EXPLORER
202100,0.560631,2.098967,0.063317,0.00003755,0.00059304,0.671431,0.000000,EXPLORER
202200,0.080243,2.953655,0.046656,0.00004432,0.00094993,0.656695,0.000000,EXPLORER
202300,0.226172,3.028843,0.041816,0.00004458,0.00106610,0.640965,0.000000,EXPLORER
202400,0.484791,3.014073,0.009004,0.00004453,0.00494477,0.625081,0.000000,EXPLORER
202500,0.202797,2.037713,0.054292,0.00003830,0.00070543,0.610147,0.000000,EXPLORER
202600,0.258482,3.019122,0.027715,0.00004427,0.00159718,0.596043,0.000000,EXPLORER
202700,0.082637,3.029051,0.170507,0.00004677,0.00027428,0.580472,0.000000,EXPLORER
202800,0.163192,2.525013,0.057676,0.00004157,0.00072066,0.565117,0.000000,EXPLORER
202900,0.390829,2.158732,0.010187,0.00003851,0.00377982,0.550730,0.000000,EXPLORER
203000,0.232027,2.982158,0.045433,0.00004475,0.00098485,0.535600,0.000000,EXPLORER
203100,0.202687,3.059474,0.064720,0.00004516,0.00069779,0.519281,0.000000,EXPLORER
203200,0.263591,3.075029,0.048195,0.00004502,0.00093413,0.503836,0.000000,EXPLORER
203300,0.364221,1.932295,0.133006,0.00003906,0.00029364,0.489317,0.000000,EXPLORER
203400,0.354762,3.045940,0.051670,0.00004469,0.00086488,0.474333,0.000000,EXPLORER
203500,0.252856,3.087482,0.003458,0.00004474,0.01293436,0.458339,0.000000,EXPLORER
203600,0.360861,3.099073,0.032993,0.00004565,0.00138363,0.442021,0.000000,EXPLORER
203700,0.200654,2.149293,0.029558,0.00003936,0.00133155,0.426795,0.000000,EXPLORER
203800,0.278554,3.071239,0.098362,0.00004569,0.00046447,0.411550,0.000000,EXPLORER
203900,0.226555,2.483767,0.158513,0.00004259,0.00026866,0.396077,0.000000,EXPLORER
204000,0.247955,3.145036,0.093324,0.00004618,0.00049480,0.379558,0.000000,EXPLORER
204100,0.353332,1.923885,0.030762,0.00003735,0.00121416,0.365616,0.000000,EXPLORER
204200,0.478122,3.100122,0.232797,0.00004766,0.00020473,0.350812,0.000000,EXPLORER
204300,0.700000,2.270372,0.008591,0.00013858,0.01612831,0.304387,0.000000,EXPLORER
204400,0.260115,3.059521,0.283623,0.00036584,0.00128986,0.206131,0.000000,EXPLORER
204500,0.329391,2.332760,0.299037,0.00027412,0.00091667,0.098998,0.000000,EXPLORER
204600,0.700000,1.982520,1.688391,0.00020678,0.00012247,0.989530,0.000000,EXPLORER
204700,0.002742,2.490322,0.022435,0.00004186,0.00186580,0.959464,0.671947,EXPLORER
204800,0.284901,3.131542,0.001097,0.00004524,0.04121811,0.945589,0.671947,EXPLORER
204900,0.103380,1.938922,0.021301,0.00003733,0.00175269,0.932017,0.671947,EXPLORER
205000,0.030446,2.737794,0.013520,0.00004243,0.00313807,0.919189,0.671947,EXPLORER
205100,0.176845,2.407902,0.082062,0.00004104,0.00050005,0.904974,0.671947,EXPLORER
205200,0.153841,2.433802,0.130913,0.00004201,0.00032089,0.890391,0.671947,EXPLORER
205300,0.085843,1.980978,0.035576,0.00003731,0.00104875,0.877385,0.671947,EXPLORER
205400,0.062803,2.827814,0.138494,0.00004478,0.00032334,0.862876,0.671947,EXPLORER
205500,0.289062,2.939988,0.042175,0.00004452,0.00105556,0.845879,0.671947,EXPLORER
205600,0.106873,2.932227,0.058733,0.00004435,0.00075517,0.830022,0.671947,EXPLORER
205700,0.094945,1.961453,0.085318,0.00003853,0.00045165,0.815225,0.671947,EXPLORER
205800,0.316145,2.831593,0.089783,0.00004443,0.00049487,0.802490,0.671947,EXPLORER
205900,0.304679,2.943595,0.225205,0.00004674,0.00020752,0.787945,0.671947,EXPLORER
206000,0.120295,2.944464,0.184097,0.00004648,0.00025245,0.773136,0.671947,EXPLORER
206100,0.285785,1.950368,0.006918,0.00003770,0.00544844,0.758729,0.671947,EXPLORER
206200,0.287465,2.886525,0.011345,0.00004336,0.00382171,0.745550,0.671947,EXPLORER
206300,0.030563,2.954956,0.089018,0.00004495,0.00050492,0.728558,0.671947,EXPLORER
206400,0.086643,2.960434,0.065897,0.00004465,0.00067757,0.706716,0.671947,EXPLORER
206500,0.290527,1.971557,0.003964,0.00003697,0.00932446,0.682062,0.671947,EXPLORER
206600,0.075234,2.885720,0.169691,0.00004569,0.00026925,0.660879,0.671947,EXPLORER
206700,0.291251,3.017875,0.078573,0.00004564,0.00058080,0.645158,0.671947,EXPLORER
206800,0.313275,3.079118,0.063066,0.00003623,0.00057452,0.630082,0.671947,EXPLORER
206900,0.074306,1.920793,0.034112,0.00003696,0.00108348,0.616116,0.671947,EXPLORER
207000,0.283090,2.935327,0.119493,0.00004571,0.00038251,0.601847,0.671947,EXPLORER
207100,0.242530,2.605815,0.066979,0.00004249,0.00063430,0.581483,0.671947,EXPLORER
207200,0.272164,2.990143,0.042943,0.00004444,0.00103494,0.565755,0.671947,EXPLORER
207300,0.153801,2.116138,0.062773,0.00003873,0.00061691,0.548278,0.671947,EXPLORER
207400,0.032421,3.109748,0.004631,0.00004488,0.00968940,0.532036,0.671947,EXPLORER
207500,0.306677,3.047307,0.067333,0.00004500,0.00066826,0.513260,0.671947,EXPLORER
207600,0.078873,3.071345,0.078476,0.00004566,0.00058182,0.496141,0.671947,EXPLORER
207700,0.318557,1.918244,0.141594,0.00003897,0.00027519,0.480524,0.671947,EXPLORER
207800,0.107335,3.031301,0.087082,0.00004546,0.00052202,0.466434,0.671947,EXPLORER
207900,0.165908,3.073603,0.025401,0.00004474,0.00176141,0.451624,0.671947,EXPLORER
208000,0.237896,3.078543,0.049781,0.00004520,0.00090798,0.436429,0.671947,EXPLORER
208100,0.090934,2.216262,0.023953,0.00003876,0.00161830,0.419446,0.671947,EXPLORER
208200,0.306335,3.078324,0.046816,0.00004564,0.00097483,0.404512,0.671947,EXPLORER
208300,0.106899,3.165483,0.035001,0.00004557,0.00130198,0.387573,0.671947,EXPLORER
208400,0.158665,3.153863,0.220521,0.00004828,0.00021892,0.371854,0.671947,EXPLORER
208500,0.296348,1.933037,0.071507,0.00003847,0.00053797,0.354189,0.671947,EXPLORER
208600,0.115727,3.216806,0.229813,0.00017882,0.00077812,0.316898,0.671947,EXPLORER
208700,0.196069,2.804204,0.158187,0.00033100,0.00209244,0.229409,0.671947,EXPLORER
208800,0.097383,1.681284,0.301888,0.00027182,0.00090040,0.144015,0.671947,EXPLORER
208900,0.139762,1.756354,0.261335,0.00028937,0.00110727,0.119676,0.671947,EXPLORER
209000,0.487048,2.982623,0.186019,0.00027662,0.00148703,0.087298,0.671947,EXPLORER
209100,0.209488,1.815130,0.001929,0.00006549,0.03392522,0.358650,0.671947,EXPLORER
209200,0.350779,2.894389,0.092533,0.00012308,0.00133012,0.348976,0.671947,EXPLORER
209300,0.315943,1.999547,0.355251,0.00025762,0.00072518,0.330827,0.671947,EXPLORER
209400,0.304730,3.221498,0.087565,0.00026115,0.00298235,0.241474,0.671947,EXPLORER
209500,0.202432,3.401887,0.123211,0.00028028,0.00227479,0.131478,0.671947,EXPLORER
209600,0.137728,3.920624,0.289151,0.00028474,0.00098475,0.063055,0.671947,EXPLORER
209700,0.410294,2.449079,0.103549,0.00003310,0.00031969,0.980112,0.000000,EXPLORER
209800,0.402823,2.369474,0.006518,0.00004000,0.00613600,0.966617,0.000000,EXPLORER
209900,0.136426,2.991936,0.016420,0.00004406,0.00268315,0.951692,0.000000,EXPLORER
210000,0.067981,3.051384,0.166458,0.00004699,0.00028228,0.936978,0.000000,EXPLORER
210100,0.438022,2.087846,0.079144,0.00003933,0.00049691,0.923422,0.000000,EXPLORER
210200,0.700000,2.155295,0.088328,0.00003947,0.00044680,0.910653,0.000000,EXPLORER
210300,0.102173,2.121290,0.018372,0.00003821,0.00207967,0.898461,0.000000,EXPLORER
210400,0.027655,2.892203,0.036547,0.00004381,0.00119857,0.884058,0.000000,EXPLORER
210500,0.160591,1.957065,0.008148,0.00003702,0.00454271,0.870472,0.000000,EXPLORER
210600,0.371070,2.589749,0.064086,0.00004237,0.00066109,0.857455,0.000000,EXPLORER
210700,0.097820,2.909305,0.058063,0.00004416,0.00076061,0.842516,0.000000,EXPLORER
210800,0.023083,2.953683,0.166036,0.00004622,0.00027835,0.826822,0.000000,EXPLORER
210900,0.319167,1.942440,0.085105,0.00003627,0.00042616,0.812594,0.000000,EXPLORER
211000,0.363126,2.873106,0.073093,0.00004380,0.00059918,0.798686,0.000000,EXPLORER
211100,0.071615,2.909919,0.059935,0.00004421,0.00073768,0.784143,0.000000,EXPLORER
211200,0.052857,2.957272,0.084269,0.00004506,0.00053470,0.777932,0.000000,EXPLORER
211300,0.117821,2.041955,0.013981,0.00003463,0.00247693,0.775121,0.000000,EXPLORER
211400,0.135709,1.928652,0.028145,0.00004067,0.00144497,0.772080,0.000000,EXPLORER
211500,0.400959,1.899506,0.054482,0.00003734,0.00068535,0.769215,0.000000,EXPLORER
211600,0.094841,2.065031,0.044638,0.00003808,0.00085301,0.766407,0.000000,EXPLORER
211700,0.384015,1.939083,0.002156,0.00003707,0.01718255,0.763393,0.000000,EXPLORER
211800,0.410284,1.856466,0.021018,0.00003235,0.00153927,0.760605,0.000000,EXPLORER
211900,0.398028,1.845014,0.145301,0.00003623,0.00024937,0.758319,0.000000,EXPLORER
212000,0.306185,1.999393,0.007141,0.00003743,0.00524124,0.755920,0.000000,EXPLORER
212100,0.355089,2.018674,0.036393,0.00003785,0.00103992,0.753091,0.000000,EXPLORER
212200,0.511967,1.877137,0.077544,0.00004163,0.00053679,0.750482,0.000000,EXPLORER
212300,0.532234,1.865876,0.147855,0.00003852,0.00026052,0.748329,0.000000,EXPLORER
212400,0.281178,1.976477,0.092083,0.00003795,0.00041214,0.746104,0.000000,EXPLORER
212500,0.205474,1.956611,0.052192,0.00003745,0.00071751,0.743089,0.000000,EXPLORER
212600,0.700000,1.901237,0.030489,0.00003954,0.00129693,0.740407,0.000000,EXPLORER
212700,0.027632,1.880225,0.030049,0.00003662,0.00121862,0.738033,0.000000,EXPLORER
212800,0.093105,2.037562,0.077621,0.00003832,0.00049372,0.735358,0.000000,EXPLORER
212900,0.558909,2.037530,0.103220,0.00003818,0.00036991,0.732386,0.000000,EXPLORER
213000,0.518936,1.914618,0.197799,0.00003881,0.00019620,0.729980,0.000000,EXPLORER
213100,0.079498,1.872292,0.086659,0.00003734,0.00043091,0.727668,0.000000,EXPLORER
213200,0.296380,1.979707,0.026494,0.00003697,0.00139552,0.725264,0.000000,EXPLORER
213300,0.232133,1.903030,0.074323,0.00003753,0.00050498,0.722462,0.000000,EXPLORER
213400,0.366839,2.041700,0.129573,0.00004026,0.00031068,0.715065,0.000000,EXPLORER
213500,0.129585,2.868753,0.021207,0.00004332,0.00204251,0.703698,0.000000,EXPLORER
213600,0.583671,2.941277,0.067642,0.00004464,0.00065992,0.700411,0.000000,EXPLORER
213700,0.057270,1.998476,0.033715,0.00003752,0.00111272,0.697129,0.000000,EXPLORER
213800,0.225985,1.909327,0.007658,0.00003666,0.00478667,0.694101,0.000000,EXPLORER
213900,0.096994,1.863795,0.037176,0.00003738,0.00100551,0.691826,0.000000,EXPLORER
214000,0.364286,2.000809,0.018496,0.00003709,0.00200540,0.689203,0.000000,EXPLORER
214100,0.045465,1.980753,0.079678,0.00003886,0.00048772,0.686290,0.000000,EXPLORER
214200,0.700000,1.897336,0.017133,0.00003683,0.00214971,0.683330,0.000000,EXPLORER
214300,0.221277,1.861711,0.119238,0.00003597,0.00030168,0.680976,0.000000,EXPLORER
214400,0.035518,1.996174,0.007026,0.00003701,0.00526708,0.678643,0.000000,EXPLORER
214500,0.061706,2.034032,0.035222,0.00003781,0.00107331,0.675779,0.000000,EXPLORER
214600,0.420254,1.918586,0.009468,0.00003708,0.00391613,0.673012,0.000000,EXPLORER
214700,0.328644,1.863991,0.098679,0.00003721,0.00037710,0.670764,0.000000,EXPLORER
214800,0.100748,1.958750,0.096167,0.00003818,0.00039700,0.668188,0.000000,EXPLORER
214900,0.182317,1.949485,0.029546,0.00003691,0.00124913,0.665429,0.000000,EXPLORER
215000,0.386433,1.919805,0.021030,0.00003311,0.00157421,0.662584,0.000000,EXPLORER
215100,0.170334,1.869348,0.060923,0.00003677,0.00060354,0.660179,0.000000,EXPLORER
215200,0.648485,1.987238,0.040060,0.00003702,0.00092398,0.657982,0.000000,EXPLORER
215300,0.127676,1.994948,0.001269,0.00003705,0.02918049,0.655424,0.000000,EXPLORER
215400,0.188534,1.937618,0.157669,0.00003877,0.00024588,0.652670,0.000000,EXPLORER
215500,0.353162,1.901940,0.010242,0.00003659,0.00357230,0.650054,0.000000,EXPLORER
215600,0.360580,1.982158,0.069099,0.00003845,0.00055639,0.647533,0.000000,EXPLORER
215700,0.133827,1.925720,0.178614,0.00003930,0.00022004,0.644978,0.000000,EXPLORER
215800,0.163933,1.857929,0.056828,0.00003324,0.00058500,0.642545,0.000000,EXPLORER
215900,0.154052,1.862934,0.017876,0.00003620,0.00202500,0.640394,0.000000,EXPLORER
216000,0.115104,1.960697,0.135427,0.00003856,0.00028475,0.638029,0.000000,EXPLORER
216100,0.138800,1.895923,0.124603,0.00003805,0.00030537,0.635611,0.000000,EXPLORER
216200,0.407655,1.895665,0.057521,0.00003121,0.00054266,0.633364,0.000000,EXPLORER
216300,0.162176,1.885338,0.131797,0.00003805,0.00028872,0.630934,0.000000,EXPLORER
216400,0.173425,1.968087,0.007869,0.00003691,0.00469062,0.628604,0.000000,EXPLORER
216500,0.082799,1.998312,0.092060,0.00003832,0.00041626,0.625727,0.000000,EXPLORER
216600,0.077481,1.901426,0.152575,0.00003855,0.00025269,0.623013,0.000000,EXPLORER
216700,0.084333,1.893845,0.069978,0.00003905,0.00055804,0.620498,0.000000,EXPLORER
216800,0.268207,2.029803,0.121890,0.00003881,0.00031843,0.618232,0.000000,EXPLORER
216900,0.108309,1.972827,0.051101,0.00003751,0.00073409,0.615374,0.000000,EXPLORER
217000,0.227675,1.887414,0.036338,0.00003655,0.00100587,0.612960,0.000000,EXPLORER
217100,0.087493,1.869362,0.027452,0.00003811,0.00138815,0.610685,0.000000,EXPLORER
217200,0.086688,1.958780,0.016263,0.00003691,0.00226931,0.608419,0.000000,EXPLORER
217300,0.133755,1.954624,0.013397,0.00003671,0.00274033,0.605730,0.000000,EXPLORER
217400,0.020783,1.896744,0.037315,0.00003384,0.00090688,0.603336,0.000000,EXPLORER
217500,0.329068,1.855276,0.026410,0.00003780,0.00143112,0.600948,0.000000,EXPLORER
217600,0.056413,1.981912,0.026890,0.00003725,0.00138525,0.598568,0.000000,EXPLORER
217700,0.152485,2.042940,0.009066,0.00003724,0.00410688,0.595846,0.000000,EXPLORER
217800,0.059802,1.901598,0.058504,0.00003729,0.00063733,0.593251,0.000000,EXPLORER
217900,0.353876,1.851987,0.113501,0.00003729,0.00032857,0.590908,0.000000,EXPLORER
218000,0.195841,1.959116,0.011777,0.00003679,0.00312333,0.588652,0.000000,EXPLORER
218100,0.115849,1.934767,0.007332,0.00003383,0.00461322,0.586020,0.000000,EXPLORER
218200,0.063190,1.851395,0.016029,0.00003342,0.00208469,0.583378,0.000000,EXPLORER
218300,0.093011,1.823739,0.013346,0.00003764,0.00281979,0.581149,0.000000,EXPLORER
218400,0.171599,1.933052,0.007736,0.00003682,0.00475868,0.578957,0.000000,EXPLORER
218500,0.125904,1.975051,0.110605,0.00003835,0.00034673,0.576277,0.000000,EXPLORER
218600,0.089267,1.927982,0.003982,0.00003666,0.00920416,0.573681,0.000000,EXPLORER
218700,0.171109,1.879876,0.067945,0.00003876,0.00057047,0.571375,0.000000,EXPLORER
218800,0.025230,1.960415,0.003251,0.00003665,0.01126787,0.569200,0.000000,EXPLORER
218900,0.116683,2.014096,0.030982,0.00003739,0.00120683,0.566506,0.000000,EXPLORER
219000,0.381225,1.895086,0.002740,0.00003676,0.01341294,0.564129,0.000000,EXPLORER
219100,0.067876,1.848223,0.118680,0.00003955,0.00033326,0.561712,0.000000,EXPLORER
219200,0.172281,2.062154,0.020728,0.00003774,0.00182068,0.559404,0.000000,EXPLORER
219300,0.087001,1.908853,0.045566,0.00003706,0.00081326,0.556787,0.000000,EXPLORER
219400,0.074952,1.905919,0.021152,0.00003665,0.00173263,0.554142,0.000000,EXPLORER
219500,0.342570,1.880842,0.112103,0.00003923,0.00034990,0.551839,0.000000,EXPLORER
219600,0.084205,2.025631,0.061758,0.00003794,0.00061439,0.549363,0.000000,EXPLORER
219700,0.264151,1.983581,0.027982,0.00003739,0.00133618,0.546306,0.000000,EXPLORER
219800,0.263367,1.849681,0.046736,0.00003436,0.00073514,0.541945,0.000000,EXPLORER
219900,0.076672,3.028726,0.117507,0.00004613,0.00039259,0.526180,0.000000,EXPLORER
220000,0.138905,3.072315,0.098522,0.00004586,0.00046553,0.510213,0.000000,EXPLORER
220100,0.188285,1.900362,0.233330,0.00004007,0.00017174,0.494902,0.000000,EXPLORER
220200,0.273859,3.045261,0.129728,0.00004591,0.00035386,0.479599,0.000000,EXPLORER
220300,0.209637,2.442983,0.094315,0.00004183,0.00044346,0.461980,0.000000,EXPLORER
220400,0.084773,3.130376,0.013793,0.00004505,0.00326638,0.447169,0.000000,EXPLORER
220500,0.362058,2.037927,0.091318,0.00003828,0.00041914,0.431799,0.000000,EXPLORER
220600,0.161321,3.138642,0.017478,0.00004527,0.00258973,0.417040,0.000000,EXPLORER
220700,0.355051,3.165398,0.096039,0.00004713,0.00049072,0.400285,0.000000,EXPLORER
220800,0.265221,3.140922,0.041495,0.00004534,0.00109274,0.383312,0.000000,EXPLORER
220900,0.171987,2.154756,0.054356,0.00003762,0.00069213,0.368550,0.000000,EXPLORER
221000,0.073408,2.145685,0.012222,0.00003807,0.00311476,0.365571,0.000000,EXPLORER
221100,0.205347,2.893213,0.010820,0.00004363,0.00403201,0.363150,0.000000,EXPLORER
221200,0.273543,3.004540,0.110846,0.00004542,0.00040976,0.360610,0.000000,EXPLORER
221300,0.119356,1.920804,0.145654,0.00003856,0.00026476,0.357292,0.000000,EXPLORER
221400,0.048550,1.822242,0.142641,0.00003783,0.00026523,0.354588,0.000000,EXPLORER
221500,0.147834,1.843640,0.078862,0.00003834,0.00048622,0.351929,0.000000,EXPLORER
221600,0.376995,2.745382,0.214382,0.00023274,0.00108564,0.346889,0.000000,EXPLORER
221700,0.344246,1.900270,0.234747,0.00031416,0.00133830,0.327374,0.000000,EXPLORER
221800,0.327052,1.904524,0.321924,0.00037008,0.00114958,0.304962,0.000000,EXPLORER
221900,0.177627,1.422595,0.153897,0.00036553,0.00237513,0.280338,0.000000,EXPLORER
222000,0.219831,2.465651,0.392272,0.00035608,0.00090773,0.251553,0.000000,EXPLORER
222100,0.379965,2.938455,0.209458,0.00034441,0.00164428,0.208689,0.000000,EXPLORER
222200,0.297349,2.164885,0.159060,0.00027181,0.00170883,0.164276,0.000000,EXPLORER
222300,0.443270,2.559567,0.388199,0.00027660,0.00071253,0.064677,0.000000,EXPLORER
222400,0.269617,2.926264,0.066039,0.00004101,0.00062101,0.373702,0.000000,EXPLORER
222500,0.459971,1.958784,0.085809,0.00003793,0.00044203,0.357918,0.000000,EXPLORER
222600,0.318196,3.266178,0.092080,0.00010060,0.00109254,0.327058,0.000000,EXPLORER
222700,0.349070,2.786647,0.173300,0.00026989,0.00155735,0.240916,0.000000,EXPLORER
222800,0.519780,1.847726,0.119655,0.00024864,0.00207796,0.113936,0.000000,EXPLORER
222900,0.700000,1.186273,0.080719,0.00024057,0.00298026,0.035543,0.000000,EXPLORER
223000,0.165903,2.669582,0.156453,0.00003755,0.00024001,0.001608,0.000000,EXPLORER
223100,0.475234,2.103000,0.069899,0.00003986,0.00057018,0.967406,0.000000,EXPLORER
223200,0.338156,2.672662,0.094803,0.00004295,0.00045306,0.953541,0.000000,EXPLORER
223300,0.532745,2.082602,0.045149,0.00003058,0.00067733,0.937895,0.000000,EXPLORER
223400,0.152552,2.160383,0.113904,0.00003970,0.00034854,0.923272,0.000000,EXPLORER
223500,0.082154,2.829071,0.071263,0.00004384,0.00061521,0.906458,0.000000,EXPLORER
223600,0.102720,2.897640,0.224834,0.00004667,0.00020755,0.891008,0.000000,EXPLORER
223700,0.401251,1.930088,0.056816,0.00003744,0.00065892,0.877498,0.000000,EXPLORER
223800,0.434592,2.018260,0.028337,0.00003722,0.00131345,0.864717,0.000000,EXPLORER
223900,0.336777,2.897202,0.058937,0.00004426,0.00075102,0.850768,0.000000,EXPLORER
224000,0.212566,2.891016,0.102333,0.00004539,0.00044357,0.835177,0.000000,EXPLORER
224100,0.320815,1.909960,0.008315,0.00003663,0.00440501,0.821277,0.000000,EXPLORER
224200,0.402810,2.849815,0.001435,0.00004344,0.03024564,0.807492,0.000000,EXPLORER
224300,0.052255,2.941801,0.066961,0.00004456,0.00066545,0.791909,0.000000,EXPLORER
224400,0.382458,2.847374,0.024929,0.00004308,0.00172791,0.777434,0.000000,EXPLORER
224500,0.014224,2.007122,0.007138,0.00003515,0.00492443,0.764685,0.000000,EXPLORER
224600,0.066404,2.588543,0.041349,0.00004163,0.00100672,0.751439,0.000000,EXPLORER
224700,0.357278,2.906760,0.003513,0.00004384,0.01247553,0.735371,0.000000,EXPLORER
224800,0.121896,2.424273,0.066886,0.00004116,0.00061530,0.715271,0.000000,EXPLORER
224900,0.276670,2.171756,0.095857,0.00004363,0.00045513,0.711759,0.000000,EXPLORER
225000,0.230165,1.939736,0.027769,0.00003901,0.00140474,0.708193,0.000000,EXPLORER
225100,0.456654,2.106958,0.025847,0.00003825,0.00147988,0.697565,0.000000,EXPLORER
225200,0.260015,3.009488,0.023003,0.00004472,0.00194418,0.684127,0.000000,EXPLORER
225300,0.103127,2.238341,0.004547,0.00003653,0.00803175,0.669945,0.000000,EXPLORER
225400,0.186796,2.821457,0.014513,0.00004279,0.00294810,0.657133,0.000000,EXPLORER
225500,0.231751,3.017556,0.160618,0.00004635,0.00028857,0.640837,0.000000,EXPLORER
225600,0.233365,3.062941,0.031451,0.00004483,0.00142529,0.625008,0.000000,EXPLORER
225700,0.039624,1.962698,0.000034,0.00003499,0.99023697,0.609747,0.000000,EXPLORER
225800,0.135081,2.989877,0.064769,0.00004492,0.00069356,0.594745,0.000000,EXPLORER
225900,0.533792,3.000943,0.057430,0.00004422,0.00077005,0.578960,0.000000,EXPLORER
226000,0.060931,2.978052,0.026560,0.00004425,0.00166584,0.564475,0.000000,EXPLORER
226100,0.059647,1.950079,0.130352,0.00004051,0.00031074,0.550591,0.000000,EXPLORER
226200,0.324657,2.991363,0.040184,0.00004417,0.00109928,0.537133,0.000000,EXPLORER
226300,0.038846,3.086047,0.058039,0.00004550,0.00078394,0.522666,0.000000,EXPLORER
226400,0.264053,3.097613,0.009070,0.00004522,0.00498529,0.508625,0.000000,EXPLORER
226500,0.053585,1.954420,0.166197,0.00003927,0.00023627,0.494475,0.000000,EXPLORER
226600,0.156140,3.100127,0.241583,0.00004825,0.00019974,0.479610,0.000000,EXPLORER
226700,0.081878,2.727995,0.078635,0.00004327,0.00055028,0.464455,0.000000,EXPLORER
226800,0.362578,3.092437,0.082712,0.00004559,0.00055118,0.448822,0.000000,EXPLORER
226900,0.056467,2.062402,0.134266,0.00003949,0.00029413,0.434223,0.000000,EXPLORER
227000,0.336077,2.988467,0.010090,0.00004445,0.00440543,0.419714,0.000000,EXPLORER
227100,0.251846,2.602171,0.144405,0.00004321,0.00029920,0.401515,0.000000,EXPLORER
227200,0.102831,3.175012,0.021922,0.00004562,0.00208090,0.385570,0.000000,EXPLORER
227300,0.148302,2.168240,0.014707,0.00003680,0.00250238,0.367356,0.000000,EXPLORER
227400,0.112026,3.052715,0.017135,0.00004475,0.00261160,0.352400,0.000000,EXPLORER
227500,0.700000,2.827197,0.111076,0.00036990,0.00333010,0.267315,0.000000,EXPLORER
227600,0.085366,3.481549,0.292450,0.00028955,0.00099009,0.143576,0.000000,EXPLORER
227700,0.087693,1.874745,0.074062,0.00005528,0.00074642,0.409071,0.000000,EXPLORER
227800,0.161902,2.872591,0.077394,0.00004400,0.00056852,0.393663,0.000000,EXPLORER
227900,0.336198,3.041453,0.022199,0.00004502,0.00202782,0.378962,0.000000,EXPLORER
228000,0.612132,2.734205,0.003114,0.00004293,0.01378001,0.365210,0.000000,EXPLORER
228100,0.700000,1.564875,0.027126,0.00014334,0.00528407,0.349850,0.000000,EXPLORER
228200,0.700000,2.100471,0.249007,0.00030979,0.00124408,0.275136,0.000000,EXPLORER
228300,0.345461,2.223005,0.120546,0.00020551,0.00170485,0.184096,0.000000,EXPLORER
228400,0.118221,3.169446,0.268660,0.00025948,0.00096582,0.085229,0.000000,EXPLORER
228500,0.226292,2.246224,0.153242,0.00013624,0.00088906,0.054261,0.000000,EXPLORER
228600,0.437308,2.303670,0.038823,0.00015042,0.00387448,0.043012,0.000000,EXPLORER
228700,0.203518,2.402640,0.027771,0.00014983,0.00539504,0.031518,0.000000,EXPLORER
228800,0.265327,3.233744,0.195760,0.00015789,0.00080653,0.018418,0.000000,EXPLORER
228900,0.175464,1.902819,0.032956,0.00022222,0.00674253,0.002960,0.000000,EXPLORER
