step,wheel_effort,joint_effort,velocity,drain,energy_per_meter,energy,damage,state
0,0.006782,2.306017,0.012549,0.00001854,0.00147747,0.999925,0.000000,EXPLORER
100,0.375329,2.968568,0.130692,0.00014309,0.00109487,0.988884,0.000000,EXPLORER
200,0.262787,3.432656,0.100820,0.00015847,0.00157181,0.977647,0.000000,EXPLORER
300,0.700000,3.343177,0.006498,0.00012970,0.01995598,0.965671,0.000000,EXPLORER
400,0.700000,3.531982,0.156996,0.00022944,0.00146140,0.950788,0.000000,EXPLORER
500,0.680515,3.360416,0.306935,0.00029271,0.00095364,0.937563,0.000000,EXPLORER
600,0.309622,3.349190,0.042272,0.00016273,0.00384953,0.924137,0.000000,EXPLORER
700,0.614926,3.723351,0.279584,0.00034776,0.00124383,0.911104,0.000000,EXPLORER
800,0.700000,3.671054,0.168416,0.00017983,0.00106778,0.890685,0.000000,EXPLORER
900,0.503937,2.246185,0.056432,0.00014684,0.00260204,0.876528,0.000000,EXPLORER
1000,0.700000,2.826965,0.154104,0.00014245,0.00092437,0.856753,0.000000,EXPLORER
1100,0.204933,3.704230,0.438784,0.00039702,0.00090481,0.838846,0.000000,EXPLORER
1200,0.273269,3.348761,0.237451,0.00026421,0.00111268,0.821259,0.000000,EXPLORER
1300,0.565381,2.425336,0.073220,0.00016210,0.00221383,0.807913,0.000000,EXPLORER
1400,0.700000,2.694850,0.229646,0.00017714,0.00077136,0.795254,0.000000,EXPLORER
1500,0.249585,3.263086,0.097031,0.00010447,0.00107662,0.788422,0.000000,EXPLORER
1600,0.522598,3.677365,0.026150,0.00010391,0.00397358,0.775743,0.000000,EXPLORER
1700,0.239195,2.715641,0.040918,0.00009408,0.00229907,0.766037,0.000000,EXPLORER
1800,0.419563,2.346301,0.108867,0.00007437,0.00068314,0.758354,0.000000,EXPLORER
1900,0.700000,3.347429,0.039623,0.00017145,0.00432690,0.749795,0.000000,EXPLORER
2000,0.108638,3.443034,0.114642,0.00008396,0.00073240,0.740414,0.000000,EXPLORER
2100,0.398799,2.762908,0.100879,0.00013674,0.00135552,0.726648,0.000000,EXPLORER
2200,0.350018,2.397839,0.196378,0.00015492,0.00078890,0.717385,0.000000,EXPLORER
2300,0.700000,3.246556,0.043335,0.00019133,0.00441506,0.709026,0.000000,EXPLORER
2400,0.700000,3.903835,0.041118,0.00007763,0.00188790,0.695450,0.000000,EXPLORER
2500,0.700000,2.259118,0.057713,0.00005407,0.00093685,0.686257,0.000000,EXPLORER
2600,0.407649,2.195966,0.075653,0.00015123,0.00199900,0.678581,0.000000,EXPLORER
2700,0.347599,3.667096,0.378465,0.00016396,0.00043323,0.667803,0.000000,EXPLORER
2800,0.700000,3.401427,0.440881,0.00021077,0.00047806,0.657986,0.000000,EXPLORER
2900,0.492088,2.322540,0.015052,0.00015360,0.01020398,0.645581,0.000000,EXPLORER
3000,0.413709,2.718548,0.082045,0.00014933,0.00182005,0.634399,0.000000,EXPLORER
3100,0.700000,3.332266,0.011760,0.00006451,0.00548493,0.622608,0.000000,EXPLORER
3200,0.616731,3.677029,0.219984,0.00014227,0.00064673,0.603468,0.000000,EXPLORER
3300,0.363981,2.721798,0.093313,0.00012435,0.00133260,0.591980,0.000000,EXPLORER
3400,0.389995,2.389628,0.147649,0.00008762,0.00059341,0.583759,0.000000,EXPLORER
3500,0.472181,3.479899,0.050546,0.00008354,0.00165267,0.572314,0.000000,EXPLORER
3600,0.523727,1.812269,0.041507,0.00018208,0.00438664,0.564341,0.000000,EXPLORER
3700,0.322840,2.516666,0.072586,0.00007931,0.00109263,0.553131,0.000000,EXPLORER
3800,0.479212,2.252212,0.012902,0.00018618,0.01442918,0.543288,0.000000,EXPLORER
3900,0.121234,1.564595,0.061372,0.00006979,0.00113715,0.537206,0.000000,EXPLORER
4000,0.173502,1.881330,0.077613,0.00018267,0.00235352,0.528489,0.000000,EXPLORER
4100,0.086677,2.623002,0.142887,0.00012978,0.00090825,0.517540,0.000000,EXPLORER
4200,0.700000,2.186872,0.012678,0.00012656,0.00998173,0.509052,0.000000,EXPLORER
4300,0.098327,2.100210,0.092197,0.00012952,0.00140484,0.500289,0.000000,EXPLORER
4400,0.378838,2.326571,0.191855,0.00013158,0.00068584,0.490067,0.000000,EXPLORER
4500,0.399927,2.084222,0.159008,0.00015022,0.00094472,0.480581,0.000000,EXPLORER
4600,0.060270,1.966050,0.074023,0.00015051,0.00203328,0.471588,0.000000,EXPLORER
4700,0.467228,2.180290,0.244565,0.00022381,0.00091512,0.461684,0.000000,EXPLORER
4800,0.700000,3.060077,0.071996,0.00010093,0.00140187,0.449025,0.000000,EXPLORER
4900,0.148853,2.054437,0.180383,0.00022714,0.00125918,0.436750,0.000000,EXPLORER
5000,0.348877,1.807233,0.101310,0.00014124,0.00139407,0.414918,0.000000,EXPLORER
5100,0.151515,1.689314,0.110200,0.00014611,0.00132582,0.404355,0.000000,EXPLORER
5200,0.191997,2.080866,0.003264,0.00014735,0.04513487,0.394509,0.000000,EXPLORER
5300,0.255508,2.235905,0.025739,0.00018390,0.00714468,0.381463,0.000000,EXPLORER
5400,0.468351,2.068030,0.004624,0.00012915,0.02792382,0.370474,0.000000,EXPLORER
5500,0.553988,2.839774,0.144172,0.00013502,0.00093652,0.359850,0.000000,EXPLORER
5600,0.700000,3.039217,0.099152,0.00019083,0.00192462,0.347501,0.000000,EXPLORER
5700,0.700000,2.023165,0.093485,0.00012293,0.00131493,0.335625,0.000000,EXPLORER
5800,0.700000,2.237936,0.118294,0.00018541,0.00156739,0.325404,0.000000,EXPLORER
5900,0.164021,2.231113,0.020673,0.00012882,0.00623065,0.316340,0.000000,EXPLORER
6000,0.168646,2.030068,0.101080,0.00012861,0.00127232,0.306736,0.000000,EXPLORER
6100,0.700000,2.188319,0.011858,0.00010545,0.00889185,0.294902,0.000000,EXPLORER
6200,0.169427,2.477695,0.042083,0.00014943,0.00355085,0.283422,0.000000,EXPLORER
6300,0.190015,1.931997,0.063209,0.00014746,0.00233278,0.273562,0.000000,EXPLORER
6400,0.027061,2.548794,0.030776,0.00013127,0.00426518,0.262592,0.000000,EXPLORER
6500,0.700000,2.329925,0.012069,0.00020448,0.01694172,0.251437,0.000000,EXPLORER
6600,0.700000,2.227168,0.007283,0.00011000,0.01510234,0.240744,0.000000,EXPLORER
6700,0.124030,2.180443,0.004584,0.00014827,0.03233621,0.230121,0.000000,EXPLORER
6800,0.188632,2.524987,0.001640,0.00015072,0.09185226,0.219199,0.000000,EXPLORER
6900,0.395140,2.140650,0.035304,0.00013769,0.00389992,0.209169,0.000000,EXPLORER
7000,0.565981,2.121045,0.092575,0.00012746,0.00137687,0.197337,0.000000,EXPLORER
7100,0.414510,2.756871,0.107505,0.00022333,0.00207734,0.181950,0.000000,EXPLORER
7200,0.319010,3.186082,0.168112,0.00022850,0.00135919,0.165010,0.000000,EXPLORER
7300,0.270897,1.924249,0.069290,0.00023962,0.00345810,0.146193,0.000000,EXPLORER
7400,0.333707,2.185010,0.269327,0.00029101,0.00108051,0.127656,0.000000,EXPLORER
7500,0.467375,2.232387,0.200562,0.00029105,0.00145118,0.108863,0.000000,EXPLORER
7600,0.356438,3.220558,0.248205,0.00027959,0.00112643,0.088774,0.000000,EXPLORER
7700,0.395173,1.998413,0.212897,0.00026799,0.00125875,0.069097,0.000000,EXPLORER
7800,0.072895,1.840027,0.261598,0.00026966,0.00103082,0.050216,0.000000,EXPLORER
7900,0.129392,3.044755,0.204417,0.00027726,0.00135635,0.032693,0.000000,EXPLORER
8000,0.050208,3.304706,0.264265,0.00028013,0.00106003,0.012305,0.000000,EXPLORER
8100,0.700000,1.777217,0.050566,0.00007531,0.00148929,0.994418,0.000000,EXPLORER
8200,0.169315,2.483228,0.047809,0.00006859,0.00143465,0.985635,0.000000,EXPLORER
8300,0.290182,2.068554,0.191870,0.00009895,0.00051570,0.977988,0.000000,EXPLORER
8400,0.351869,2.231025,0.244549,0.00019524,0.00079838,0.966797,0.000000,EXPLORER
8500,0.096248,2.471858,0.013288,0.00005899,0.00443876,0.954080,0.000000,EXPLORER
8600,0.427194,1.950304,0.224026,0.00019511,0.00087094,0.946436,0.000000,EXPLORER
8700,0.402939,3.269201,0.125911,0.00016183,0.00128525,0.932544,0.000000,EXPLORER
8800,0.468632,3.475341,0.116630,0.00015113,0.00129576,0.921339,0.000000,EXPLORER
8900,0.180648,2.335686,0.062269,0.00006035,0.00096921,0.908440,0.000000,EXPLORER
9000,0.402455,1.986011,0.183811,0.00023911,0.00130082,0.895807,0.000000,EXPLORER
9100,0.064519,1.883074,0.261549,0.00036946,0.00141258,0.872273,0.000000,EXPLORER
9200,0.189890,2.430863,0.341192,0.00034546,0.00101249,0.851535,0.000000,EXPLORER
9300,0.505295,1.690629,0.345291,0.00015805,0.00045772,0.834610,0.000000,EXPLORER
9400,0.700000,2.499164,0.111901,0.00010359,0.00092568,0.823290,0.000000,EXPLORER
9500,0.344275,2.013019,0.386693,0.00021468,0.00055517,0.812997,0.000000,EXPLORER
9600,0.219792,2.632256,0.098350,0.00024293,0.00247001,0.797020,0.000000,EXPLORER
9700,0.442764,2.234702,0.107683,0.00007505,0.00069696,0.784867,0.000000,EXPLORER
9800,0.548641,3.235143,0.256461,0.00027871,0.00108675,0.768574,0.000000,EXPLORER
9900,0.417979,2.882942,0.346974,0.00021486,0.00061923,0.757266,0.000000,EXPLORER
10000,0.392221,1.338038,0.246767,0.00022273,0.00090257,0.742598,0.000000,EXPLORER
10100,0.700000,1.818703,0.043615,0.00009220,0.00211386,0.729901,0.000000,EXPLORER
10200,0.700000,2.862274,0.131821,0.00023291,0.00176688,0.710635,0.000000,EXPLORER
10300,0.189304,3.171409,0.322123,0.00023729,0.00073663,0.698481,0.000000,EXPLORER
10400,0.527582,2.206965,0.366117,0.00022061,0.00060256,0.685148,0.000000,EXPLORER
10500,0.352580,2.256268,0.067931,0.00009872,0.00145325,0.671082,0.000000,EXPLORER
10600,0.670060,2.156757,0.071345,0.00012917,0.00181042,0.657881,0.000000,EXPLORER
10700,0.449515,2.197703,0.494901,0.00039125,0.00079056,0.637390,0.000000,EXPLORER
10800,0.348347,2.989582,0.338010,0.00035865,0.00106106,0.613876,0.000000,EXPLORER
10900,0.442229,2.123110,0.151617,0.00010913,0.00071975,0.594674,0.000000,EXPLORER
11000,0.070045,2.039380,0.261005,0.00038998,0.00149415,0.572828,0.000000,EXPLORER
11100,0.419107,1.873985,0.361852,0.00035114,0.00097041,0.546906,0.000000,EXPLORER
11200,0.214359,1.968850,0.401601,0.00039277,0.00097802,0.520950,0.000000,EXPLORER
11300,0.512969,1.994315,0.129393,0.00014105,0.00109009,0.500338,0.000000,EXPLORER
11400,0.605337,2.095102,0.004645,0.00002808,0.00604476,0.491139,0.000000,EXPLORER
11500,0.139540,2.236551,0.029050,0.00007438,0.00256024,0.483637,0.000000,EXPLORER
11600,0.315533,2.128446,0.064664,0.00007384,0.00114195,0.476627,0.000000,EXPLORER
11700,0.547939,2.087157,0.232918,0.00021188,0.00090965,0.468138,0.000000,EXPLORER
11800,0.575620,2.479426,0.037746,0.00008873,0.00235052,0.455301,0.000000,EXPLORER
11900,0.279276,2.020429,0.036816,0.00012742,0.00346077,0.444266,0.000000,EXPLORER
12000,0.700000,2.647996,0.036015,0.00011197,0.00310889,0.437966,0.000000,EXPLORER
12100,0.190852,2.223627,0.047978,0.00007631,0.00159054,0.428671,0.000000,EXPLORER
12200,0.165972,2.251924,0.073217,0.00020621,0.00281634,0.421103,0.000000,EXPLORER
12300,0.186922,2.300646,0.070526,0.00011020,0.00156250,0.408947,0.000000,EXPLORER
12400,0.195489,2.358981,0.042789,0.00015038,0.00351445,0.397698,0.000000,EXPLORER
12500,0.476413,2.165994,0.069970,0.00013628,0.00194773,0.388655,0.000000,EXPLORER
12600,0.344399,1.974337,0.087145,0.00015404,0.00176760,0.376147,0.000000,EXPLORER
12700,0.476285,2.628497,0.429155,0.00037070,0.00086378,0.361347,0.000000,EXPLORER
12800,0.222819,3.085279,0.038732,0.00013525,0.00349178,0.344010,0.000000,EXPLORER
12900,0.252444,1.901034,0.389030,0.00021750,0.00055909,0.330371,0.000000,EXPLORER
13000,0.423180,1.893689,0.117444,0.00022607,0.00192488,0.314707,0.000000,EXPLORER
13100,0.147036,2.220136,0.193297,0.00024119,0.00124775,0.299631,0.000000,EXPLORER
13200,0.275326,3.017117,0.082215,0.00013312,0.00161917,0.286122,0.000000,EXPLORER
13300,0.322227,2.198509,0.257787,0.00022673,0.00087952,0.274489,0.000000,EXPLORER
13400,0.263848,1.976245,0.238814,0.00020403,0.00085434,0.261760,0.000000,EXPLORER
13500,0.202473,1.926152,0.018017,0.00020146,0.01118134,0.245974,0.000000,EXPLORER
13600,0.395809,2.702459,0.135320,0.00013514,0.00099862,0.232616,0.000000,EXPLORER
13700,0.700000,1.747516,0.017429,0.00018065,0.01036427,0.221923,0.000000,EXPLORER
13800,0.286778,2.099716,0.075652,0.00018409,0.00243334,0.209810,0.000000,EXPLORER
13900,0.700000,2.056444,0.132342,0.00018438,0.00139318,0.199438,0.000000,EXPLORER
14000,0.700000,2.195361,0.031957,0.00018380,0.00575135,0.189371,0.000000,EXPLORER
14100,0.700000,2.271048,0.006716,0.00012698,0.01890281,0.179025,0.000000,EXPLORER
14200,0.700000,2.155206,0.014360,0.00018322,0.01275859,0.168876,0.000000,EXPLORER
14300,0.700000,1.933513,0.093067,0.00012787,0.00137392,0.157459,0.000000,EXPLORER
14400,0.700000,2.520829,0.020344,0.00013092,0.00643511,0.146421,0.000000,EXPLORER
14500,0.700000,2.067671,0.009752,0.00012572,0.01288996,0.135778,0.000000,EXPLORER
14600,0.700000,2.045486,0.011953,0.00012803,0.01071001,0.124641,0.000000,EXPLORER
14700,0.700000,2.958268,0.012386,0.00013375,0.01079768,0.112228,0.000000,EXPLORER
14800,0.700000,3.331185,0.010846,0.00013647,0.01258170,0.099175,0.000000,EXPLORER
14900,0.700000,2.040580,0.011828,0.00018244,0.01542230,0.088139,0.000000,EXPLORER
15000,0.700000,2.092800,0.015183,0.00018280,0.01203921,0.077560,0.000000,EXPLORER
15100,0.700000,2.861911,0.011719,0.00013305,0.01135187,0.066444,0.000000,EXPLORER
15200,0.184825,2.722114,0.043167,0.00013255,0.00307065,0.056091,0.000000,EXPLORER
15300,0.295489,2.057350,0.077498,0.00013028,0.00168101,0.045546,0.000000,EXPLORER
15400,0.061048,2.102045,0.005806,0.00012726,0.02191406,0.035564,0.000000,EXPLORER
15500,0.349704,2.790922,0.191175,0.00020652,0.00108023,0.025332,0.000000,EXPLORER
15600,0.253305,3.235181,0.064541,0.00014480,0.00224355,0.013428,0.000000,EXPLORER
15700,0.458272,1.951920,0.006047,0.00013071,0.02161185,0.999097,0.000000,EXPLORER
15800,0.094276,2.006648,0.001261,0.00012395,0.09824124,0.989614,0.000000,EXPLORER
15900,0.519588,2.032157,0.270614,0.00019669,0.00072682,0.980151,0.000000,EXPLORER
16000,0.216928,2.034804,0.201643,0.00023982,0.00118930,0.965049,0.000000,EXPLORER
16100,0.374661,1.985646,0.114419,0.00012437,0.00108695,0.953516,0.000000,EXPLORER
16200,0.432066,2.079968,0.224225,0.00027387,0.00122139,0.936119,0.000000,EXPLORER
16300,0.287175,2.376770,0.537368,0.00039344,0.00073216,0.917262,0.000000,EXPLORER
16400,0.013138,1.320728,0.107987,0.00003629,0.00033605,0.906444,0.000000,EXPLORER
16500,0.700000,2.148812,0.074933,0.00009738,0.00129949,0.896188,0.000000,EXPLORER
16600,0.443710,2.023242,0.170640,0.00019960,0.00116972,0.875921,0.000000,EXPLORER
16700,0.193929,2.241928,0.420240,0.00039237,0.00093369,0.856074,0.000000,EXPLORER
16800,0.193130,2.737400,0.385917,0.00024879,0.00064468,0.839086,0.000000,EXPLORER
16900,0.700000,2.065587,0.012031,0.00008268,0.00687224,0.825738,0.000000,EXPLORER
17000,0.223739,1.915932,0.005115,0.00003667,0.00716759,0.818583,0.000000,EXPLORER
17100,0.121422,1.966326,0.019153,0.00003699,0.00193131,0.816293,0.000000,EXPLORER
17200,0.028253,2.087820,0.014048,0.00003780,0.00269078,0.813990,0.000000,EXPLORER
17300,0.700000,2.052688,0.148701,0.00014338,0.00096423,0.806507,0.000000,EXPLORER
17400,0.627887,1.830716,0.259727,0.00022370,0.00086128,0.795440,0.000000,EXPLORER
17500,0.698751,2.056229,0.102764,0.00011403,0.00110959,0.785943,0.000000,EXPLORER
17600,0.314741,1.367868,0.163705,0.00023823,0.00145525,0.774048,0.000000,EXPLORER
17700,0.049919,2.993331,0.027202,0.00004457,0.00163826,0.766136,0.000000,EXPLORER
17800,0.005277,1.885318,0.010128,0.00003617,0.00357066,0.763712,0.000000,EXPLORER
17900,0.059118,3.095944,0.049941,0.00004532,0.00090751,0.760482,0.000000,EXPLORER
18000,0.015869,2.980048,0.021865,0.00004424,0.00202300,0.757425,0.000000,EXPLORER
18100,0.700000,2.094848,0.033491,0.00010093,0.00301357,0.747920,0.000000,EXPLORER
18200,0.688285,2.065581,0.095681,0.00014770,0.00154370,0.737222,0.000000,EXPLORER
18300,0.120907,2.185564,0.170117,0.00024028,0.00141241,0.722044,0.000000,EXPLORER
18400,0.122442,2.909802,0.221007,0.00024662,0.00111590,0.705907,0.000000,EXPLORER
18500,0.402560,2.009991,0.081861,0.00012903,0.00157616,0.692607,0.000000,EXPLORER
18600,0.655265,1.921471,0.333562,0.00024000,0.00071951,0.674878,0.000000,EXPLORER
18700,0.655392,2.649905,0.006483,0.00028851,0.04449280,0.653298,0.000000,EXPLORER
18800,0.525183,3.068773,0.554912,0.00038676,0.00069697,0.630344,0.000000,EXPLORER
18900,0.365002,2.173560,0.100713,0.00012680,0.00125903,0.607565,0.000000,EXPLORER
19000,0.379892,2.015488,0.184203,0.00019910,0.00108087,0.589163,0.000000,EXPLORER
19100,0.583549,2.731514,0.462008,0.00039707,0.00085943,0.568273,0.000000,EXPLORER
19200,0.440762,3.144801,0.253576,0.00039835,0.00157093,0.541599,0.000000,EXPLORER
19300,0.275779,2.262396,0.123277,0.00018580,0.00150717,0.520557,0.000000,EXPLORER
19400,0.268320,2.226716,0.044146,0.00006395,0.00144868,0.509311,0.000000,EXPLORER
19500,0.541553,2.006300,0.306898,0.00029520,0.00096187,0.498771,0.000000,EXPLORER
19600,0.446653,2.211282,0.369660,0.00007856,0.00021252,0.490921,0.000000,EXPLORER
19700,0.202924,1.858402,0.172977,0.00016725,0.00096691,0.479115,0.000000,EXPLORER
19800,0.456753,2.340342,0.152923,0.00018706,0.00122321,0.466194,0.000000,EXPLORER
19900,0.269569,2.061859,0.256701,0.00015111,0.00058865,0.453668,0.000000,EXPLORER
20000,0.176881,2.205811,0.050714,0.00014903,0.00293852,0.444491,0.000000,EXPLORER
20100,0.635205,2.313445,0.155096,0.00009737,0.00062780,0.434924,0.000000,EXPLORER
20200,0.700000,1.938801,0.033891,0.00012895,0.00380458,0.426280,0.000000,EXPLORER
20300,0.154281,2.109213,0.282215,0.00022000,0.00077954,0.414450,0.000000,EXPLORER
20400,0.177501,2.982774,0.239176,0.00024729,0.00103392,0.399928,0.000000,EXPLORER
20500,0.700000,1.918504,0.273851,0.00017219,0.00062879,0.385311,0.000000,EXPLORER
20600,0.251328,1.831106,0.283868,0.00024276,0.00085519,0.367314,0.000000,EXPLORER
20700,0.373732,2.873008,0.211482,0.00016185,0.00076530,0.346565,0.000000,EXPLORER
20800,0.190813,3.186220,0.287845,0.00027041,0.00093941,0.335792,0.000000,EXPLORER
20900,0.398889,2.059767,0.378802,0.00038191,0.00100820,0.314661,0.000000,EXPLORER
21000,0.025359,1.471682,0.359437,0.00038843,0.00108065,0.286981,0.000000,EXPLORER
21100,0.700000,2.894628,0.357374,0.00037883,0.00106003,0.259143,0.000000,EXPLORER
21200,0.103046,2.408465,0.384088,0.00039590,0.00103075,0.228936,0.000000,EXPLORER
21300,0.163723,3.221153,0.296347,0.00040016,0.00135030,0.200386,0.000000,EXPLORER
21400,0.275575,2.711611,0.121656,0.00011334,0.00093162,0.182395,0.000000,EXPLORER
21500,0.207926,2.133267,0.013400,0.00020304,0.01515154,0.170635,0.000000,EXPLORER
21600,0.700000,2.328194,0.024548,0.00018471,0.00752433,0.159007,0.000000,EXPLORER
21700,0.326314,2.115663,0.190585,0.00028656,0.00150356,0.140335,0.000000,EXPLORER
21800,0.152193,2.194605,0.057124,0.00007239,0.00126715,0.134240,0.000000,EXPLORER
21900,0.508947,2.569445,0.073812,0.00004161,0.00056368,0.126213,0.000000,EXPLORER
22000,0.080970,2.402492,0.028822,0.00005534,0.00192008,0.120529,0.000000,EXPLORER
22100,0.275119,1.953731,0.032216,0.00002503,0.00077699,0.112100,0.000000,EXPLORER
22200,0.467293,2.246632,0.316949,0.00006114,0.00019289,0.107287,0.000000,EXPLORER
22300,0.119412,1.917219,0.112034,0.00005318,0.00047471,0.103654,0.000000,EXPLORER
22400,0.061254,2.850557,0.049368,0.00005858,0.00118667,0.099983,0.000000,EXPLORER
22500,0.443687,2.122961,0.099506,0.00006135,0.00061654,0.093525,0.000000,EXPLORER
22600,0.128964,2.005870,0.061497,0.00005247,0.00085320,0.086937,0.000000,EXPLORER
22700,0.362890,1.572812,0.032554,0.00004951,0.00152080,0.081850,0.000000,EXPLORER
22800,0.160093,3.117014,0.073160,0.00008107,0.00110803,0.076443,0.000000,EXPLORER
22900,0.408513,2.018815,0.005961,0.00005908,0.00990948,0.070185,0.000000,EXPLORER
23000,0.225476,2.586573,0.116537,0.00004093,0.00035125,0.066646,0.000000,EXPLORER
23100,0.093805,1.949451,0.116288,0.00007381,0.00063475,0.060517,0.000000,EXPLORER
23200,0.080186,2.106973,0.027828,0.00003933,0.00141318,0.057051,0.000000,EXPLORER
23300,0.292885,1.975202,0.220776,0.00007566,0.00034272,0.051298,0.000000,EXPLORER
23400,0.123764,1.844937,0.026499,0.00006536,0.00246650,0.044408,0.000000,EXPLORER
23500,0.062602,3.611974,0.041892,0.00004162,0.00099357,0.037278,0.000000,EXPLORER
23600,0.173114,2.237508,0.174518,0.00002833,0.00016235,0.033984,0.000000,EXPLORER
23700,0.065884,3.028023,0.148328,0.00008144,0.00054905,0.029173,0.000000,EXPLORER
23800,0.081236,1.716268,0.093623,0.00004289,0.00045806,0.021755,0.000000,EXPLORER
23900,0.090275,2.999407,0.005172,0.00004490,0.00867906,0.017601,0.000000,EXPLORER
24000,0.050953,3.306527,0.012986,0.00006222,0.00479106,0.013772,0.000000,EXPLORER
24100,0.232090,1.686286,0.062935,0.00002786,0.00044270,0.007206,0.000000,EXPLORER
24200,0.700000,1.797148,0.748804,0.00025050,0.00033453,0.987343,0.000000,EXPLORER
24300,0.700000,2.320199,0.731498,0.00024543,0.00033552,0.967130,0.000000,EXPLORER
24400,0.700000,3.043731,0.676474,0.00024845,0.00036728,0.946317,0.000000,EXPLORER
24500,0.700000,2.536237,0.407688,0.00017562,0.00043076,0.934927,0.000000,EXPLORER
24600,0.700000,2.936485,0.732717,0.00025643,0.00034997,0.915082,0.000000,EXPLORER
24700,0.700000,3.263138,0.283921,0.00019718,0.00069448,0.899087,0.000000,EXPLORER
24800,0.700000,3.580098,0.212153,0.00014114,0.00066527,0.886356,0.000000,EXPLORER
24900,0.700000,1.884365,0.499779,0.00024072,0.00048165,0.871243,0.000000,EXPLORER
25000,0.700000,2.225063,0.122637,0.00013113,0.00106923,0.857780,0.000000,EXPLORER
25100,0.700000,3.737654,0.389913,0.00014298,0.00036671,0.846581,0.000000,EXPLORER
25200,0.700000,3.416281,0.556005,0.00023204,0.00041734,0.833909,0.000000,EXPLORER
25300,0.700000,1.862515,0.261569,0.00018229,0.00069691,0.813178,0.000000,EXPLORER
25400,0.408132,2.037900,0.304357,0.00023799,0.00078195,0.800125,0.000000,EXPLORER
25500,0.372461,2.184811,0.101308,0.00015260,0.00150624,0.788839,0.000000,EXPLORER
25600,0.437734,2.326559,0.630501,0.00013835,0.00021943,0.773972,0.000000,EXPLORER
25700,0.700000,3.231308,0.085360,0.00027705,0.00324564,0.760589,0.000000,EXPLORER
25800,0.700000,3.001688,0.410289,0.00014290,0.00034829,0.748621,0.000000,EXPLORER
25900,0.355073,2.233583,0.525371,0.00027425,0.00052201,0.731845,0.000000,EXPLORER
26000,0.694801,2.754001,0.660561,0.00015032,0.00022756,0.712691,0.024757,EXPLORER
26100,0.587085,3.326708,0.002884,0.00019127,0.06630949,0.699134,0.024757,EXPLORER
26200,0.204008,1.549139,0.032606,0.00017732,0.00543818,0.686092,0.024757,EXPLORER
26300,0.316346,2.320831,0.040404,0.00016365,0.00405013,0.673721,0.024757,EXPLORER
26400,0.481709,2.837120,0.025570,0.00009800,0.00383269,0.667469,0.024757,EXPLORER
26500,0.176684,2.243010,0.044587,0.00011733,0.00263136,0.659677,0.024757,EXPLORER
26600,0.393768,1.952558,0.200579,0.00023932,0.00119312,0.644380,0.024757,EXPLORER
26700,0.121945,2.645280,0.244716,0.00024506,0.00100141,0.627749,0.024757,EXPLORER
26800,0.364931,3.061567,0.515466,0.00031115,0.00060362,0.608294,0.024757,EXPLORER
26900,0.192253,1.963671,0.091492,0.00009976,0.00109034,0.590728,0.024757,EXPLORER
27000,0.322929,1.867087,0.108131,0.00022698,0.00209910,0.574398,0.024757,EXPLORER
27100,0.102316,2.683517,0.273888,0.00024873,0.00090816,0.559051,0.024757,EXPLORER
27200,0.111840,3.002499,0.517517,0.00028061,0.00054222,0.540569,0.024757,EXPLORER
27300,0.431539,1.989843,0.160955,0.00017981,0.00111713,0.529326,0.024757,EXPLORER
27400,0.114108,1.878253,0.074665,0.00026049,0.00348875,0.506773,0.024757,EXPLORER
27500,0.408458,2.919802,0.338876,0.00039726,0.00117230,0.476715,0.024757,EXPLORER
27600,0.237710,3.119674,0.395597,0.00038058,0.00096204,0.447264,0.024757,EXPLORER
27700,0.377775,2.479556,0.333748,0.00031569,0.00094590,0.421493,0.024757,EXPLORER
27800,0.224137,1.406841,0.268316,0.00036643,0.00136565,0.394820,0.024757,EXPLORER
27900,0.135300,2.604144,0.219986,0.00036389,0.00165414,0.363613,0.024757,EXPLORER
28000,0.319401,2.785249,0.090068,0.00011335,0.00125847,0.342559,0.024757,EXPLORER
28100,0.395726,2.128028,0.011344,0.00011061,0.00975003,0.334279,0.024757,EXPLORER
28200,0.522900,2.020885,0.009201,0.00010805,0.01174096,0.322510,0.024757,EXPLORER
28300,0.694801,2.461719,0.011509,0.00020525,0.01783276,0.312538,0.024757,EXPLORER
28400,0.421983,2.966208,0.014826,0.00011406,0.00769289,0.302739,0.024757,EXPLORER
28500,0.694801,1.971416,0.012823,0.00020196,0.01574855,0.291563,0.024757,EXPLORER
28600,0.694801,1.917676,0.013451,0.00010597,0.00787777,0.279711,0.024757,EXPLORER
28700,0.694801,2.777545,0.010164,0.00011251,0.01106762,0.268378,0.024757,EXPLORER
28800,0.694801,3.176630,0.010797,0.00021037,0.01948160,0.256970,0.024757,EXPLORER
28900,0.694801,2.133544,0.009493,0.00020307,0.02138905,0.244650,0.024757,EXPLORER
29000,0.694801,2.153040,0.015121,0.00020323,0.01343920,0.233829,0.024757,EXPLORER
29100,0.694801,2.879007,0.009027,0.00011324,0.01254299,0.221688,0.024757,EXPLORER
29200,0.694801,3.126915,0.005935,0.00011491,0.01935844,0.210396,0.024757,EXPLORER
29300,0.694801,2.020795,0.008959,0.00010886,0.01214928,0.199734,0.024757,EXPLORER
29400,0.694801,1.922282,0.011202,0.00020162,0.01799748,0.189219,0.024757,EXPLORER
29500,0.694801,2.821954,0.006585,0.00011285,0.01713504,0.176213,0.024757,EXPLORER
29600,0.694801,3.138498,0.009775,0.00021010,0.02149210,0.164908,0.024757,EXPLORER
29700,0.694801,2.032620,0.004387,0.00020228,0.04609785,0.151972,0.024757,EXPLORER
29800,0.694801,1.893485,0.004061,0.00020131,0.04956413,0.138800,0.024757,EXPLORER
29900,0.694801,2.889710,0.012548,0.00020833,0.01660141,0.128558,0.024757,EXPLORER
30000,0.635783,3.194117,0.021230,0.00011583,0.00545558,0.118200,0.024757,EXPLORER
30100,0.291360,1.967242,0.033562,0.00010917,0.00325272,0.110315,0.024757,EXPLORER
30200,0.694801,1.894508,0.008607,0.00020136,0.02339174,0.102173,0.024757,EXPLORER
30300,0.694801,2.037470,0.009701,0.00020229,0.02085057,0.091931,0.024757,EXPLORER
30400,0.694801,2.984601,0.010879,0.00011397,0.01047608,0.083870,0.024757,EXPLORER
30500,0.188978,2.032041,0.018980,0.00011016,0.00580354,0.076325,0.024757,EXPLORER
30600,0.694801,1.907937,0.004658,0.00020142,0.04323544,0.068697,0.024757,EXPLORER
30700,0.694801,1.871038,0.010060,0.00010649,0.01058429,0.060706,0.024757,EXPLORER
30800,0.694801,2.993239,0.015651,0.00020910,0.01335983,0.049966,0.024757,EXPLORER
30900,0.694801,1.987314,0.005106,0.00010968,0.02147565,0.040152,0.024757,EXPLORER
31000,0.694801,1.907596,0.011501,0.00020145,0.01751423,0.032431,0.024757,EXPLORER
31100,0.694801,1.933274,0.012288,0.00020155,0.01640095,0.023226,0.024757,EXPLORER
31200,0.694801,3.184719,0.009791,0.00011543,0.01178805,0.008366,0.024757,EXPLORER
31300,0.700000,1.997941,0.005669,0.00007740,0.01365070,0.999306,0.000000,EXPLORER
31400,0.420958,2.001510,0.205276,0.00009546,0.00046505,0.989941,0.000000,EXPLORER
31500,0.630499,1.960942,0.046086,0.00014950,0.00324387,0.982920,0.000000,EXPLORER
31600,0.218380,1.904951,0.227703,0.00021837,0.00095899,0.972481,0.000000,EXPLORER
31700,0.700000,2.044965,0.011472,0.00015103,0.01316400,0.962794,0.000000,EXPLORER
31800,0.234420,2.142021,0.314371,0.00036040,0.00114642,0.950571,0.000000,EXPLORER
31900,0.086519,1.898729,0.406252,0.00037245,0.00091678,0.929455,0.000000,EXPLORER
32000,0.122313,1.721795,0.379437,0.00039074,0.00102980,0.899968,0.000000,EXPLORER
32100,0.321368,1.830256,0.383791,0.00039129,0.00101953,0.879768,0.000000,EXPLORER
32200,0.385899,1.478175,0.109634,0.00028726,0.00262012,0.862258,0.000000,EXPLORER
32300,0.236770,1.640382,0.019813,0.00024004,0.01211459,0.849025,0.000000,EXPLORER
32400,0.292876,1.747960,0.114056,0.00021757,0.00190757,0.837785,0.000000,EXPLORER
32500,0.226674,1.959581,0.051770,0.00019703,0.00380570,0.826440,0.000000,EXPLORER
32600,0.583468,1.971386,0.048522,0.00010153,0.00209242,0.815747,0.000000,EXPLORER
32700,0.152981,2.085431,0.195621,0.00023975,0.00122558,0.800063,0.000000,EXPLORER
32800,0.283057,2.877191,0.147353,0.00019999,0.00135720,0.784556,0.000000,EXPLORER
32900,0.700000,1.607577,0.005486,0.00010460,0.01906266,0.778129,0.000000,EXPLORER
33000,0.560970,3.819091,0.135530,0.00017936,0.00132342,0.770830,0.000000,EXPLORER
33100,0.491543,2.597856,0.019163,0.00013109,0.00684046,0.761502,0.000000,EXPLORER
33200,0.700000,1.751105,0.431090,0.00020834,0.00048329,0.750337,0.000000,EXPLORER
33300,0.131970,5.604328,0.049512,0.00026313,0.00531432,0.730937,0.403110,EXPLORER
33400,0.360140,5.919241,0.075672,0.00006745,0.00089131,0.724145,0.405765,EXPLORER
33500,0.003161,6.523348,0.292227,0.00007196,0.00024626,0.719813,0.429344,EXPLORER
33600,0.367410,6.668613,0.434264,0.00007787,0.00017931,0.714368,0.432856,EXPLORER
33700,0.460369,2.561593,0.017857,0.00003150,0.00176380,0.710801,0.432856,EXPLORER
33800,0.133407,6.574477,0.161579,0.00007071,0.00043759,0.706038,0.432856,EXPLORER
33900,0.065847,7.182927,0.094762,0.00007475,0.00078880,0.700957,0.432856,EXPLORER
34000,0.016057,7.434481,0.008623,0.00007532,0.00873396,0.696706,0.432856,EXPLORER
34100,0.154457,2.689313,0.018024,0.00004105,0.00227752,0.693756,0.432856,EXPLORER
34200,0.032245,3.543846,0.031795,0.00004259,0.00133951,0.691617,0.432856,EXPLORER
34300,0.033609,5.157240,0.029577,0.00005637,0.00190569,0.688654,0.432856,EXPLORER
34400,0.008482,5.805111,0.025549,0.00006292,0.00246261,0.684559,0.432856,EXPLORER
34500,0.129913,2.435577,0.016780,0.00004029,0.00240091,0.681674,0.432856,EXPLORER
34600,0.067723,3.158826,0.017431,0.00004271,0.00244999,0.679516,0.432856,EXPLORER
34700,0.206655,4.573610,0.033187,0.00005452,0.00164280,0.676375,0.432856,EXPLORER
34800,0.037014,4.669016,0.007006,0.00005520,0.00787831,0.673106,0.432856,EXPLORER
34900,0.143388,2.518209,0.017661,0.00004088,0.00231433,0.670560,0.432856,EXPLORER
35000,0.080870,2.754276,0.021064,0.00004258,0.00202139,0.668266,0.432856,EXPLORER
35100,0.034210,2.361271,0.018146,0.00003975,0.00219050,0.664907,0.432856,EXPLORER
35200,0.007143,3.216549,0.019314,0.00004568,0.00236513,0.662288,0.432856,EXPLORER
35300,0.128366,2.634222,0.019336,0.00004170,0.00215668,0.659452,0.432856,EXPLORER
35400,0.069149,2.552998,0.020786,0.00004125,0.00198467,0.657358,0.432856,EXPLORER
35500,0.029336,2.415349,0.019298,0.00004013,0.00207924,0.655218,0.432856,EXPLORER
35600,0.008639,2.546676,0.020055,0.00004115,0.00205198,0.652666,0.432856,EXPLORER
35700,0.438734,2.255644,0.017853,0.00003896,0.00218230,0.650114,0.432856,EXPLORER
35800,0.092760,1.750689,0.047563,0.00003273,0.00068807,0.647488,0.432856,EXPLORER
35900,0.358249,2.423139,0.069472,0.00004275,0.00061531,0.645076,0.432856,EXPLORER
36000,0.051887,2.907336,0.038745,0.00004378,0.00113005,0.642979,0.432856,EXPLORER
36100,0.025508,3.071210,0.015043,0.00004486,0.00298216,0.640700,0.432856,EXPLORER
36200,0.288584,2.767747,0.042198,0.00004225,0.00100133,0.636632,0.432856,EXPLORER
36300,0.093043,2.877024,0.006513,0.00004314,0.00662355,0.632263,0.432856,EXPLORER
36400,0.047286,2.977320,0.146244,0.00004612,0.00031539,0.628084,0.432856,EXPLORER
36500,0.073114,1.935682,0.086875,0.00003791,0.00043636,0.624051,0.432856,EXPLORER
36600,0.369055,1.848511,0.066842,0.00003653,0.00054655,0.620349,0.432856,EXPLORER
36700,0.027911,1.993384,0.022603,0.00003727,0.00164868,0.616380,0.432856,EXPLORER
36800,0.066293,2.894309,0.026986,0.00004359,0.00161530,0.612718,0.432856,EXPLORER
36900,0.173511,2.053122,0.011044,0.00003775,0.00341828,0.610506,0.432856,EXPLORER
37000,0.323892,2.926946,0.060701,0.00004486,0.00073899,0.605883,0.432856,EXPLORER
37100,0.160647,2.988318,0.026086,0.00004412,0.00169113,0.603815,0.432856,EXPLORER
37200,0.323609,1.342752,0.014777,0.00003297,0.00223099,0.601765,0.432856,EXPLORER
37300,0.374728,1.456613,0.071885,0.00003500,0.00048687,0.598793,0.432856,EXPLORER
37400,0.044015,3.068009,0.160319,0.00004694,0.00029277,0.596037,0.432856,EXPLORER
37500,0.024718,2.880047,0.168087,0.00004577,0.00027229,0.593852,0.432856,EXPLORER
37600,0.050698,2.869924,0.109016,0.00004470,0.00041005,0.591849,0.432856,EXPLORER
37700,0.308125,1.940481,0.072032,0.00003614,0.00050167,0.589535,0.432856,EXPLORER
37800,0.124583,1.885681,0.026775,0.00003676,0.00137290,0.586511,0.432856,EXPLORER
37900,0.231753,1.856062,0.092181,0.00003848,0.00041741,0.584738,0.432856,EXPLORER
38000,0.129735,1.838488,0.048564,0.00003592,0.00073953,0.582968,0.432856,EXPLORER
38100,0.071057,1.905001,0.025260,0.00003362,0.00133094,0.579998,0.432856,EXPLORER
38200,0.112837,1.850831,0.008684,0.00003674,0.00423053,0.578152,0.432856,EXPLORER
38300,0.364077,1.850767,0.103699,0.00003864,0.00037259,0.575867,0.432856,EXPLORER
38400,0.090663,1.910300,0.022467,0.00003673,0.00163498,0.573942,0.432856,EXPLORER
38500,0.426118,1.925664,0.040704,0.00003445,0.00084623,0.571820,0.432856,EXPLORER
38600,0.363711,1.859344,0.085634,0.00003771,0.00044035,0.569785,0.432856,EXPLORER
38700,0.243056,1.841587,0.027942,0.00003682,0.00131763,0.567880,0.432856,EXPLORER
38800,0.127404,1.846272,0.075386,0.00003693,0.00048990,0.565951,0.432856,EXPLORER
38900,0.096893,1.894497,0.036729,0.00004182,0.00113852,0.563723,0.432856,EXPLORER
39000,0.165184,1.871711,0.119221,0.00003775,0.00031663,0.561541,0.432856,EXPLORER
39100,0.055693,1.839442,0.025369,0.00003890,0.00153340,0.559659,0.432856,EXPLORER
39200,0.052509,1.835055,0.099275,0.00003599,0.00036256,0.557930,0.432856,EXPLORER
39300,0.148789,1.953505,0.038091,0.00003842,0.00100855,0.555884,0.432856,EXPLORER
39400,0.195343,1.924081,0.044214,0.00003794,0.00085805,0.553730,0.432856,EXPLORER
39500,0.018576,1.851989,0.011834,0.00003617,0.00305578,0.551839,0.432856,EXPLORER
39600,0.077127,1.837658,0.036388,0.00003634,0.00099859,0.550100,0.432856,EXPLORER
39700,0.334132,1.942148,0.056481,0.00004972,0.00088020,0.547964,0.432856,EXPLORER
39800,0.174340,2.974769,0.101805,0.00004548,0.00044668,0.545777,0.432856,EXPLORER
39900,0.092514,1.532639,0.069857,0.00003484,0.00049870,0.543422,0.432856,EXPLORER
40000,0.171827,1.986979,0.055886,0.00003771,0.00067472,0.541676,0.432856,EXPLORER
40100,0.353017,2.043205,0.117367,0.00003883,0.00033088,0.539458,0.432856,EXPLORER
40200,0.279967,1.953560,0.024780,0.00003701,0.00149336,0.537308,0.432856,EXPLORER
40300,0.040336,1.929535,0.065227,0.00003572,0.00054764,0.535433,0.432856,EXPLORER
40400,0.176754,1.852597,0.041055,0.00003655,0.00089025,0.533573,0.432856,EXPLORER
40500,0.054263,1.665154,0.089968,0.00003567,0.00039644,0.531541,0.432856,EXPLORER
40600,0.174962,2.005935,0.105186,0.00003826,0.00036375,0.529249,0.432856,EXPLORER
40700,0.301908,1.381562,0.036039,0.00003327,0.00092328,0.527332,0.432856,EXPLORER
40800,0.218088,2.496451,0.112076,0.00004190,0.00037381,0.525476,0.432856,EXPLORER
40900,0.233877,2.011806,0.015973,0.00003642,0.00228017,0.523233,0.432856,EXPLORER
41000,0.065190,1.875183,0.046694,0.00003569,0.00076434,0.521249,0.432856,EXPLORER
41100,0.051940,1.845946,0.128636,0.00003995,0.00031054,0.519250,0.432856,EXPLORER
41200,0.330636,1.840755,0.065504,0.00003727,0.00056899,0.517498,0.432856,EXPLORER
41300,0.316232,1.885455,0.166181,0.00003835,0.00023077,0.515517,0.432856,EXPLORER
41400,0.181550,1.890233,0.031790,0.00003274,0.00102986,0.513426,0.432856,EXPLORER
41500,0.093921,1.847425,0.019662,0.00003613,0.00183747,0.511550,0.432856,EXPLORER
41600,0.061587,1.842859,0.066739,0.00003625,0.00054315,0.509728,0.432856,EXPLORER
41700,0.298427,1.909312,0.036037,0.00003566,0.00098947,0.507508,0.432856,EXPLORER
41800,0.158788,1.849101,0.048910,0.00003920,0.00080149,0.505485,0.432856,EXPLORER
41900,0.106574,1.832406,0.085451,0.00003435,0.00040198,0.503713,0.432856,EXPLORER
42000,0.064097,1.827074,0.007323,0.00003819,0.00521407,0.502010,0.432856,EXPLORER
42100,0.431391,1.956508,0.099560,0.00003216,0.00032298,0.499929,0.432856,EXPLORER
42200,0.066168,1.886575,0.010555,0.00003944,0.00373632,0.497931,0.432856,EXPLORER
42300,0.041583,1.896235,0.009754,0.00003511,0.00359878,0.496140,0.432856,EXPLORER
42400,0.131638,1.843758,0.034434,0.00003280,0.00095253,0.494354,0.432856,EXPLORER
42500,0.051159,2.349733,0.017121,0.00003945,0.00230412,0.492385,0.432856,EXPLORER
42600,0.305407,3.190664,0.024946,0.00004606,0.00184629,0.490073,0.432856,EXPLORER
42700,0.085841,2.608593,0.107220,0.00004299,0.00040095,0.487732,0.432856,EXPLORER
42800,0.122156,2.022065,0.012809,0.00003703,0.00289067,0.485926,0.432856,EXPLORER
42900,0.253175,1.999862,0.223840,0.00004019,0.00017957,0.483503,0.432856,EXPLORER
43000,0.218043,2.164227,0.073457,0.00003901,0.00053102,0.481292,0.432856,EXPLORER
43100,0.199823,1.937210,0.050009,0.00004135,0.00082689,0.479389,0.432856,EXPLORER
43200,0.155345,1.843734,0.003043,0.00003313,0.01088279,0.477684,0.432856,EXPLORER
43300,0.293954,1.953516,0.091246,0.00003814,0.00041794,0.475761,0.432856,EXPLORER
43400,0.275735,1.875561,0.053497,0.00003661,0.00068432,0.473765,0.432856,EXPLORER
43500,0.090137,1.878204,0.080016,0.00003697,0.00046201,0.471914,0.432856,EXPLORER
43600,0.109761,3.084269,0.053147,0.00004524,0.00085117,0.469526,0.432856,EXPLORER
43700,0.387773,1.927149,0.036474,0.00003788,0.00103858,0.467238,0.432856,EXPLORER
43800,0.128900,1.617708,0.025699,0.00003449,0.00134223,0.465435,0.432856,EXPLORER
43900,0.059212,3.406596,0.042585,0.00004754,0.00111631,0.463232,0.432856,EXPLORER
44000,0.077185,1.380770,0.011461,0.00003289,0.00286915,0.460923,0.432856,EXPLORER
44100,0.518465,2.074111,0.022956,0.00003774,0.00164407,0.458941,0.432856,EXPLORER
44200,0.067211,1.961767,0.018531,0.00003872,0.00208931,0.456799,0.432856,EXPLORER
44300,0.319969,1.950839,0.133962,0.00004131,0.00030837,0.454880,0.432856,EXPLORER
44400,0.243558,1.901586,0.129277,0.00003857,0.00029831,0.453085,0.432856,EXPLORER
44500,0.074028,2.153619,0.020043,0.00003847,0.00191946,0.450843,0.432856,EXPLORER
44600,0.026967,1.912780,0.020030,0.00003661,0.00182750,0.448795,0.432856,EXPLORER
44700,0.095667,1.633168,0.014010,0.00003425,0.00244448,0.446898,0.432856,EXPLORER
44800,0.309790,3.023705,0.081475,0.00004572,0.00056110,0.444582,0.432856,EXPLORER
44900,0.042379,3.495970,0.014244,0.00004790,0.00336252,0.441723,0.432856,EXPLORER
45000,0.053911,1.716969,0.003786,0.00003539,0.00934611,0.439686,0.432856,EXPLORER
45100,0.037646,2.686988,0.003148,0.00004180,0.01327098,0.437864,0.432856,EXPLORER
45200,0.036056,3.016274,0.002238,0.00004414,0.01971625,0.435831,0.432856,EXPLORER
45300,0.105425,1.963462,0.005845,0.00003603,0.00616260,0.433751,0.432856,EXPLORER
45400,0.059225,1.848110,0.001674,0.00003480,0.02077408,0.431963,0.432856,EXPLORER
45500,0.058999,1.827138,0.000166,0.00003782,0.22589396,0.430139,0.432856,EXPLORER
45600,0.015160,1.831864,0.000544,0.00003371,0.06189054,0.428547,0.432856,EXPLORER
45700,0.040017,2.438752,0.005236,0.00003991,0.00762066,0.426693,0.432856,EXPLORER
45800,0.037924,3.144685,0.001633,0.00004502,0.02755248,0.424480,0.432856,EXPLORER
45900,0.048333,1.205226,0.005239,0.00003190,0.00608850,0.422475,0.432856,EXPLORER
46000,0.037039,2.602852,0.002635,0.00004116,0.01561681,0.420753,0.432856,EXPLORER
46100,0.094671,2.112517,0.002606,0.00003701,0.01419661,0.418651,0.432856,EXPLORER
46200,0.063073,1.876113,0.005020,0.00003499,0.00696799,0.416761,0.432856,EXPLORER
46300,0.062423,1.842689,0.000234,0.00003798,0.16177840,0.414927,0.432856,EXPLORER
46400,0.018924,1.831510,0.000255,0.00003367,0.13176464,0.413292,0.432856,EXPLORER
46500,0.195877,1.937318,0.000891,0.00004244,0.04760227,0.411395,0.432856,EXPLORER
46600,0.013758,1.655760,0.004314,0.00003454,0.00800419,0.409503,0.432856,EXPLORER
46700,0.054732,3.032189,0.024046,0.00004455,0.00185268,0.407429,0.432856,EXPLORER
46800,0.044507,1.725684,0.002454,0.00003538,0.01440899,0.404753,0.432856,EXPLORER
46900,0.185947,2.072625,0.001859,0.00003150,0.01693867,0.402694,0.432856,EXPLORER
47000,0.236551,2.003651,0.002620,0.00003839,0.01464692,0.400750,0.432856,EXPLORER
47100,0.024659,1.852165,0.003298,0.00003747,0.01135687,0.398827,0.432856,EXPLORER
47200,0.003665,1.822768,0.000736,0.00003306,0.04485645,0.397222,0.432856,EXPLORER
47300,0.150583,1.910607,0.000597,0.00004592,0.07672392,0.395183,0.432856,EXPLORER
47400,0.042548,1.905737,0.007780,0.00003704,0.00476055,0.393294,0.432856,EXPLORER
47500,0.030053,1.649258,0.017483,0.00003506,0.00200545,0.391461,0.432856,EXPLORER
47600,0.037163,4.061841,0.023708,0.00005121,0.00215995,0.389291,0.438742,EXPLORER
47700,0.036384,2.709994,0.001706,0.00004197,0.02458777,0.386856,0.438742,EXPLORER
47800,0.032079,1.999031,0.010722,0.00003658,0.00341156,0.385042,0.438742,EXPLORER
47900,0.035678,2.835694,0.008717,0.00004292,0.00492382,0.383177,0.438742,EXPLORER
48000,0.036206,3.066549,0.002741,0.00004450,0.01622948,0.381247,0.438742,EXPLORER
48100,0.092300,1.947289,0.001609,0.00003537,0.02197177,0.379160,0.438742,EXPLORER
48200,0.060212,1.839379,0.001725,0.00003476,0.02014039,0.377327,0.438742,EXPLORER
48300,0.039939,1.820863,0.030846,0.00003822,0.00123899,0.375503,0.438742,EXPLORER
48400,0.217379,1.816381,0.017948,0.00003406,0.00189743,0.373848,0.438742,EXPLORER
48500,0.326197,1.928933,0.118749,0.00002501,0.00021065,0.371865,0.438742,EXPLORER
48600,0.136262,1.959565,0.048704,0.00003696,0.00075875,0.369666,0.438742,EXPLORER
48700,0.121250,3.292428,0.091162,0.00004821,0.00052881,0.367127,0.438742,EXPLORER
48800,0.330057,2.260365,0.029151,0.00003867,0.00132662,0.365147,0.438742,EXPLORER
48900,0.481533,1.917766,0.040307,0.00003883,0.00096336,0.362949,0.438742,EXPLORER
49000,0.059572,1.854537,0.038901,0.00003866,0.00099390,0.360800,0.438742,EXPLORER
49100,0.191540,1.833507,0.020692,0.00003627,0.00175289,0.358956,0.438742,EXPLORER
49200,0.113712,1.832388,0.050091,0.00004051,0.00080867,0.357225,0.438742,EXPLORER
49300,0.168836,1.926129,0.010988,0.00003345,0.00304446,0.355209,0.438742,EXPLORER
49400,0.295734,1.856449,0.028473,0.00004309,0.00151346,0.353231,0.438742,EXPLORER
49500,0.103513,1.821110,0.031468,0.00003636,0.00115543,0.351390,0.438742,EXPLORER
49600,0.216179,1.494423,0.109654,0.00012539,0.00114346,0.348876,0.438742,EXPLORER
49700,0.607864,2.627769,0.077777,0.00011243,0.00144557,0.340852,0.438742,EXPLORER
49800,0.224567,2.720458,0.150111,0.00024388,0.00162468,0.329507,0.438742,EXPLORER
49900,0.122390,2.301687,0.211072,0.00024201,0.00114656,0.318021,0.438742,EXPLORER
50000,0.400991,3.129178,0.102356,0.00024701,0.00241326,0.306484,0.438742,EXPLORER
50100,0.292212,1.913020,0.116912,0.00021869,0.00187056,0.293821,0.438742,EXPLORER
50200,0.215724,2.701004,0.451225,0.00038982,0.00086390,0.277237,0.438742,EXPLORER
50300,0.465865,1.503509,0.361028,0.00038881,0.00107696,0.256458,0.438742,EXPLORER
50400,0.074871,2.627314,0.257775,0.00039507,0.00153260,0.234907,0.438742,EXPLORER
50500,0.199093,1.785437,0.329728,0.00037058,0.00112388,0.214365,0.438742,EXPLORER
50600,0.607864,1.825825,0.293025,0.00030430,0.00103849,0.196389,0.438742,EXPLORER
50700,0.081161,2.466586,0.336956,0.00027529,0.00081698,0.181813,0.438742,EXPLORER
50800,0.186765,2.523280,0.289547,0.00029475,0.00101796,0.166091,0.438742,EXPLORER
50900,0.027884,3.152285,0.402904,0.00030115,0.00074744,0.150271,0.438742,EXPLORER
51000,0.056281,3.284992,0.428171,0.00029953,0.00069955,0.134790,0.438742,EXPLORER
51100,0.462157,1.938159,0.217494,0.00028922,0.00132979,0.120213,0.438742,EXPLORER
51200,0.135054,2.943811,0.359688,0.00027933,0.00077659,0.104744,0.438742,EXPLORER
51300,0.110352,2.682643,0.224929,0.00027494,0.00122233,0.089827,0.438742,EXPLORER
51400,0.168202,2.249101,0.272770,0.00029401,0.00107785,0.073648,0.438742,EXPLORER
51500,0.116172,2.793996,0.223379,0.00027573,0.00123435,0.059666,0.438742,EXPLORER
51600,0.276476,2.595566,0.248015,0.00029386,0.00118484,0.044862,0.438742,EXPLORER
51700,0.103373,2.885106,0.216319,0.00027635,0.00127751,0.029412,0.438742,EXPLORER
51800,0.361784,1.514976,0.221403,0.00026694,0.00120567,0.013860,0.458796,EXPLORER
51900,0.700000,1.917405,0.002852,0.00027406,0.09606810,0.997775,0.000000,EXPLORER
52000,0.485885,1.885314,0.003665,0.00004241,0.01157012,0.993309,0.000000,EXPLORER
52100,0.303985,1.993295,0.101085,0.00003372,0.00033358,0.991232,0.000000,EXPLORER
52200,0.146294,1.959527,0.006256,0.00004010,0.00640882,0.989254,0.000000,EXPLORER
52300,0.062288,1.895184,0.016013,0.00003653,0.00228106,0.987382,0.000000,EXPLORER
52400,0.180056,1.898825,0.051858,0.00003688,0.00071111,0.985553,0.000000,EXPLORER
52500,0.360669,2.054560,0.065500,0.00003798,0.00057987,0.983402,0.000000,EXPLORER
52600,0.222962,1.936254,0.064740,0.00003794,0.00058602,0.981427,0.000000,EXPLORER
52700,0.104014,1.879852,0.029179,0.00003669,0.00125725,0.979432,0.000000,EXPLORER
52800,0.092736,1.863337,0.040457,0.00003656,0.00090360,0.977699,0.000000,EXPLORER
52900,0.053754,1.896061,0.042921,0.00003865,0.00090057,0.975563,0.000000,EXPLORER
53000,0.050943,1.933501,0.012167,0.00003499,0.00287590,0.973670,0.000000,EXPLORER
53100,0.030331,1.884853,0.000289,0.00003788,0.13071747,0.971658,0.000000,EXPLORER
53200,0.019646,1.875773,0.001101,0.00003463,0.03141972,0.969876,0.000000,EXPLORER
53300,0.047080,1.996532,0.000459,0.00004147,0.09025604,0.967821,0.000000,EXPLORER
53400,0.024112,1.970820,0.000162,0.00003308,0.20323354,0.965927,0.000000,EXPLORER
53500,0.383362,1.896390,0.030928,0.00004013,0.00129750,0.964054,0.000000,EXPLORER
53600,0.152422,1.900498,0.039891,0.00003410,0.00085493,0.962148,0.000000,EXPLORER
53700,0.395161,2.057448,0.077776,0.00003813,0.00049019,0.959636,0.000000,EXPLORER
53800,0.074668,1.925072,0.198089,0.00003530,0.00017819,0.956775,0.000000,EXPLORER
53900,0.471642,1.867401,0.041618,0.00003614,0.00086839,0.954425,0.000000,EXPLORER
54000,0.042699,1.975675,0.137738,0.00003897,0.00028290,0.952145,0.000000,EXPLORER
54100,0.122502,1.963806,0.038694,0.00003720,0.00096147,0.949733,0.000000,EXPLORER
54200,0.206018,1.948062,0.032912,0.00003990,0.00121221,0.947631,0.000000,EXPLORER
54300,0.081185,1.907720,0.117351,0.00003814,0.00032497,0.945576,0.000000,EXPLORER
54400,0.084159,1.885950,0.038101,0.00003663,0.00096144,0.943870,0.000000,EXPLORER
54500,0.107431,2.037260,0.012851,0.00003733,0.00290501,0.941718,0.000000,EXPLORER
54600,0.182339,1.941171,0.214888,0.00004130,0.00019221,0.939758,0.000000,EXPLORER
54700,0.157189,1.891478,0.000609,0.00003563,0.05841385,0.937875,0.000000,EXPLORER
54800,0.095019,1.872566,0.089428,0.00003737,0.00041788,0.935898,0.000000,EXPLORER
54900,0.269056,1.975703,0.001047,0.00003675,0.03507970,0.933854,0.000000,EXPLORER
55000,0.378751,1.950627,0.025072,0.00003732,0.00148839,0.931829,0.000000,EXPLORER
55100,0.115386,1.896299,0.063669,0.00003784,0.00059430,0.929859,0.000000,EXPLORER
55200,0.047931,1.881183,0.031676,0.00003616,0.00114147,0.928040,0.000000,EXPLORER
55300,0.143368,1.954288,0.168427,0.00003910,0.00023216,0.925893,0.000000,EXPLORER
55400,0.039663,1.946660,0.105856,0.00003823,0.00036115,0.923902,0.000000,EXPLORER
55500,0.068272,1.911349,0.032979,0.00003851,0.00116775,0.921969,0.000000,EXPLORER
55600,0.401388,1.905475,0.010522,0.00003525,0.00334963,0.920191,0.000000,EXPLORER
55700,0.129216,2.054255,0.042351,0.00004186,0.00098839,0.917963,0.000000,EXPLORER
55800,0.122505,1.955505,0.057708,0.00003437,0.00059558,0.916011,0.000000,EXPLORER
55900,0.402203,1.908787,0.025339,0.00003723,0.00146941,0.914052,0.000000,EXPLORER
56000,0.083106,1.877279,0.005001,0.00003624,0.00724366,0.912295,0.000000,EXPLORER
56100,0.419501,1.916154,0.089833,0.00003810,0.00042408,0.910226,0.000000,EXPLORER
56200,0.292411,1.869952,0.063002,0.00002650,0.00042056,0.908380,0.000000,EXPLORER
56300,0.288608,1.858880,0.023486,0.00003873,0.00164914,0.906418,0.000000,EXPLORER
56400,0.173338,1.863814,0.024931,0.00003418,0.00137097,0.904660,0.000000,EXPLORER
56500,0.166155,1.957828,0.021894,0.00004202,0.00191923,0.902657,0.000000,EXPLORER
56600,0.108093,1.881664,0.101134,0.00003780,0.00037374,0.900639,0.000000,EXPLORER
56700,0.166687,1.858935,0.019222,0.00003625,0.00188595,0.898809,0.000000,EXPLORER
56800,0.382922,1.851663,0.007941,0.00003416,0.00430121,0.896996,0.000000,EXPLORER
56900,0.285166,1.992470,0.143765,0.00004304,0.00029936,0.894862,0.000000,EXPLORER
57000,0.144593,1.903141,0.040987,0.00003412,0.00083241,0.892872,0.000000,EXPLORER
57100,0.359623,1.883842,0.135790,0.00003958,0.00029151,0.890988,0.000000,EXPLORER
57200,0.184857,1.886594,0.070185,0.00003707,0.00052811,0.889172,0.000000,EXPLORER
57300,0.415239,1.948015,0.112542,0.00004143,0.00036810,0.887251,0.000000,EXPLORER
57400,0.036966,2.001199,0.035185,0.00003754,0.00106681,0.885387,0.000000,EXPLORER
57500,0.232627,1.915581,0.071816,0.00003726,0.00051883,0.883556,0.000000,EXPLORER
57600,0.066569,1.891213,0.196974,0.00003925,0.00019927,0.881835,0.000000,EXPLORER
57700,0.348156,2.029995,0.084103,0.00003797,0.00045143,0.879792,0.000000,EXPLORER
57800,0.333977,1.941235,0.075526,0.00003800,0.00050310,0.877717,0.000000,EXPLORER
57900,0.373142,1.896404,0.033996,0.00003576,0.00105174,0.875823,0.000000,EXPLORER
58000,0.215378,1.879087,0.072992,0.00003776,0.00051732,0.873981,0.000000,EXPLORER
58100,0.165849,1.978839,0.099487,0.00003611,0.00036294,0.871961,0.000000,EXPLORER
58200,0.085139,1.985512,0.041969,0.00003746,0.00089253,0.869939,0.000000,EXPLORER
58300,0.081605,1.925627,0.010439,0.00003490,0.00334299,0.867643,0.000000,EXPLORER
58400,0.140116,1.887840,0.034371,0.00003681,0.00107100,0.865616,0.000000,EXPLORER
58500,0.290491,2.050837,0.019559,0.00003374,0.00172472,0.862077,0.000000,EXPLORER
58600,0.123147,1.968282,0.040710,0.00004011,0.00098521,0.859980,0.000000,EXPLORER
58700,0.357101,2.019194,0.110040,0.00003812,0.00034643,0.855114,0.000000,EXPLORER
58800,0.211384,2.072349,0.080898,0.00003843,0.00047500,0.850194,0.000000,EXPLORER
58900,0.057852,2.156311,0.011027,0.00003834,0.00347673,0.845130,0.000000,EXPLORER
59000,0.356683,1.953115,0.033387,0.00003676,0.00110102,0.840644,0.000000,EXPLORER
59100,0.181413,2.034712,0.045595,0.00003768,0.00082639,0.838662,0.000000,EXPLORER
59200,0.255223,2.045859,0.112314,0.00003875,0.00034500,0.835747,0.000000,EXPLORER
59300,0.121327,2.000550,0.048561,0.00003760,0.00077425,0.832830,0.000000,EXPLORER
59400,0.062765,1.917306,0.088165,0.00003759,0.00042633,0.829865,0.000000,EXPLORER
59500,0.331125,1.883334,0.098985,0.00003731,0.00037696,0.827443,0.000000,EXPLORER
59600,0.122042,2.029762,0.044367,0.00003788,0.00085367,0.825204,0.000000,EXPLORER
59700,0.203223,1.995842,0.095873,0.00003817,0.00039812,0.821131,0.000000,EXPLORER
59800,0.266570,1.968540,0.031030,0.00003984,0.00128392,0.818756,0.000000,EXPLORER
59900,0.452576,1.917237,0.102564,0.00003735,0.00036411,0.815474,0.000000,EXPLORER
60000,0.205295,2.075219,0.015945,0.00003754,0.00235396,0.813354,0.000000,EXPLORER
60100,0.403143,2.038233,0.159979,0.00003562,0.00022267,0.810097,0.000000,EXPLORER
60200,0.143157,1.913051,0.014820,0.00003881,0.00261828,0.807022,0.000000,EXPLORER
60300,0.118964,1.862511,0.179481,0.00003875,0.00021587,0.804971,0.000000,EXPLORER
60400,0.060097,2.022697,0.001368,0.00003725,0.02720692,0.801940,0.000000,EXPLORER
60500,0.260274,2.016912,0.073364,0.00003796,0.00051744,0.798484,0.000000,EXPLORER
60600,0.160237,1.892564,0.056320,0.00003700,0.00065701,0.795050,0.000000,EXPLORER
60700,0.028407,1.877196,0.012047,0.00003624,0.00300768,0.792500,0.000000,EXPLORER
60800,0.100684,2.024954,0.001631,0.00003721,0.02279530,0.789438,0.000000,EXPLORER
60900,0.354359,1.970145,0.050201,0.00003707,0.00073844,0.786580,0.000000,EXPLORER
61000,0.120977,1.888822,0.110895,0.00003996,0.00036036,0.783560,0.000000,EXPLORER
61100,0.421699,1.905662,0.005865,0.00003702,0.00631147,0.780316,0.000000,EXPLORER
61200,0.240690,2.070428,0.102904,0.00003880,0.00037704,0.776167,0.000000,EXPLORER
61300,0.046476,2.054860,0.040232,0.00003466,0.00086152,0.772299,0.000000,EXPLORER
61400,0.348869,1.937114,0.139668,0.00003997,0.00028620,0.768834,0.000000,EXPLORER
61500,0.176641,2.063132,0.070401,0.00003831,0.00054413,0.765158,0.000000,EXPLORER
61600,0.361790,2.052278,0.018893,0.00003811,0.00201692,0.762239,0.000000,EXPLORER
61700,0.154951,2.057219,0.081763,0.00003871,0.00047345,0.760196,0.000000,EXPLORER
61800,0.200895,1.937295,0.097621,0.00004064,0.00041635,0.757377,0.000000,EXPLORER
61900,0.351728,1.865440,0.020144,0.00003616,0.00179478,0.754204,0.000000,EXPLORER
62000,0.300821,1.983390,0.089899,0.00003798,0.00042241,0.752219,0.000000,EXPLORER
62100,0.290318,1.965463,0.057334,0.00003728,0.00065013,0.749467,0.000000,EXPLORER
62200,0.354737,1.943723,0.027445,0.00003721,0.00135582,0.747266,0.000000,EXPLORER
62300,0.110307,1.893631,0.076919,0.00003573,0.00046455,0.744522,0.000000,EXPLORER
62400,0.042360,2.059341,0.137391,0.00003961,0.00028828,0.740568,0.000000,EXPLORER
62500,0.110861,2.058664,0.006448,0.00003396,0.00526624,0.736265,0.000000,EXPLORER
62600,0.039385,1.949133,0.071334,0.00003946,0.00055323,0.732358,0.000000,EXPLORER
62700,0.360598,2.077576,0.007212,0.00003805,0.00527458,0.728112,0.000000,EXPLORER
62800,0.077051,2.176417,0.056972,0.00003906,0.00068561,0.724482,0.000000,EXPLORER
62900,0.050837,1.969196,0.054331,0.00003440,0.00063308,0.720007,0.000000,EXPLORER
63000,0.101677,1.895289,0.046874,0.00003686,0.00078632,0.716497,0.000000,EXPLORER
63100,0.204831,2.021923,0.047764,0.00003766,0.00078848,0.712669,0.000000,EXPLORER
63200,0.180966,2.452543,0.011687,0.00004031,0.00344869,0.709733,0.000000,EXPLORER
63300,0.242919,1.979155,0.001739,0.00003381,0.01943207,0.705637,0.000000,EXPLORER
63400,0.223428,1.915631,0.068007,0.00003720,0.00054695,0.701986,0.000000,EXPLORER
63500,0.081559,2.062247,0.005803,0.00003745,0.00645167,0.698720,0.000000,EXPLORER
63600,0.133278,2.716465,0.144670,0.00004407,0.00030459,0.694854,0.000000,EXPLORER
63700,0.135974,1.947249,0.169008,0.00003931,0.00023258,0.690785,0.000000,EXPLORER
63800,0.330204,1.883031,0.083656,0.00003906,0.00046692,0.688819,0.000000,EXPLORER
63900,0.081896,1.868194,0.138043,0.00003696,0.00026776,0.686771,0.000000,EXPLORER
64000,0.389733,1.933007,0.053160,0.00003777,0.00071053,0.684108,0.000000,EXPLORER
64100,0.158378,1.983865,0.052752,0.00003746,0.00071008,0.680307,0.000000,EXPLORER
64200,0.368754,1.935278,0.063848,0.00004067,0.00063698,0.678142,0.000000,EXPLORER
64300,0.055717,1.884705,0.033989,0.00003660,0.00107684,0.675888,0.000000,EXPLORER
64400,0.055106,2.090591,0.105858,0.00003926,0.00037089,0.671733,0.000000,EXPLORER
64500,0.215361,1.977722,0.068505,0.00003421,0.00049943,0.667336,0.000000,EXPLORER
64600,0.101719,1.925640,0.012328,0.00003903,0.00316586,0.665350,0.000000,EXPLORER
64700,0.108225,1.899640,0.003688,0.00003504,0.00949969,0.663522,0.000000,EXPLORER
64800,0.094856,1.877833,0.080186,0.00003727,0.00046475,0.661646,0.000000,EXPLORER
64900,0.516755,1.994833,0.013373,0.00003774,0.00282163,0.659475,0.000000,EXPLORER
65000,0.432818,1.909601,0.128318,0.00003782,0.00029474,0.657564,0.000000,EXPLORER
65100,0.220727,1.865679,0.034132,0.00003634,0.00106464,0.655708,0.000000,EXPLORER
65200,0.129526,1.849683,0.035046,0.00003653,0.00104218,0.653868,0.000000,EXPLORER
65300,0.263883,1.883974,0.007208,0.00003379,0.00468752,0.651893,0.000000,EXPLORER
65400,0.406547,1.842067,0.070172,0.00003885,0.00055365,0.649962,0.000000,EXPLORER
65500,0.273336,1.832938,0.014498,0.00003572,0.00246358,0.647936,0.000000,EXPLORER
65600,0.203068,1.830826,0.010887,0.00003587,0.00329411,0.646221,0.000000,EXPLORER
65700,0.086062,1.964148,0.131055,0.00003863,0.00029477,0.643927,0.000000,EXPLORER
65800,0.379618,1.876949,0.098237,0.00003669,0.00037352,0.641648,0.000000,EXPLORER
65900,0.043370,1.851977,0.008038,0.00003692,0.00459264,0.639799,0.000000,EXPLORER
66000,0.062553,1.843346,0.144665,0.00003809,0.00026326,0.637724,0.000000,EXPLORER
66100,0.019443,1.993271,0.082258,0.00003823,0.00046477,0.635605,0.000000,EXPLORER
66200,0.381984,1.891374,0.018123,0.00003494,0.00192793,0.633264,0.000000,EXPLORER
66300,0.310322,1.878964,0.070130,0.00003682,0.00052503,0.628892,0.000000,EXPLORER
66400,0.411546,2.783690,0.008389,0.00004313,0.00514100,0.625288,0.000000,EXPLORER
66500,0.388049,1.896625,0.009456,0.00002828,0.00299088,0.620706,0.000000,EXPLORER
66600,0.367308,1.839118,0.021541,0.00003810,0.00176861,0.617062,0.000000,EXPLORER
66700,0.043621,1.970961,0.062695,0.00003756,0.00059907,0.614524,0.000000,EXPLORER
66800,0.035130,2.755223,0.022831,0.00004263,0.00186709,0.612219,0.000000,EXPLORER
66900,0.227704,1.917537,0.116728,0.00003797,0.00032530,0.609239,0.000000,EXPLORER
67000,0.122159,1.850113,0.171660,0.00003850,0.00022429,0.607080,0.000000,EXPLORER
67100,0.218105,1.832163,0.020528,0.00003590,0.00174895,0.604182,0.000000,EXPLORER
67200,0.044474,2.725100,0.005332,0.00004207,0.00788971,0.600486,0.000000,EXPLORER
67300,0.169558,1.940685,0.071146,0.00003747,0.00052660,0.597145,0.000000,EXPLORER
67400,0.163132,1.859529,0.039586,0.00003654,0.00092312,0.594734,0.000000,EXPLORER
67500,0.136757,1.825347,0.055168,0.00003647,0.00066101,0.591342,0.000000,EXPLORER
67600,0.141965,2.676167,0.065360,0.00004308,0.00065916,0.586785,0.000000,EXPLORER
67700,0.350079,2.014825,0.055594,0.00003467,0.00062360,0.581688,0.000000,EXPLORER
67800,0.124734,1.903950,0.108078,0.00003935,0.00036411,0.578313,0.000000,EXPLORER
67900,0.031761,1.964732,0.049161,0.00003745,0.00076175,0.575927,0.000000,EXPLORER
68000,0.271425,2.714615,0.014422,0.00004230,0.00293305,0.572969,0.000000,EXPLORER
68100,0.203291,1.969195,0.207975,0.00004009,0.00019276,0.570706,0.000000,EXPLORER
68200,0.364792,1.909713,0.094736,0.00004024,0.00042472,0.567566,0.000000,EXPLORER
68300,0.302571,1.900414,0.042561,0.00003549,0.00083382,0.564374,0.000000,EXPLORER
68400,0.118713,2.568938,0.076757,0.00004218,0.00054946,0.560705,0.000000,EXPLORER
68500,0.381409,2.032626,0.068167,0.00003859,0.00056603,0.557028,0.000000,EXPLORER
68600,0.502073,1.923850,0.028107,0.00003750,0.00133430,0.553401,0.000000,EXPLORER
68700,0.206596,1.969003,0.064229,0.00003675,0.00057212,0.550184,0.000000,EXPLORER
68800,0.025665,2.611144,0.007678,0.00004153,0.00540792,0.546918,0.000000,EXPLORER
68900,0.261425,1.950864,0.090453,0.00003762,0.00041590,0.543589,0.000000,EXPLORER
69000,0.166659,1.899259,0.261156,0.00004251,0.00016278,0.541538,0.000000,EXPLORER
69100,0.179086,1.842909,0.002578,0.00003502,0.01357957,0.538066,0.000000,EXPLORER
69200,0.010149,2.334521,0.014471,0.00003973,0.00274524,0.535474,0.000000,EXPLORER
69300,0.284571,1.905454,0.082309,0.00003723,0.00045237,0.531937,0.000000,EXPLORER
69400,0.442547,1.924592,0.014127,0.00003905,0.00276384,0.528781,0.000000,EXPLORER
69500,0.061778,1.884780,0.062822,0.00003719,0.00059206,0.526693,0.000000,EXPLORER
69600,0.056074,2.273098,0.006748,0.00003916,0.00580248,0.523120,0.000000,EXPLORER
69700,0.126351,2.022351,0.161562,0.00003974,0.00024599,0.519657,0.000000,EXPLORER
69800,0.250686,1.961983,0.015280,0.00003717,0.00243252,0.517480,0.000000,EXPLORER
69900,0.120016,1.908206,0.187640,0.00003913,0.00020852,0.515461,0.000000,EXPLORER
70000,0.168571,1.879563,0.006813,0.00003618,0.00530924,0.513507,0.000000,EXPLORER
70100,0.025980,1.934928,0.160041,0.00003902,0.00024382,0.508910,0.000000,EXPLORER
70200,0.123287,1.845838,0.004913,0.00003598,0.00732286,0.506634,0.000000,EXPLORER
70300,0.058638,1.833809,0.026791,0.00003619,0.00135067,0.504670,0.000000,EXPLORER
70400,0.009721,2.232732,0.028194,0.00003886,0.00137837,0.502327,0.000000,EXPLORER
70500,0.118888,1.975528,0.017469,0.00003707,0.00212184,0.498583,0.000000,EXPLORER
70600,0.060882,1.869267,0.018735,0.00003637,0.00194121,0.495244,0.000000,EXPLORER
70700,0.054904,1.849478,0.018608,0.00003623,0.00194686,0.492920,0.000000,EXPLORER
70800,0.010065,2.787560,0.016626,0.00004273,0.00256983,0.489382,0.000000,EXPLORER
70900,0.102129,1.944331,0.106671,0.00003446,0.00032302,0.485451,0.000000,EXPLORER
71000,0.528028,1.873124,0.022043,0.00003642,0.00165202,0.481810,0.000000,EXPLORER
71100,0.036041,1.984505,0.015667,0.00003707,0.00236612,0.478838,0.000000,EXPLORER
71200,0.134358,2.699767,0.068378,0.00004301,0.00062906,0.475606,0.000000,EXPLORER
71300,0.222140,1.936624,0.001054,0.00003655,0.03464431,0.472819,0.000000,EXPLORER
71400,0.145879,1.928606,0.077864,0.00003999,0.00051359,0.469959,0.000000,EXPLORER
71500,0.187546,1.873786,0.016512,0.00003525,0.00213468,0.468031,0.000000,EXPLORER
71600,0.192357,1.917924,0.046342,0.00003695,0.00079731,0.466000,0.000000,EXPLORER
71700,0.106188,1.937855,0.067216,0.00003371,0.00050153,0.461920,0.000000,EXPLORER
71800,0.122448,1.840819,0.092270,0.00003712,0.00040231,0.458445,0.000000,EXPLORER
71900,0.097456,2.033922,0.015326,0.00003753,0.00244871,0.456071,0.000000,EXPLORER
72000,0.364100,2.782612,0.055623,0.00004380,0.00078737,0.454032,0.000000,EXPLORER
72100,0.168079,1.941112,0.011442,0.00003676,0.00321202,0.451942,0.000000,EXPLORER
72200,0.381915,1.940647,0.084168,0.00003765,0.00044727,0.450008,0.000000,EXPLORER
72300,0.024295,1.872575,0.009018,0.00003634,0.00402911,0.448010,0.000000,EXPLORER
72400,0.093182,1.839520,0.019244,0.00003695,0.00191983,0.445431,0.000000,EXPLORER
72500,0.435412,1.867984,0.027069,0.00003694,0.00136474,0.443388,0.000000,EXPLORER
72600,0.381898,1.898884,0.011710,0.00003657,0.00312302,0.441375,0.000000,EXPLORER
72700,0.419910,1.872121,0.058556,0.00003651,0.00062341,0.439455,0.000000,EXPLORER
72800,0.041869,1.855186,0.041216,0.00003664,0.00088884,0.437738,0.000000,EXPLORER
72900,0.069718,1.890431,0.035291,0.00003680,0.00104282,0.434814,0.000000,EXPLORER
73000,0.034548,1.860135,0.001719,0.00003612,0.02100024,0.431488,0.000000,EXPLORER
73100,0.084198,1.845219,0.082881,0.00003745,0.00045188,0.429561,0.000000,EXPLORER
73200,0.050853,2.333118,0.002213,0.00003981,0.01797836,0.427728,0.000000,EXPLORER
73300,0.202651,1.998749,0.052966,0.00003331,0.00062884,0.425300,0.000000,EXPLORER
73400,0.164750,1.902364,0.048086,0.00003980,0.00082758,0.423357,0.000000,EXPLORER
73500,0.052431,1.843326,0.022776,0.00003458,0.00151809,0.421357,0.000000,EXPLORER
73600,0.097152,1.844218,0.005679,0.00003690,0.00649599,0.419236,0.000000,EXPLORER
73700,0.118740,1.923981,0.001142,0.00003444,0.03014260,0.417056,0.000000,EXPLORER
73800,0.086269,1.902077,0.034186,0.00003693,0.00108031,0.414471,0.000000,EXPLORER
73900,0.112326,1.852696,0.034619,0.00003638,0.00105085,0.412621,0.000000,EXPLORER
74000,0.373915,1.837307,0.009074,0.00003618,0.00398751,0.410806,0.000000,EXPLORER
74100,0.300717,1.907050,0.018528,0.00003705,0.00199972,0.408333,0.000000,EXPLORER
74200,0.431809,1.888125,0.014062,0.00003569,0.00253788,0.405146,0.000000,EXPLORER
74300,0.039080,2.231921,0.017418,0.00003856,0.00221361,0.401246,0.000000,EXPLORER
74400,0.355988,2.925260,0.032685,0.00004355,0.00133236,0.397831,0.000000,EXPLORER
74500,0.226725,1.970023,0.100754,0.00003810,0.00037810,0.394310,0.000000,EXPLORER
74600,0.245144,1.864535,0.135493,0.00003978,0.00029361,0.390925,0.000000,EXPLORER
74700,0.106566,2.259493,0.019662,0.00003887,0.00197660,0.387487,0.000000,EXPLORER
74800,0.216691,2.898644,0.115262,0.00004480,0.00038869,0.384388,0.000000,EXPLORER
74900,0.230524,1.991563,0.084193,0.00003797,0.00045093,0.380448,0.000000,EXPLORER
75000,0.269876,1.917329,0.077609,0.00003936,0.00050722,0.378039,0.000000,EXPLORER
75100,0.063586,1.864123,0.082938,0.00003729,0.00044956,0.375887,0.000000,EXPLORER
75200,0.323902,2.059445,0.004685,0.00003778,0.00806265,0.373423,0.000000,EXPLORER
75300,0.116449,1.944679,0.106805,0.00003840,0.00035957,0.369426,0.000000,EXPLORER
75400,0.192238,1.854922,0.026091,0.00003871,0.00148349,0.366746,0.000000,EXPLORER
75500,0.403943,1.883486,0.047740,0.00003633,0.00076097,0.363572,0.000000,EXPLORER
75600,0.395812,2.858294,0.051536,0.00004421,0.00085793,0.360572,0.000000,EXPLORER
75700,0.482934,1.900542,0.131171,0.00003401,0.00025927,0.357210,0.000000,EXPLORER
75800,0.417953,1.868570,0.006210,0.00003900,0.00627855,0.355064,0.000000,EXPLORER
75900,0.449582,1.832925,0.044545,0.00003598,0.00080761,0.353076,0.000000,EXPLORER
76000,0.053247,1.825195,0.103970,0.00003731,0.00035885,0.351216,0.000000,EXPLORER
76100,0.372144,1.915875,0.180493,0.00021779,0.00120663,0.345951,0.000000,EXPLORER
76200,0.431794,1.840415,0.233854,0.00012845,0.00054925,0.336537,0.000000,EXPLORER
76300,0.412789,1.816735,0.322488,0.00013026,0.00040392,0.328661,0.000000,EXPLORER
76400,0.210381,2.632862,0.408250,0.00022321,0.00054675,0.320692,0.000000,EXPLORER
76500,0.082284,1.939727,0.561538,0.00023410,0.00041690,0.310760,0.000000,EXPLORER
76600,0.284478,2.056225,0.415268,0.00027882,0.00067143,0.285059,0.000000,EXPLORER
76700,0.080514,3.164649,0.454512,0.00033594,0.00073913,0.256734,0.000000,EXPLORER
76800,0.209808,3.174701,0.318954,0.00037979,0.00119074,0.228576,0.000000,EXPLORER
76900,0.067985,1.663091,0.303014,0.00038774,0.00127960,0.206978,0.000000,EXPLORER
77000,0.252495,3.151144,0.242525,0.00025998,0.00107198,0.175750,0.000000,EXPLORER
77100,0.174716,1.474279,0.249876,0.00028772,0.00115143,0.144589,0.000000,EXPLORER
77200,0.444660,2.398586,0.288505,0.00027475,0.00095233,0.114450,0.000000,EXPLORER
77300,0.387399,1.680510,0.140989,0.00009820,0.00069650,0.098306,0.000000,EXPLORER
77400,0.700000,2.006001,0.030103,0.00010593,0.00351873,0.085804,0.000000,EXPLORER
77500,0.700000,2.639057,0.007883,0.00011155,0.01414851,0.070411,0.000000,EXPLORER
77600,0.700000,3.292834,0.011030,0.00021135,0.01916015,0.053124,0.000000,EXPLORER
77700,0.700000,2.235098,0.037466,0.00010758,0.00287130,0.037530,0.000000,EXPLORER
77800,0.700000,1.945531,0.008602,0.00020174,0.02344822,0.027298,0.000000,EXPLORER
77900,0.700000,3.215898,0.012385,0.00021062,0.01700453,0.012666,0.000000,EXPLORER
78000,0.311672,2.078623,0.023118,0.00004261,0.00184296,0.998077,0.000000,EXPLORER
78100,0.078050,1.919849,0.035174,0.00003434,0.00097639,0.994410,0.000000,EXPLORER
78200,0.297659,1.935257,0.005029,0.00003721,0.00739729,0.990604,0.000000,EXPLORER
78300,0.046573,1.911562,0.125732,0.00003816,0.00030351,0.987406,0.000000,EXPLORER
78400,0.045808,2.031309,0.016710,0.00003743,0.00223969,0.983782,0.000000,EXPLORER
78500,0.046999,2.020909,0.053349,0.00004115,0.00077136,0.980433,0.000000,EXPLORER
78600,0.225951,1.902132,0.054828,0.00003617,0.00065969,0.976925,0.000000,EXPLORER
78700,0.099122,1.875673,0.010180,0.00003624,0.00355980,0.974460,0.000000,EXPLORER
78800,0.305239,2.017029,0.005660,0.00003750,0.00662451,0.972567,0.000000,EXPLORER
78900,0.090414,1.977450,0.184787,0.00003958,0.00021420,0.970042,0.000000,EXPLORER
79000,0.018523,1.900134,0.060468,0.00003723,0.00061568,0.965882,0.000000,EXPLORER
79100,0.047418,2.032552,0.001578,0.00003735,0.02365302,0.962581,0.000000,EXPLORER
79200,0.187039,2.050017,0.101455,0.00003868,0.00038123,0.958833,0.000000,EXPLORER
79300,0.372043,1.991473,0.156076,0.00004246,0.00027204,0.955458,0.000000,EXPLORER
79400,0.056963,1.975907,0.128114,0.00003797,0.00029639,0.951506,0.000000,EXPLORER
79500,0.494654,2.045489,0.009859,0.00003775,0.00382846,0.948114,0.000000,EXPLORER
79600,0.312961,2.069420,0.011165,0.00003762,0.00336936,0.946100,0.000000,EXPLORER
79700,0.593475,2.067528,0.118568,0.00003946,0.00033278,0.942182,0.000000,EXPLORER
79800,0.014324,1.922392,0.135373,0.00003852,0.00028458,0.937931,0.000000,EXPLORER
79900,0.656987,2.019907,0.047758,0.00003872,0.00081074,0.935140,0.000000,EXPLORER
80000,0.367819,2.030806,0.043760,0.00003758,0.00085868,0.931423,0.000000,EXPLORER
80100,0.049556,2.041225,0.074297,0.00003839,0.00051667,0.926453,0.000000,EXPLORER
80200,0.047608,2.061512,0.069183,0.00003850,0.00055652,0.921460,0.000000,EXPLORER
80300,0.231194,2.090458,0.109481,0.00003915,0.00035762,0.918299,0.000000,EXPLORER
80400,0.001339,2.063063,0.002095,0.00003745,0.01786118,0.915687,0.000000,EXPLORER
80500,0.139503,2.089057,0.030978,0.00003560,0.00114924,0.911929,0.000000,EXPLORER
80600,0.350920,1.924968,0.009770,0.00003693,0.00377918,0.908112,0.000000,EXPLORER
80700,0.414956,1.902510,0.011122,0.00003697,0.00332381,0.905876,0.000000,EXPLORER
80800,0.144588,2.025072,0.025883,0.00003759,0.00145231,0.903993,0.000000,EXPLORER
80900,0.307183,2.055804,0.076902,0.00004192,0.00054516,0.899568,0.000000,EXPLORER
81000,0.097392,1.908460,0.010225,0.00003749,0.00366611,0.895457,0.000000,EXPLORER
81100,0.081403,2.031233,0.039065,0.00003757,0.00096166,0.893046,0.000000,EXPLORER
81200,0.202186,2.057820,0.021700,0.00003766,0.00173557,0.891125,0.000000,EXPLORER
81300,0.159025,2.073383,0.009599,0.00003753,0.00390909,0.888613,0.000000,EXPLORER
81400,0.388668,1.969415,0.031535,0.00003663,0.00116158,0.886635,0.000000,EXPLORER
81500,0.659820,1.890364,0.041662,0.00003643,0.00087434,0.882971,0.000000,EXPLORER
81600,0.399659,2.024904,0.143308,0.00003878,0.00027060,0.879861,0.000000,EXPLORER
81700,0.102452,1.947110,0.048548,0.00004046,0.00083341,0.877552,0.000000,EXPLORER
81800,0.160629,1.928662,0.075009,0.00003896,0.00051938,0.875496,0.000000,EXPLORER
81900,0.288102,1.863170,0.018847,0.00003651,0.00193686,0.873361,0.000000,EXPLORER
82000,0.637105,1.851866,0.024114,0.00003631,0.00150563,0.871414,0.000000,EXPLORER
82100,0.115933,1.995993,0.041113,0.00003042,0.00074001,0.868175,0.000000,EXPLORER
82200,0.337731,1.942434,0.071212,0.00003731,0.00052396,0.865828,0.000000,EXPLORER
82300,0.260918,1.905258,0.014706,0.00003678,0.00250079,0.863553,0.000000,EXPLORER
82400,0.278693,2.014999,0.072633,0.00003797,0.00052274,0.861081,0.000000,EXPLORER
82500,0.312857,2.007491,0.018211,0.00003709,0.00203658,0.858060,0.000000,EXPLORER
82600,0.700000,1.908699,0.084765,0.00003993,0.00047108,0.855968,0.000000,EXPLORER
82700,0.197571,1.888162,0.203529,0.00003499,0.00017193,0.854011,0.000000,EXPLORER
82800,0.106646,1.867895,0.037773,0.00003719,0.00098450,0.852195,0.000000,EXPLORER
82900,0.364957,1.977174,0.062024,0.00003825,0.00061676,0.850130,0.000000,EXPLORER
83000,0.180609,1.879231,0.131147,0.00004048,0.00030866,0.848026,0.000000,EXPLORER
83100,0.543503,1.863397,0.132282,0.00003485,0.00026341,0.846132,0.000000,EXPLORER
83200,0.132876,2.043295,0.073106,0.00003829,0.00052381,0.841557,0.000000,EXPLORER
83300,0.177421,2.016120,0.087363,0.00004150,0.00047501,0.837498,0.000000,EXPLORER
83400,0.110603,1.972014,0.002523,0.00003697,0.01464735,0.835395,0.000000,EXPLORER
83500,0.476126,1.920505,0.007054,0.00003712,0.00526213,0.833417,0.000000,EXPLORER
83600,0.145997,1.911410,0.004049,0.00003689,0.00910854,0.831534,0.000000,EXPLORER
83700,0.403788,2.036034,0.043770,0.00003828,0.00087460,0.829325,0.000000,EXPLORER
83800,0.219458,1.939726,0.028865,0.00003686,0.00127684,0.827158,0.000000,EXPLORER
83900,0.251379,1.892818,0.050765,0.00003717,0.00073209,0.825070,0.000000,EXPLORER
84000,0.459002,1.893492,0.110808,0.00003831,0.00034577,0.823242,0.000000,EXPLORER
84100,0.195634,1.962681,0.188521,0.00003939,0.00020897,0.821073,0.000000,EXPLORER
84200,0.395881,1.925570,0.195892,0.00003997,0.00020402,0.819004,0.000000,EXPLORER
84300,0.133630,1.887882,0.036409,0.00003684,0.00101190,0.817130,0.000000,EXPLORER
84400,0.214387,1.858772,0.178695,0.00003843,0.00021508,0.815071,0.000000,EXPLORER
84500,0.212559,1.908411,0.014462,0.00003684,0.00254690,0.812929,0.000000,EXPLORER
84600,0.189971,1.884322,0.151422,0.00003913,0.00025842,0.810844,0.000000,EXPLORER
84700,0.049181,1.868584,0.006809,0.00003623,0.00532022,0.808866,0.000000,EXPLORER
84800,0.466960,1.860317,0.026377,0.00003612,0.00136936,0.807131,0.000000,EXPLORER
84900,0.372995,1.989570,0.157171,0.00004258,0.00027094,0.805000,0.000000,EXPLORER
85000,0.392507,1.892819,0.065386,0.00004093,0.00062593,0.802987,0.000000,EXPLORER
85100,0.298452,1.876688,0.018223,0.00003896,0.00213780,0.801020,0.000000,EXPLORER
85200,0.042550,1.888142,0.044051,0.00003888,0.00088264,0.798880,0.000000,EXPLORER
85300,0.125676,2.036008,0.008289,0.00003726,0.00449475,0.796481,0.000000,EXPLORER
85400,0.101474,1.927926,0.042752,0.00003719,0.00086981,0.794240,0.000000,EXPLORER
85500,0.348138,1.885356,0.065245,0.00003670,0.00056253,0.792183,0.000000,EXPLORER
85600,0.037047,1.886131,0.099281,0.00003766,0.00037935,0.790142,0.000000,EXPLORER
85700,0.118706,2.043177,0.023750,0.00003908,0.00164560,0.787757,0.000000,EXPLORER
85800,0.558946,1.955960,0.028168,0.00003740,0.00132762,0.785702,0.000000,EXPLORER
85900,0.514943,1.907297,0.076932,0.00003577,0.00046489,0.783720,0.000000,EXPLORER
86000,0.510024,1.889942,0.017931,0.00003850,0.00214689,0.781873,0.000000,EXPLORER
86100,0.250219,1.954321,0.023120,0.00004138,0.00178984,0.779663,0.000000,EXPLORER
86200,0.168572,1.932738,0.006550,0.00004053,0.00618598,0.777564,0.000000,EXPLORER
86300,0.402171,1.867931,0.026121,0.00003614,0.00138341,0.775402,0.000000,EXPLORER
86400,0.288685,1.851290,0.007133,0.00003609,0.00505890,0.773470,0.000000,EXPLORER
86500,0.072933,1.896204,0.061043,0.00004180,0.00068474,0.771283,0.000000,EXPLORER
86600,0.363945,1.916894,0.010186,0.00003666,0.00359912,0.769291,0.000000,EXPLORER
86700,0.171951,1.896255,0.015680,0.00003641,0.00232224,0.767350,0.000000,EXPLORER
86800,0.112710,1.892568,0.065746,0.00003751,0.00057056,0.765319,0.000000,EXPLORER
86900,0.360961,2.014361,0.008244,0.00003639,0.00441307,0.763118,0.000000,EXPLORER
87000,0.056744,1.937120,0.049269,0.00003871,0.00078572,0.760852,0.000000,EXPLORER
87100,0.142496,1.880633,0.055195,0.00003695,0.00066946,0.758892,0.000000,EXPLORER
87200,0.140085,1.883721,0.039747,0.00003663,0.00092155,0.757102,0.000000,EXPLORER
87300,0.264022,2.045098,0.093204,0.00003335,0.00035782,0.755008,0.000000,EXPLORER
87400,0.131670,1.946884,0.179518,0.00003916,0.00021814,0.752849,0.000000,EXPLORER
87500,0.125267,1.908208,0.123546,0.00003813,0.00030863,0.750913,0.000000,EXPLORER
87600,0.453281,1.895482,0.011090,0.00003483,0.00314050,0.749080,0.000000,EXPLORER
87700,0.127672,1.977945,0.010078,0.00004033,0.00400088,0.746958,0.000000,EXPLORER
87800,0.038179,1.915558,0.038563,0.00003701,0.00095960,0.744844,0.000000,EXPLORER
87900,0.262909,1.859776,0.064616,0.00003599,0.00055697,0.742858,0.000000,EXPLORER
88000,0.199945,1.863569,0.165973,0.00003845,0.00023164,0.740948,0.000000,EXPLORER
88100,0.166654,1.937640,0.109626,0.00003838,0.00035007,0.738670,0.000000,EXPLORER
88200,0.166700,1.884308,0.025459,0.00003872,0.00152071,0.736613,0.000000,EXPLORER
88300,0.177081,1.867797,0.028353,0.00003440,0.00121307,0.734701,0.000000,EXPLORER
88400,0.093208,1.872951,0.105747,0.00003963,0.00037473,0.732886,0.000000,EXPLORER
88500,0.314883,2.026200,0.035216,0.00003809,0.00108172,0.730690,0.000000,EXPLORER
88600,0.173869,1.949812,0.113954,0.00004244,0.00037239,0.728559,0.000000,EXPLORER
88700,0.015951,1.896393,0.021838,0.00003659,0.00167546,0.726589,0.000000,EXPLORER
88800,0.118528,1.876657,0.177360,0.00003716,0.00020953,0.724732,0.000000,EXPLORER
88900,0.236642,2.030075,0.081266,0.00004081,0.00050218,0.722109,0.000000,EXPLORER
89000,0.191409,1.941221,0.108439,0.00003809,0.00035127,0.720146,0.000000,EXPLORER
89100,0.065506,1.903760,0.124979,0.00003828,0.00030628,0.718037,0.000000,EXPLORER
89200,0.368345,1.889570,0.138513,0.00003832,0.00027663,0.716243,0.000000,EXPLORER
89300,0.105559,1.932770,0.103823,0.00003812,0.00036714,0.714004,0.000000,EXPLORER
89400,0.462143,1.902938,0.098469,0.00003732,0.00037904,0.711491,0.000000,EXPLORER
89500,0.568398,1.891362,0.077110,0.00003917,0.00050797,0.709535,0.000000,EXPLORER
89600,0.101678,1.888857,0.021889,0.00003657,0.00167059,0.707751,0.000000,EXPLORER
89700,0.223344,1.931015,0.048882,0.00003729,0.00076278,0.705734,0.000000,EXPLORER
89800,0.433318,1.891074,0.044657,0.00004109,0.00092001,0.703709,0.000000,EXPLORER
89900,0.106984,1.862773,0.098240,0.00003744,0.00038115,0.701712,0.000000,EXPLORER
90000,0.267080,1.855075,0.069122,0.00003674,0.00053159,0.699884,0.000000,EXPLORER
90100,0.288555,1.947274,0.074404,0.00003746,0.00050349,0.697241,0.000000,EXPLORER
90200,0.125202,1.895485,0.016465,0.00003667,0.00222716,0.695293,0.000000,EXPLORER
90300,0.384972,1.870375,0.012532,0.00003585,0.00286075,0.693455,0.000000,EXPLORER
90400,0.298792,1.858006,0.113475,0.00003842,0.00033855,0.691502,0.000000,EXPLORER
90500,0.074328,1.955156,0.124040,0.00003443,0.00027754,0.689442,0.000000,EXPLORER
90600,0.189049,1.878320,0.113707,0.00003769,0.00033144,0.687515,0.000000,EXPLORER
90700,0.247240,1.857668,0.135000,0.00004123,0.00030538,0.685493,0.000000,EXPLORER
90800,0.637467,1.848787,0.089554,0.00003599,0.00040190,0.683645,0.000000,EXPLORER
90900,0.293521,1.976460,0.044311,0.00004176,0.00094241,0.680900,0.000000,EXPLORER
91000,0.214211,1.901359,0.100623,0.00003763,0.00037394,0.678528,0.000000,EXPLORER
91100,0.053435,1.876949,0.078903,0.00003741,0.00047410,0.676519,0.000000,EXPLORER
91200,0.088457,1.919543,0.035792,0.00003713,0.00103738,0.674687,0.000000,EXPLORER
91300,0.171549,1.990289,0.082445,0.00003823,0.00046370,0.672412,0.000000,EXPLORER
91400,0.361272,1.908219,0.026611,0.00003149,0.00118314,0.670282,0.000000,EXPLORER
91500,0.355421,1.840104,0.049863,0.00003713,0.00074455,0.668090,0.000000,EXPLORER
91600,0.360627,1.842619,0.006685,0.00003526,0.00527404,0.666181,0.000000,EXPLORER
91700,0.155537,1.901496,0.051588,0.00004150,0.00080439,0.663995,0.000000,EXPLORER
91800,0.417776,1.899400,0.006445,0.00002799,0.00434197,0.661027,0.000000,EXPLORER
91900,0.153430,1.889441,0.035577,0.00003658,0.00102824,0.657675,0.000000,EXPLORER
92000,0.700000,2.056761,0.131716,0.00003939,0.00029906,0.654652,0.000000,EXPLORER
92100,0.540093,2.001794,0.189791,0.00004221,0.00022241,0.652529,0.000000,EXPLORER
92200,0.052748,1.934975,0.028774,0.00003706,0.00128776,0.649843,0.000000,EXPLORER
92300,0.611477,1.908663,0.055585,0.00003611,0.00064954,0.647024,0.000000,EXPLORER
92400,0.169685,1.952400,0.007108,0.00003675,0.00516989,0.645153,0.000000,EXPLORER
92500,0.537300,1.905881,0.147284,0.00003888,0.00026395,0.642970,0.000000,EXPLORER
92600,0.311831,1.931534,0.041235,0.00003872,0.00093894,0.640897,0.000000,EXPLORER
92700,0.654057,1.904737,0.066857,0.00003731,0.00055809,0.638919,0.000000,EXPLORER
92800,0.069251,1.889912,0.171069,0.00003885,0.00022709,0.636574,0.000000,EXPLORER
92900,0.077334,1.948971,0.016242,0.00003694,0.00227443,0.632541,0.000000,EXPLORER
93000,0.353118,1.866291,0.025734,0.00003458,0.00134378,0.630527,0.000000,EXPLORER
93100,0.356414,1.855690,0.032699,0.00003694,0.00112970,0.627986,0.000000,EXPLORER
93200,0.274592,1.955521,0.129460,0.00003832,0.00029600,0.626208,0.000000,EXPLORER
93300,0.456701,2.022468,0.053864,0.00003853,0.00071525,0.623968,0.000000,EXPLORER
93400,0.174909,1.920367,0.071634,0.00003927,0.00054822,0.621806,0.000000,EXPLORER
93500,0.069056,1.890701,0.166614,0.00003807,0.00022852,0.619773,0.000000,EXPLORER
93600,0.147766,1.908051,0.102277,0.00003777,0.00036927,0.616969,0.000000,EXPLORER
93700,0.195253,2.001271,0.048498,0.00003570,0.00073601,0.614720,0.000000,EXPLORER
93800,0.200143,1.876715,0.024817,0.00003679,0.00148232,0.612790,0.000000,EXPLORER
93900,0.264083,1.838596,0.160208,0.00003805,0.00023747,0.610833,0.000000,EXPLORER
94000,0.124089,1.834599,0.002855,0.00003592,0.01257983,0.609053,0.000000,EXPLORER
94100,0.309379,1.898822,0.242476,0.00004523,0.00018654,0.606917,0.000000,EXPLORER
94200,0.069396,1.936715,0.127686,0.00003378,0.00026457,0.604841,0.000000,EXPLORER
94300,0.073861,1.871672,0.005570,0.00003992,0.00716598,0.602507,0.000000,EXPLORER
94400,0.217978,1.854111,0.107128,0.00003466,0.00032356,0.600796,0.000000,EXPLORER
94500,0.235519,1.916465,0.078389,0.00003738,0.00047679,0.598654,0.000000,EXPLORER
94600,0.138246,1.927931,0.065637,0.00003749,0.00057110,0.596610,0.000000,EXPLORER
94700,0.378288,1.868496,0.015601,0.00003932,0.00252002,0.594607,0.000000,EXPLORER
94800,0.446097,1.850815,0.088654,0.00003700,0.00041738,0.592741,0.000000,EXPLORER
94900,0.293088,1.982321,0.026279,0.00003788,0.00144147,0.590712,0.000000,EXPLORER
95000,0.248802,1.868458,0.066989,0.00003720,0.00055524,0.588147,0.000000,EXPLORER
95100,0.136669,1.855647,0.153919,0.00003831,0.00024890,0.585831,0.000000,EXPLORER
95200,0.083455,1.856158,0.135827,0.00003822,0.00028141,0.583936,0.000000,EXPLORER
95300,0.413050,1.992983,0.116503,0.00003818,0.00032768,0.581571,0.000000,EXPLORER
95400,0.494531,1.893885,0.043799,0.00004031,0.00092039,0.579484,0.000000,EXPLORER
95500,0.465518,1.857753,0.036463,0.00003626,0.00099452,0.577499,0.000000,EXPLORER
95600,0.159381,1.853611,0.015114,0.00003607,0.00238664,0.575699,0.000000,EXPLORER
95700,0.700000,1.993301,0.069011,0.00003426,0.00049643,0.572473,0.000000,EXPLORER
95800,0.064637,1.905555,0.035794,0.00003691,0.00103119,0.570405,0.000000,EXPLORER
95900,0.383374,1.876426,0.042942,0.00003643,0.00084831,0.568007,0.000000,EXPLORER
96000,0.414457,2.059695,0.049503,0.00003876,0.00078293,0.564090,0.000000,EXPLORER
96100,0.350042,2.064766,0.129954,0.00003930,0.00030241,0.561196,0.000000,EXPLORER
96200,0.441058,1.966975,0.118119,0.00003889,0.00032923,0.559137,0.000000,EXPLORER
96300,0.619892,1.911002,0.076883,0.00003793,0.00049333,0.557186,0.000000,EXPLORER
96400,0.327003,1.881452,0.028734,0.00003688,0.00128333,0.554918,0.000000,EXPLORER
96500,0.126262,2.054582,0.056135,0.00003812,0.00067910,0.552336,0.000000,EXPLORER
96600,0.113546,1.928263,0.072447,0.00003489,0.00048155,0.549677,0.000000,EXPLORER
96700,0.297177,1.848909,0.037451,0.00003484,0.00093022,0.547004,0.000000,EXPLORER
96800,0.039927,2.151032,0.029758,0.00003876,0.00130250,0.544773,0.000000,EXPLORER
96900,0.108362,1.966519,0.082227,0.00003795,0.00046157,0.542638,0.000000,EXPLORER
97000,0.208741,1.864993,0.147147,0.00003810,0.00025895,0.540476,0.000000,EXPLORER
97100,0.027847,1.842685,0.043985,0.00003616,0.00082214,0.538512,0.000000,EXPLORER
97200,0.700000,1.837242,0.052468,0.00003671,0.00069971,0.536648,0.000000,EXPLORER
97300,0.338860,1.979321,0.053059,0.00003728,0.00070253,0.534423,0.000000,EXPLORER
97400,0.146942,1.886918,0.058232,0.00003901,0.00066990,0.532281,0.000000,EXPLORER
97500,0.463561,1.853273,0.012969,0.00003574,0.00275601,0.530201,0.000000,EXPLORER
97600,0.164566,1.858564,0.058942,0.00003688,0.00062561,0.528431,0.000000,EXPLORER
97700,0.092714,1.979666,0.078318,0.00003793,0.00048429,0.526174,0.000000,EXPLORER
97800,0.700000,1.950294,0.044355,0.00003738,0.00084273,0.523947,0.000000,EXPLORER
97900,0.092164,1.895438,0.071470,0.00003106,0.00043463,0.522105,0.000000,EXPLORER
98000,0.164465,1.944229,0.009931,0.00003758,0.00378382,0.519101,0.000000,EXPLORER
98100,0.143181,1.967890,0.033490,0.00004055,0.00121091,0.514278,0.000000,EXPLORER
98200,0.365891,1.882060,0.181670,0.00003858,0.00021235,0.510476,0.000000,EXPLORER
98300,0.346261,2.399614,0.073784,0.00004091,0.00055449,0.506466,0.000000,EXPLORER
98400,0.442014,2.948683,0.015380,0.00004394,0.00285671,0.502080,0.000000,EXPLORER
98500,0.326344,1.943690,0.089446,0.00004014,0.00044879,0.498592,0.000000,EXPLORER
98600,0.094809,1.873079,0.134954,0.00003807,0.00028210,0.496608,0.000000,EXPLORER
98700,0.381010,1.851907,0.201718,0.00003880,0.00019234,0.494671,0.000000,EXPLORER
98800,0.280595,1.854230,0.158195,0.00003808,0.00024073,0.492904,0.000000,EXPLORER
98900,0.095014,1.939857,0.059966,0.00003743,0.00062417,0.490828,0.000000,EXPLORER
99000,0.109609,1.896481,0.095077,0.00003784,0.00039797,0.488777,0.000000,EXPLORER
99100,0.386178,1.861602,0.130791,0.00003602,0.00027541,0.486833,0.000000,EXPLORER
99200,0.225459,1.852341,0.079580,0.00003684,0.00046290,0.484963,0.000000,EXPLORER
99300,0.144224,2.016200,0.116826,0.00003877,0.00033183,0.482878,0.000000,EXPLORER
99400,0.541780,1.918132,0.067414,0.00003680,0.00054591,0.480864,0.000000,EXPLORER
99500,0.124806,1.889038,0.184708,0.00003925,0.00021249,0.478914,0.000000,EXPLORER
99600,0.255436,1.884983,0.105617,0.00003864,0.00036582,0.477042,0.000000,EXPLORER
99700,0.179316,1.947804,0.202598,0.00003981,0.00019648,0.474993,0.000000,EXPLORER
99800,0.163838,1.929692,0.073294,0.00003755,0.00051238,0.472814,0.000000,EXPLORER
99900,0.435355,1.892945,0.011286,0.00003693,0.00327202,0.470956,0.000000,EXPLORER
100000,0.392278,1.885401,0.011858,0.00003010,0.00253842,0.469109,0.000000,EXPLORER
100100,0.390758,2.022681,0.053108,0.00003538,0.00066611,0.465456,0.000000,EXPLORER
100200,0.184035,1.855019,0.068801,0.00003685,0.00053556,0.461964,0.000000,EXPLORER
100300,0.401953,1.835202,0.009568,0.00003824,0.00399589,0.460188,0.000000,EXPLORER
100400,0.244836,2.389833,0.085171,0.00004117,0.00048336,0.458169,0.000000,EXPLORER
100500,0.061039,1.964618,0.045300,0.00004061,0.00089655,0.455418,0.000000,EXPLORER
100600,0.130190,1.865016,0.004183,0.00003476,0.00830813,0.453358,0.000000,EXPLORER
100700,0.302756,1.844485,0.006492,0.00003659,0.00563469,0.451541,0.000000,EXPLORER
100800,0.202705,1.840320,0.020351,0.00003623,0.00178022,0.449759,0.000000,EXPLORER
100900,0.148747,2.003198,0.084882,0.00003834,0.00045165,0.447529,0.000000,EXPLORER
101000,0.025907,1.902600,0.022683,0.00003954,0.00174306,0.445476,0.000000,EXPLORER
101100,0.032668,1.864600,0.024602,0.00003642,0.00148025,0.443568,0.000000,EXPLORER
101200,0.360104,1.925265,0.065858,0.00003710,0.00056337,0.440538,0.000000,EXPLORER
101300,0.220304,1.948770,0.015623,0.00003336,0.00213527,0.437574,0.000000,EXPLORER
101400,0.188934,1.901659,0.010354,0.00003640,0.00351509,0.435428,0.000000,EXPLORER
101500,0.392427,1.839769,0.145022,0.00003772,0.00026010,0.433554,0.000000,EXPLORER
101600,0.038460,1.826924,0.083430,0.00003702,0.00044375,0.431676,0.000000,EXPLORER
101700,0.014110,1.958951,0.043516,0.00003740,0.00085948,0.429610,0.000000,EXPLORER
101800,0.657940,1.868299,0.129286,0.00002718,0.00021023,0.427593,0.000000,EXPLORER
101900,0.180712,1.872078,0.015696,0.00003614,0.00230223,0.423897,0.000000,EXPLORER
102000,0.045210,2.357995,0.160441,0.00004236,0.00026405,0.421586,0.000000,EXPLORER
102100,0.336710,1.938266,0.072897,0.00003738,0.00051275,0.419153,0.000000,EXPLORER
102200,0.324627,1.922400,0.005515,0.00003688,0.00668724,0.416622,0.000000,EXPLORER
102300,0.278634,1.872715,0.144336,0.00003840,0.00026604,0.414704,0.000000,EXPLORER
102400,0.311986,2.013369,0.148416,0.00003906,0.00026321,0.412110,0.000000,EXPLORER
102500,0.185920,1.992409,0.116897,0.00003853,0.00032961,0.409537,0.000000,EXPLORER
102600,0.077822,1.892632,0.040875,0.00003869,0.00094645,0.406491,0.000000,EXPLORER
102700,0.232877,1.863127,0.002942,0.00003625,0.01231950,0.403875,0.000000,EXPLORER
102800,0.024107,2.017823,0.061263,0.00003812,0.00062217,0.401521,0.000000,EXPLORER
102900,0.150286,2.021697,0.002607,0.00004118,0.01578838,0.399225,0.000000,EXPLORER
103000,0.216166,1.944646,0.118708,0.00003855,0.00032474,0.396886,0.000000,EXPLORER
103100,0.230111,1.870302,0.084193,0.00003737,0.00044382,0.394997,0.000000,EXPLORER
103200,0.669719,1.855762,0.001277,0.00003636,0.02843730,0.393151,0.000000,EXPLORER
103300,0.142240,1.992161,0.109410,0.00003845,0.00035144,0.389951,0.000000,EXPLORER
103400,0.162332,1.929111,0.040375,0.00004009,0.00099298,0.387786,0.000000,EXPLORER
103500,0.281010,1.888524,0.037694,0.00003903,0.00103542,0.385869,0.000000,EXPLORER
103600,0.213516,1.855704,0.030983,0.00003627,0.00117073,0.384051,0.000000,EXPLORER
103700,0.540306,1.995159,0.046158,0.00003132,0.00067843,0.381907,0.000000,EXPLORER
103800,0.445368,1.900550,0.041939,0.00004062,0.00096850,0.379976,0.000000,EXPLORER
103900,0.346569,1.859926,0.098123,0.00003714,0.00037846,0.377980,0.000000,EXPLORER
104000,0.335566,1.832058,0.017296,0.00003724,0.00215331,0.376070,0.000000,EXPLORER
104100,0.208058,1.890033,0.063280,0.00003538,0.00055917,0.373911,0.000000,EXPLORER
104200,0.162759,1.842604,0.060668,0.00003716,0.00061253,0.371920,0.000000,EXPLORER
104300,0.077494,1.817231,0.022253,0.00003663,0.00164579,0.369920,0.000000,EXPLORER
104400,0.399561,1.820810,0.116209,0.00003701,0.00031847,0.368096,0.000000,EXPLORER
104500,0.142708,1.894474,0.049142,0.00003310,0.00067352,0.365790,0.000000,EXPLORER
104600,0.191730,1.871977,0.016584,0.00003643,0.00219639,0.363480,0.000000,EXPLORER
104700,0.355942,1.853840,0.039244,0.00003615,0.00092115,0.361537,0.000000,EXPLORER
104800,0.319785,1.838072,0.075198,0.00003461,0.00046028,0.359731,0.000000,EXPLORER
104900,0.120208,1.923080,0.098231,0.00003799,0.00038676,0.357553,0.000000,EXPLORER
105000,0.363510,1.874140,0.038791,0.00004042,0.00104184,0.355546,0.000000,EXPLORER
105100,0.272657,1.838532,0.132660,0.00003944,0.00029727,0.353104,0.000000,EXPLORER
105200,0.072947,1.827094,0.006061,0.00003596,0.00593230,0.351349,0.000000,EXPLORER
105300,0.119820,1.900240,0.028123,0.00014574,0.00518220,0.342576,0.000000,EXPLORER
105400,0.673723,1.860771,0.147636,0.00012084,0.00081851,0.330885,0.000000,EXPLORER
105500,0.671634,2.917903,0.111806,0.00016336,0.00146106,0.315320,0.000000,EXPLORER
105600,0.262076,2.903209,0.026520,0.00020877,0.00787175,0.302760,0.000000,EXPLORER
105700,0.602566,2.148824,0.341514,0.00037220,0.00108986,0.284423,0.000000,EXPLORER
105800,0.145000,1.965153,0.006523,0.00005417,0.00830333,0.273351,0.000000,EXPLORER
105900,0.023755,1.742232,0.009576,0.00004052,0.00423133,0.271099,0.000000,EXPLORER
106000,0.161175,2.821836,0.037931,0.00004314,0.00113735,0.267636,0.000000,EXPLORER
106100,0.271388,1.927269,0.436368,0.00037289,0.00085454,0.260298,0.000000,EXPLORER
106200,0.063515,1.866747,0.373956,0.00037179,0.00099421,0.235383,0.000000,EXPLORER
106300,0.287791,2.824372,0.343718,0.00039826,0.00115868,0.215424,0.000000,EXPLORER
106400,0.565983,3.230612,0.221355,0.00029736,0.00134338,0.196360,0.000000,EXPLORER
106500,0.134109,1.979838,0.229921,0.00025040,0.00108904,0.181843,0.000000,EXPLORER
106600,0.241469,1.821600,0.300752,0.00027011,0.00089810,0.167741,0.000000,EXPLORER
106700,0.632170,2.576597,0.273888,0.00029499,0.00107704,0.152617,0.000000,EXPLORER
106800,0.700000,3.138622,0.194692,0.00025877,0.00132913,0.137511,0.000000,EXPLORER
106900,0.549518,1.994658,0.043619,0.00024842,0.00569510,0.122338,0.000000,EXPLORER
107000,0.454578,1.847499,0.180383,0.00024816,0.00137571,0.108647,0.000000,EXPLORER
107100,0.415248,1.643958,0.082812,0.00027964,0.00337676,0.093868,0.000000,EXPLORER
107200,0.366022,2.383591,0.256321,0.00025385,0.00099037,0.072987,0.000000,EXPLORER
107300,0.188431,3.081264,0.321761,0.00029964,0.00093124,0.057761,0.000000,EXPLORER
107400,0.041104,1.531790,0.285935,0.00026839,0.00093862,0.041886,0.000000,EXPLORER
107500,0.168733,2.878396,0.209665,0.00027617,0.00131718,0.027499,0.000000,EXPLORER
107600,0.417957,1.133896,0.127495,0.00024331,0.00190840,0.007042,0.000000,EXPLORER
107700,0.392258,1.905812,0.097380,0.00003153,0.00032380,0.994305,0.000000,EXPLORER
107800,0.087663,1.977190,0.143438,0.00005653,0.00039409,0.992024,0.000000,EXPLORER
107900,0.374158,1.942674,0.002100,0.00004941,0.02352006,0.989782,0.000000,EXPLORER
108000,0.267851,1.933243,0.014825,0.00003681,0.00248285,0.987641,0.000000,EXPLORER
108100,0.315762,2.033920,0.055740,0.00004421,0.00079308,0.985267,0.000000,EXPLORER
108200,0.274122,1.904612,0.038415,0.00003663,0.00095341,0.982939,0.000000,EXPLORER
108300,0.579384,1.869315,0.160171,0.00004272,0.00026673,0.980693,0.000000,EXPLORER
108400,0.053183,1.960817,0.043202,0.00003735,0.00086448,0.978134,0.000000,EXPLORER
108500,0.558338,2.019347,0.010843,0.00003762,0.00346929,0.975558,0.000000,EXPLORER
108600,0.138982,1.949771,0.026833,0.00004197,0.00156395,0.972317,0.000000,EXPLORER
108700,0.241078,1.918189,0.030541,0.00003689,0.00120793,0.969559,0.000000,EXPLORER
108800,0.317115,2.058079,0.118038,0.00003884,0.00032904,0.967224,0.000000,EXPLORER
108900,0.402721,2.035232,0.216372,0.00004006,0.00018512,0.964988,0.000000,EXPLORER
109000,0.464976,1.925582,0.002046,0.00003699,0.01806921,0.962287,0.000000,EXPLORER
109100,0.078796,1.885439,0.008274,0.00003642,0.00440120,0.960389,0.000000,EXPLORER
109200,0.069300,1.874449,0.031167,0.00003795,0.00121748,0.958650,0.000000,EXPLORER
109300,0.185631,1.929457,0.121606,0.00003815,0.00031370,0.956345,0.000000,EXPLORER
109400,0.244159,1.979323,0.070553,0.00003813,0.00054041,0.953905,0.000000,EXPLORER
109500,0.136431,1.910656,0.058511,0.00003715,0.00063486,0.951457,0.000000,EXPLORER
109600,0.109976,2.014313,0.095962,0.00003877,0.00040399,0.949102,0.000000,EXPLORER
109700,0.274863,2.043625,0.070153,0.00003808,0.00054277,0.946816,0.000000,EXPLORER
109800,0.078004,1.970161,0.017567,0.00003614,0.00205733,0.944602,0.000000,EXPLORER
109900,0.191890,1.929449,0.022314,0.00003669,0.00164402,0.942737,0.000000,EXPLORER
110000,0.356731,1.916817,0.022041,0.00003823,0.00173418,0.940952,0.000000,EXPLORER
110100,0.411340,1.961869,0.124538,0.00003372,0.00027075,0.938890,0.000000,EXPLORER
110200,0.228733,1.954778,0.023674,0.00004031,0.00170260,0.936763,0.000000,EXPLORER
110300,0.063528,1.882887,0.014833,0.00003640,0.00245410,0.934863,0.000000,EXPLORER
110400,0.228353,1.872386,0.031136,0.00003634,0.00116698,0.933122,0.000000,EXPLORER
110500,0.170251,2.007350,0.074495,0.00003821,0.00051287,0.930626,0.000000,EXPLORER
110600,0.259474,1.936001,0.028282,0.00003668,0.00129694,0.928584,0.000000,EXPLORER
110700,0.076066,1.894033,0.159834,0.00003973,0.00024858,0.926385,0.000000,EXPLORER
110800,0.047835,1.863542,0.002287,0.00003606,0.01575871,0.924387,0.000000,EXPLORER
110900,0.144807,1.988990,0.089447,0.00004299,0.00048057,0.921838,0.000000,EXPLORER
111000,0.014360,1.900266,0.052387,0.00003710,0.00070816,0.919384,0.000000,EXPLORER
111100,0.284208,1.876990,0.014861,0.00003819,0.00256940,0.917486,0.000000,EXPLORER
111200,0.272888,1.902207,0.010878,0.00003558,0.00327012,0.915684,0.000000,EXPLORER
111300,0.214923,2.045300,0.019173,0.00003737,0.00194910,0.913628,0.000000,EXPLORER
111400,0.140187,1.933779,0.050895,0.00003805,0.00074762,0.910123,0.000000,EXPLORER
111500,0.097913,1.915624,0.002042,0.00003642,0.01782174,0.907563,0.000000,EXPLORER
111600,0.181093,2.065258,0.132010,0.00003924,0.00029728,0.904643,0.000000,EXPLORER
111700,0.171850,1.989779,0.077314,0.00004138,0.00053522,0.902599,0.000000,EXPLORER
111800,0.059465,1.999703,0.033385,0.00003695,0.00110674,0.900619,0.000000,EXPLORER
111900,0.155402,1.941192,0.002009,0.00003616,0.01798322,0.898590,0.000000,EXPLORER
112000,0.038826,1.985572,0.057124,0.00003782,0.00066211,0.895428,0.000000,EXPLORER
112100,0.305783,2.040512,0.061870,0.00004065,0.00065697,0.892094,0.000000,EXPLORER
112200,0.100934,1.947149,0.050557,0.00003729,0.00073751,0.890056,0.000000,EXPLORER
112300,0.235975,1.924611,0.097205,0.00003762,0.00038700,0.887912,0.000000,EXPLORER
112400,0.353297,1.954039,0.069446,0.00003817,0.00054968,0.885619,0.000000,EXPLORER
112500,0.401540,2.050785,0.107039,0.00003858,0.00036047,0.883629,0.000000,EXPLORER
112600,0.157744,1.935945,0.077401,0.00003774,0.00048752,0.881412,0.000000,EXPLORER
112700,0.245451,1.890047,0.053153,0.00003523,0.00066280,0.879537,0.000000,EXPLORER
112800,0.052894,1.866280,0.212369,0.00003927,0.00018494,0.877047,0.000000,EXPLORER
112900,0.316852,1.989734,0.054531,0.00003813,0.00069931,0.874811,0.000000,EXPLORER
113000,0.456456,1.889396,0.088973,0.00003813,0.00042860,0.872385,0.000000,EXPLORER
113100,0.075966,1.856270,0.050485,0.00003671,0.00072720,0.870176,0.000000,EXPLORER
113200,0.035056,1.926754,0.025293,0.00003755,0.00148455,0.867857,0.000000,EXPLORER
113300,0.053988,1.943851,0.037496,0.00004035,0.00107608,0.864604,0.000000,EXPLORER
113400,0.391329,1.938526,0.010608,0.00003629,0.00342120,0.862365,0.000000,EXPLORER
113500,0.188396,1.880544,0.134389,0.00003793,0.00028222,0.859381,0.000000,EXPLORER
113600,0.251088,2.010435,0.016113,0.00003754,0.00232963,0.856441,0.000000,EXPLORER
113700,0.237225,1.990083,0.051498,0.00004046,0.00078564,0.853449,0.000000,EXPLORER
113800,0.193703,1.916573,0.123657,0.00003781,0.00030576,0.851373,0.000000,EXPLORER
113900,0.194118,1.881547,0.037385,0.00003655,0.00097750,0.849293,0.000000,EXPLORER
114000,0.255090,1.868004,0.035615,0.00003635,0.00102049,0.847521,0.000000,EXPLORER
114100,0.230809,2.000777,0.141726,0.00003896,0.00027491,0.845439,0.000000,EXPLORER
114200,0.238015,1.901406,0.059523,0.00004113,0.00069105,0.842886,0.000000,EXPLORER
114300,0.077699,1.881802,0.070872,0.00003729,0.00052622,0.840223,0.000000,EXPLORER
114400,0.318286,1.988957,0.004919,0.00003749,0.00761903,0.837358,0.000000,EXPLORER
114500,0.134325,1.924708,0.014174,0.00003983,0.00280971,0.835336,0.000000,EXPLORER
114600,0.377470,1.875966,0.053535,0.00003744,0.00069936,0.833434,0.000000,EXPLORER
114700,0.031779,1.862631,0.005515,0.00003509,0.00636050,0.831508,0.000000,EXPLORER
114800,0.039139,1.862158,0.072087,0.00003883,0.00053859,0.829746,0.000000,EXPLORER
114900,0.700000,1.911934,0.007809,0.00003715,0.00475640,0.826360,0.000000,EXPLORER
115000,0.113600,1.861708,0.021959,0.00003994,0.00181894,0.824093,0.000000,EXPLORER
115100,0.025785,1.871997,0.008835,0.00003626,0.00410403,0.821150,0.000000,EXPLORER
115200,0.154009,2.053201,0.003291,0.00003757,0.01141152,0.818549,0.000000,EXPLORER
115300,0.338738,2.054557,0.019617,0.00004069,0.00207407,0.816268,0.000000,EXPLORER
115400,0.433408,1.924272,0.171056,0.00003791,0.00022165,0.814294,0.000000,EXPLORER
115500,0.084862,1.893239,0.020627,0.00003713,0.00180003,0.810034,0.000000,EXPLORER
115600,0.353900,2.051256,0.019468,0.00003806,0.00195465,0.806046,0.000000,EXPLORER
115700,0.105410,1.957451,0.024409,0.00003481,0.00142619,0.802128,0.000000,EXPLORER
115800,0.124544,1.906211,0.062701,0.00003720,0.00059321,0.799333,0.000000,EXPLORER
115900,0.211313,1.885570,0.050307,0.00003674,0.00073031,0.796527,0.000000,EXPLORER
116000,0.224322,2.043086,0.127597,0.00003900,0.00030565,0.792398,0.000000,EXPLORER
116100,0.351932,2.043619,0.136126,0.00003899,0.00028644,0.789096,0.000000,EXPLORER
116200,0.248368,1.969669,0.120392,0.00003849,0.00031972,0.786754,0.000000,EXPLORER
116300,0.111765,1.908425,0.038260,0.00003682,0.00096231,0.784544,0.000000,EXPLORER
116400,0.536811,1.897060,0.106656,0.00003605,0.00033796,0.782596,0.000000,EXPLORER
116500,0.047642,2.059366,0.119675,0.00004391,0.00036688,0.780043,0.000000,EXPLORER
116600,0.350337,1.936426,0.050216,0.00003771,0.00075092,0.776738,0.000000,EXPLORER
116700,0.044488,1.921986,0.061557,0.00003917,0.00063631,0.774456,0.000000,EXPLORER
116800,0.371095,2.085952,0.127291,0.00003922,0.00030812,0.770811,0.000000,EXPLORER
116900,0.557815,1.980715,0.032618,0.00003719,0.00114002,0.767581,0.000000,EXPLORER
117000,0.091454,1.896595,0.036213,0.00003673,0.00101418,0.762579,0.000000,EXPLORER
117100,0.053592,2.056806,0.196469,0.00004040,0.00020563,0.758706,0.000000,EXPLORER
117200,0.700000,2.614135,0.012594,0.00004204,0.00333806,0.754524,0.000000,EXPLORER
117300,0.283605,2.002035,0.096491,0.00003659,0.00037917,0.749205,0.000000,EXPLORER
117400,0.089053,1.881086,0.052571,0.00003714,0.00070642,0.744634,0.000000,EXPLORER
117500,0.218292,2.050425,0.094149,0.00003881,0.00041226,0.739952,0.000000,EXPLORER
117600,0.700000,2.858549,0.012210,0.00003768,0.00308611,0.734924,0.000000,EXPLORER
117700,0.300465,2.019236,0.057157,0.00003769,0.00065940,0.729109,0.000000,EXPLORER
117800,0.328678,1.887911,0.035859,0.00003644,0.00101624,0.725447,0.000000,EXPLORER
117900,0.043401,2.021711,0.130748,0.00003914,0.00029936,0.720555,0.000000,EXPLORER
118000,0.365778,2.849456,0.219451,0.00004618,0.00021043,0.714971,0.000000,EXPLORER
118100,0.270565,2.032110,0.033021,0.00003853,0.00116685,0.709656,0.000000,EXPLORER
118200,0.158542,1.918089,0.152334,0.00003893,0.00025556,0.706233,0.000000,EXPLORER
118300,0.096480,2.046306,0.034536,0.00003779,0.00109433,0.702103,0.000000,EXPLORER
118400,0.042585,2.759389,0.125060,0.00004429,0.00035412,0.696995,0.000000,EXPLORER
118500,0.448630,2.017834,0.135274,0.00003684,0.00027237,0.692458,0.000000,EXPLORER
118600,0.401527,1.906667,0.149175,0.00003112,0.00020861,0.689511,0.000000,EXPLORER
118700,0.387779,1.877021,0.018763,0.00003558,0.00189597,0.686618,0.000000,EXPLORER
118800,0.700000,2.052863,0.081230,0.00003948,0.00048607,0.682249,0.000000,EXPLORER
118900,0.247772,1.964007,0.012742,0.00003680,0.00288784,0.677524,0.000000,EXPLORER
119000,0.355171,1.890459,0.057918,0.00003754,0.00064810,0.672834,0.000000,EXPLORER
119100,0.141034,2.307486,0.037145,0.00003940,0.00106064,0.669201,0.000000,EXPLORER
119200,0.476029,2.731166,0.004793,0.00004267,0.00890167,0.663713,0.000000,EXPLORER
119300,0.156782,2.082417,0.103520,0.00003721,0.00035941,0.659476,0.000000,EXPLORER
119400,0.286306,1.953368,0.031128,0.00003642,0.00117012,0.654621,0.000000,EXPLORER
119500,0.257612,2.078257,0.151170,0.00003979,0.00026323,0.650361,0.000000,EXPLORER
119600,0.700000,2.874378,0.041609,0.00004463,0.00107257,0.645235,0.000000,EXPLORER
119700,0.074484,2.059898,0.008680,0.00003765,0.00433677,0.639846,0.000000,EXPLORER
119800,0.055122,1.945410,0.135037,0.00003862,0.00028596,0.635201,0.000000,EXPLORER
119900,0.478538,2.083630,0.056838,0.00003842,0.00067590,0.630989,0.000000,EXPLORER
120000,0.384241,2.815490,0.003244,0.00004341,0.01337894,0.625861,0.000000,EXPLORER
120100,0.397592,2.028870,0.021543,0.00003728,0.00173044,0.620862,0.000000,EXPLORER
120200,0.336279,1.934252,0.039735,0.00002825,0.00071100,0.616680,0.000000,EXPLORER
120300,0.301823,2.468233,0.031283,0.00004071,0.00130132,0.611615,0.000000,EXPLORER
120400,0.364556,2.901566,0.074874,0.00004404,0.00058820,0.606377,0.000000,EXPLORER
120500,0.107088,1.979703,0.093323,0.00003821,0.00040940,0.601909,0.000000,EXPLORER
120600,0.378277,1.923867,0.044130,0.00003753,0.00085051,0.597769,0.000000,EXPLORER
120700,0.284226,1.948227,0.023416,0.00003671,0.00156773,0.595256,0.000000,EXPLORER
120800,0.330557,2.226180,0.041954,0.00003891,0.00092733,0.592010,0.000000,EXPLORER
120900,0.559012,1.945240,0.035772,0.00003489,0.00097522,0.586789,0.000000,EXPLORER
121000,0.188582,1.898580,0.065582,0.00003707,0.00056517,0.582417,0.000000,EXPLORER
121100,0.100807,2.858292,0.044884,0.00004356,0.00097046,0.576999,0.000000,EXPLORER
121200,0.194260,2.918892,0.063738,0.00004421,0.00069368,0.571473,0.000000,EXPLORER
121300,0.194341,1.972158,0.144464,0.00003879,0.00026850,0.566830,0.000000,EXPLORER
121400,0.239798,1.893912,0.051208,0.00003681,0.00071872,0.563364,0.000000,EXPLORER
121500,0.658052,2.537652,0.110492,0.00004162,0.00037671,0.558997,0.000000,EXPLORER
121600,0.340004,2.887644,0.054508,0.00004379,0.00080334,0.555100,0.000000,EXPLORER
121700,0.541346,1.923950,0.050435,0.00002746,0.00054438,0.551975,0.000000,EXPLORER
121800,0.340078,1.877910,0.115170,0.00003752,0.00032581,0.547659,0.000000,EXPLORER
121900,0.115339,2.735960,0.061837,0.00004303,0.00069591,0.542873,0.000000,EXPLORER
122000,0.080458,2.917327,0.102079,0.00004493,0.00044019,0.538460,0.000000,EXPLORER
122100,0.205563,1.988252,0.039053,0.00003913,0.00100202,0.533878,0.000000,EXPLORER
122200,0.568022,1.931551,0.024586,0.00003716,0.00151149,0.530133,0.000000,EXPLORER
122300,0.529170,2.600389,0.052962,0.00004176,0.00078839,0.525930,0.000000,EXPLORER
122400,0.434639,2.832877,0.055445,0.00004423,0.00079768,0.522154,0.000000,EXPLORER
122500,0.089264,1.946359,0.021753,0.00003864,0.00177644,0.517622,0.000000,EXPLORER
122600,0.131083,1.896877,0.014252,0.00003659,0.00256705,0.513387,0.000000,EXPLORER
122700,0.578369,2.715072,0.121002,0.00004368,0.00036100,0.509318,0.000000,EXPLORER
122800,0.311179,2.962377,0.047087,0.00004479,0.00095118,0.504433,0.000000,EXPLORER
122900,0.108572,1.948278,0.073681,0.00003797,0.00051538,0.499156,0.000000,EXPLORER
123000,0.379732,1.907459,0.073560,0.00003792,0.00051549,0.494776,0.000000,EXPLORER
123100,0.194858,2.836842,0.028977,0.00004330,0.00149406,0.490221,0.000000,EXPLORER
123200,0.083712,2.971268,0.011540,0.00004392,0.00380511,0.485921,0.000000,EXPLORER
123300,0.352392,1.938785,0.023496,0.00003740,0.00159185,0.480880,0.000000,EXPLORER
123400,0.575586,1.852248,0.115359,0.00003702,0.00032091,0.476647,0.000000,EXPLORER
123500,0.050607,2.032941,0.120749,0.00003898,0.00032284,0.473284,0.000000,EXPLORER
123600,0.047570,2.778521,0.011778,0.00004259,0.00361536,0.471246,0.000000,EXPLORER
123700,0.154301,1.957493,0.053836,0.00003960,0.00073561,0.467212,0.000000,EXPLORER
123800,0.126820,1.854125,0.095515,0.00003734,0.00039096,0.464369,0.000000,EXPLORER
123900,0.218364,1.832171,0.051995,0.00003637,0.00069955,0.461669,0.000000,EXPLORER
124000,0.087094,2.706792,0.076510,0.00004322,0.00056494,0.458954,0.000000,EXPLORER
124100,0.336338,1.943117,0.041526,0.00004027,0.00096966,0.456043,0.000000,EXPLORER
124200,0.167540,1.899406,0.156956,0.00003800,0.00024209,0.453182,0.000000,EXPLORER
124300,0.347092,1.857319,0.013161,0.00003627,0.00275589,0.450398,0.000000,EXPLORER
124400,0.092970,2.675166,0.010395,0.00004181,0.00402155,0.447739,0.000000,EXPLORER
124500,0.319003,1.892915,0.031935,0.00003923,0.00122834,0.444535,0.000000,EXPLORER
124600,0.404305,1.852522,0.115696,0.00003824,0.00033050,0.441805,0.000000,EXPLORER
124700,0.239426,1.842018,0.016485,0.00003543,0.00214891,0.439241,0.000000,EXPLORER
124800,0.215122,2.604148,0.005958,0.00004133,0.00693580,0.436466,0.000000,EXPLORER
124900,0.097354,1.985358,0.013735,0.00004003,0.00291425,0.433370,0.000000,EXPLORER
125000,0.236662,1.850636,0.102290,0.00003677,0.00035949,0.430255,0.000000,EXPLORER
125100,0.218485,1.846910,0.176026,0.00003839,0.00021807,0.427855,0.000000,EXPLORER
125200,0.281324,2.670840,0.097998,0.00004284,0.00043713,0.425125,0.000000,EXPLORER
125300,0.125323,2.013245,0.023139,0.00003735,0.00161409,0.422144,0.000000,EXPLORER
125400,0.124124,1.835540,0.012628,0.00003618,0.00286500,0.419416,0.000000,EXPLORER
125500,0.059586,1.817141,0.045837,0.00003592,0.00078355,0.416953,0.000000,EXPLORER
125600,0.300508,2.525124,0.033458,0.00004095,0.00122382,0.414434,0.000000,EXPLORER
125700,0.253657,1.934241,0.000849,0.00003929,0.04622440,0.411076,0.000000,EXPLORER
125800,0.212528,1.841416,0.029017,0.00003611,0.00124434,0.407946,0.000000,EXPLORER
125900,0.454533,1.830169,0.008609,0.00003572,0.00414826,0.405468,0.000000,EXPLORER
126000,0.201310,2.817648,0.137698,0.00004458,0.00032377,0.402682,0.000000,EXPLORER
126100,0.194905,1.865310,0.027474,0.00003647,0.00132748,0.399595,0.000000,EXPLORER
126200,0.232315,1.820854,0.009620,0.00003587,0.00372768,0.397049,0.000000,EXPLORER
126300,0.434220,1.832569,0.014239,0.00003564,0.00250317,0.394469,0.000000,EXPLORER
126400,0.249434,2.383684,0.005865,0.00004020,0.00685380,0.391981,0.000000,EXPLORER
126500,0.144226,1.991723,0.046448,0.00004028,0.00086712,0.388977,0.000000,EXPLORER
126600,0.040454,1.860652,0.131275,0.00003801,0.00028954,0.386124,0.000000,EXPLORER
126700,0.154387,1.813424,0.086391,0.00003608,0.00041767,0.383726,0.000000,EXPLORER
126800,0.376103,2.380621,0.004567,0.00004050,0.00886534,0.381291,0.000000,EXPLORER
126900,0.158849,1.907056,0.126356,0.00004146,0.00032808,0.378475,0.000000,EXPLORER
127000,0.073861,1.854052,0.030801,0.00003649,0.00118456,0.375627,0.000000,EXPLORER
127100,0.380011,1.816692,0.020734,0.00003577,0.00172510,0.373030,0.000000,EXPLORER
127200,0.676100,2.711085,0.042743,0.00004217,0.00098655,0.370275,0.000000,EXPLORER
127300,0.546740,1.985741,0.132838,0.00003575,0.00026915,0.366595,0.000000,EXPLORER
127400,0.537495,1.919657,0.027643,0.00003706,0.00134067,0.363850,0.000000,EXPLORER
127500,0.069339,1.822292,0.032369,0.00003616,0.00111718,0.361304,0.000000,EXPLORER
127600,0.097386,2.669139,0.014461,0.00004176,0.00288761,0.358424,0.000000,EXPLORER
127700,0.125237,1.928535,0.158236,0.00004204,0.00026570,0.355567,0.000000,EXPLORER
127800,0.129246,1.824922,0.134920,0.00003802,0.00028180,0.352606,0.000000,EXPLORER
127900,0.375932,1.807344,0.170820,0.00003131,0.00018330,0.350012,0.000000,EXPLORER
128000,0.086320,2.845381,0.561743,0.00038810,0.00069088,0.328074,0.000000,EXPLORER
128100,0.342792,1.916016,0.219853,0.00036678,0.00166827,0.299111,0.000000,EXPLORER
128200,0.178913,2.486349,0.283790,0.00039422,0.00138911,0.266978,0.000000,EXPLORER
128300,0.589058,2.854725,0.388243,0.00035806,0.00092226,0.234353,0.000000,EXPLORER
128400,0.032327,3.503664,0.314561,0.00035192,0.00111876,0.202451,0.000000,EXPLORER
128500,0.377154,2.056170,0.232767,0.00027132,0.00116562,0.178316,0.000000,EXPLORER
128600,0.026869,1.666369,0.269170,0.00028842,0.00107149,0.159053,0.000000,EXPLORER
128700,0.073203,2.617654,0.256142,0.00029524,0.00115264,0.139343,0.000000,EXPLORER
128800,0.139587,2.505203,0.246802,0.00029447,0.00119313,0.117780,0.000000,EXPLORER
128900,0.340339,1.650784,0.369013,0.00026977,0.00073107,0.097710,0.000000,EXPLORER
129000,0.448706,1.572742,0.189492,0.00026715,0.00140982,0.078042,0.000000,EXPLORER
129100,0.272255,1.695368,0.385611,0.00029090,0.00075438,0.057954,0.000000,EXPLORER
129200,0.568518,1.376540,0.311866,0.00028701,0.00092030,0.038293,0.000000,EXPLORER
129300,0.460822,1.729630,0.267927,0.00026809,0.00100061,0.018830,0.000000,EXPLORER
129400,0.335636,3.138165,0.256700,0.00024888,0.00096954,0.000537,0.000000,EXPLORER
129500,0.700000,2.195205,0.722580,0.00004961,0.00006865,0.991163,0.000000,EXPLORER
129600,0.700000,2.096335,0.294587,0.00004167,0.00014145,0.987431,0.000000,EXPLORER
129700,0.353889,2.650320,0.309281,0.00004610,0.00014906,0.984021,0.000000,EXPLORER
129800,0.354018,1.854375,0.383895,0.00004106,0.00010695,0.980861,0.000000,EXPLORER
129900,0.350466,2.048112,0.422581,0.00004236,0.00010025,0.977698,0.000000,EXPLORER
130000,0.434805,3.781853,0.279194,0.00005278,0.00018903,0.973907,0.000000,EXPLORER
130100,0.413934,2.240614,0.281598,0.00004218,0.00014980,0.969904,0.000000,EXPLORER
130200,0.389832,2.355852,0.473850,0.00004512,0.00009523,0.966301,0.000000,EXPLORER
130300,0.354188,1.997770,0.394028,0.00004162,0.00010562,0.963249,0.000000,EXPLORER
130400,0.357630,3.045204,0.219092,0.00004622,0.00021097,0.960159,0.000000,EXPLORER
130500,0.424488,2.415854,0.334659,0.00004462,0.00013334,0.956581,0.000000,EXPLORER
130600,0.700000,2.581166,0.136812,0.00004307,0.00031482,0.953571,0.000000,EXPLORER
130700,0.700000,1.869287,0.508414,0.00004371,0.00008597,0.950688,0.000000,EXPLORER
130800,0.700000,2.468678,0.144723,0.00004220,0.00029161,0.947826,0.000000,EXPLORER
130900,0.700000,2.261003,0.168468,0.00004133,0.00024533,0.944774,0.000000,EXPLORER
131000,0.367860,1.716198,0.137520,0.00003588,0.00026090,0.942013,0.000000,EXPLORER
131100,0.353767,2.045173,0.207665,0.00003963,0.00019082,0.939101,0.000000,EXPLORER
131200,0.017088,2.486831,0.309881,0.00004341,0.00014010,0.935877,0.000000,EXPLORER
131300,0.361444,1.770749,0.295932,0.00004000,0.00013518,0.932184,0.000000,EXPLORER
131400,0.421325,2.186575,0.771407,0.00004858,0.00006298,0.928585,0.000000,EXPLORER
131500,0.213888,1.714986,0.631509,0.00004458,0.00007059,0.923472,0.000000,EXPLORER
131600,0.351583,1.672211,0.741444,0.00004436,0.00005983,0.920319,0.000000,EXPLORER
131700,0.103708,2.070989,0.713352,0.00004754,0.00006664,0.916582,0.000000,EXPLORER
131800,0.700000,1.605103,0.560062,0.00004160,0.00007428,0.909324,0.000000,EXPLORER
131900,0.353665,2.319660,0.665762,0.00004733,0.00007109,0.906527,0.000000,EXPLORER
132000,0.351398,2.476542,0.361835,0.00004526,0.00012510,0.903715,0.000000,EXPLORER
132100,0.350034,1.755978,0.640492,0.00005731,0.00008947,0.900240,0.000000,EXPLORER
132200,0.350379,2.210400,0.660739,0.00004974,0.00007528,0.897079,0.000000,EXPLORER
132300,0.700000,1.812798,0.694610,0.00021166,0.00030471,0.891898,0.000000,EXPLORER
132400,0.700000,2.805078,0.638426,0.00005042,0.00007898,0.886450,0.000000,EXPLORER
132500,0.406684,2.008507,0.309938,0.00004592,0.00014815,0.883409,0.000000,EXPLORER
132600,0.362827,1.641899,0.686849,0.00004350,0.00006333,0.880333,0.000000,EXPLORER
132700,0.375703,1.944505,0.699344,0.00004654,0.00006655,0.877321,0.000000,EXPLORER
132800,0.352716,1.928516,0.761779,0.00004699,0.00006168,0.874236,0.000000,EXPLORER
132900,0.352666,2.662309,0.122897,0.00016875,0.00137313,0.866448,0.000000,EXPLORER
133000,0.056063,2.216073,0.018398,0.00005355,0.00291056,0.860469,0.000000,EXPLORER
133100,0.059583,1.444350,0.006058,0.00004838,0.00798426,0.856595,0.000000,EXPLORER
133200,0.065716,2.280566,0.001459,0.00005399,0.03698738,0.852879,0.000000,EXPLORER
133300,0.139666,1.737714,0.007863,0.00005332,0.00677927,0.848797,0.000000,EXPLORER
133400,0.027688,1.960312,0.089317,0.00006685,0.00074848,0.844036,0.000000,EXPLORER
133500,0.146121,1.925612,0.013856,0.00007381,0.00532660,0.840189,0.000000,EXPLORER
133600,0.393539,1.746554,0.035484,0.00007171,0.00202076,0.836247,0.000000,EXPLORER
133700,0.143726,1.971573,0.012448,0.00003695,0.00296806,0.831241,0.000000,EXPLORER
133800,0.700000,1.953963,0.081220,0.00003309,0.00040738,0.828624,0.000000,EXPLORER
133900,0.700000,1.542531,0.015975,0.00008917,0.00558163,0.824938,0.000000,EXPLORER
134000,0.094803,1.827510,0.021757,0.00003594,0.00165184,0.821916,0.000000,EXPLORER
134100,0.155593,2.112197,0.037581,0.00003751,0.00099813,0.819112,0.000000,EXPLORER
134200,0.419075,2.189770,0.126328,0.00003586,0.00028384,0.816437,0.000000,EXPLORER
134300,0.388567,2.019112,0.013510,0.00004093,0.00302981,0.813964,0.000000,EXPLORER
134400,0.609397,1.919788,0.025502,0.00003666,0.00143734,0.811798,0.000000,EXPLORER
134500,0.221304,2.015028,0.036618,0.00003741,0.00102151,0.808891,0.000000,EXPLORER
134600,0.075414,2.180688,0.051331,0.00003939,0.00076739,0.806129,0.025058,EXPLORER
134700,0.359085,3.233558,0.000963,0.00004560,0.04729155,0.803211,0.489594,EXPLORER
134800,0.406734,2.313651,0.109341,0.00004082,0.00037333,0.999123,0.009058,EXPLORER
134900,0.420499,1.891914,0.096543,0.00003823,0.00039599,0.995807,0.009058,EXPLORER
135000,0.153954,1.887169,0.092479,0.00004639,0.00050165,0.992707,0.009058,EXPLORER
135100,0.383945,1.889755,0.071807,0.00003216,0.00044786,0.990023,0.009058,EXPLORER
135200,0.264013,1.949016,0.076924,0.00003677,0.00047800,0.987701,0.009058,EXPLORER
135300,0.241859,2.008885,0.077265,0.00003796,0.00049123,0.985000,0.009058,EXPLORER
135400,0.313097,1.935044,0.075132,0.00003735,0.00049715,0.982406,0.009058,EXPLORER
135500,0.106621,1.899341,0.099911,0.00003929,0.00039328,0.979915,0.009058,EXPLORER
135600,0.303352,1.967965,0.104520,0.00003830,0.00036645,0.977692,0.009058,EXPLORER
135700,0.366144,1.995900,0.035844,0.00003353,0.00093547,0.975014,0.009058,EXPLORER
135800,0.642403,1.878775,0.050949,0.00003617,0.00070992,0.972436,0.009058,EXPLORER
135900,0.297211,1.878421,0.093261,0.00003723,0.00039923,0.969917,0.009058,EXPLORER
136000,0.283234,2.020235,0.055085,0.00003773,0.00068486,0.967517,0.009058,EXPLORER
136100,0.392590,1.941160,0.153492,0.00004377,0.00028514,0.964765,0.009058,EXPLORER
136200,0.387589,1.943492,0.170816,0.00003878,0.00022703,0.961992,0.009058,EXPLORER
136300,0.318772,1.909187,0.037694,0.00003658,0.00097037,0.959491,0.009058,EXPLORER
136400,0.197950,2.038382,0.032102,0.00003754,0.00116920,0.957325,0.009058,EXPLORER
136500,0.090250,2.062910,0.112438,0.00004331,0.00038516,0.954429,0.009058,EXPLORER
136600,0.100848,1.930473,0.051588,0.00003455,0.00066967,0.951670,0.009058,EXPLORER
136700,0.169496,1.895194,0.098961,0.00003928,0.00039688,0.949091,0.009058,EXPLORER
136800,0.359545,2.043275,0.015430,0.00003795,0.00245941,0.946813,0.009058,EXPLORER
136900,0.218117,1.996707,0.174518,0.00004440,0.00025442,0.944481,0.009058,EXPLORER
137000,0.132689,1.929205,0.048195,0.00003395,0.00070440,0.942061,0.009058,EXPLORER
137100,0.336671,1.878638,0.025595,0.00003677,0.00143635,0.940045,0.009058,EXPLORER
137200,0.065074,1.863298,0.006876,0.00003460,0.00503083,0.938074,0.009058,EXPLORER
137300,0.149316,1.974864,0.040981,0.00004118,0.00100488,0.935755,0.009058,EXPLORER
137400,0.307240,1.966445,0.073700,0.00003489,0.00047336,0.933577,0.009058,EXPLORER
137500,0.156622,1.900375,0.031975,0.00003858,0.00120643,0.931390,0.009058,EXPLORER
137600,0.260091,1.874074,0.017928,0.00003435,0.00191598,0.929453,0.009058,EXPLORER
137700,0.518547,1.993359,0.018248,0.00003492,0.00191357,0.927185,0.009058,EXPLORER
137800,0.401623,2.009723,0.067835,0.00003777,0.00055685,0.924939,0.009058,EXPLORER
137900,0.315489,1.931422,0.080392,0.00003912,0.00048659,0.922868,0.009058,EXPLORER
138000,0.494861,1.904199,0.112843,0.00003829,0.00033934,0.920826,0.009058,EXPLORER
138100,0.129208,2.065357,0.100542,0.00003678,0.00036584,0.918333,0.009058,EXPLORER
138200,0.150385,1.993838,0.010718,0.00003919,0.00365636,0.916267,0.009058,EXPLORER
138300,0.200587,1.932521,0.050856,0.00003710,0.00072946,0.914117,0.009058,EXPLORER
138400,0.087130,1.926590,0.073300,0.00003755,0.00051222,0.912012,0.009058,EXPLORER
138500,0.402238,2.045485,0.022787,0.00003963,0.00173904,0.909456,0.009058,EXPLORER
138600,0.103338,1.928480,0.020512,0.00003692,0.00179969,0.907132,0.009058,EXPLORER
138700,0.297313,1.888379,0.003858,0.00003634,0.00941549,0.904967,0.009058,EXPLORER
138800,0.385160,1.912341,0.045291,0.00003836,0.00084688,0.902751,0.009058,EXPLORER
138900,0.171846,2.016211,0.059206,0.00003806,0.00064289,0.900130,0.009058,EXPLORER
139000,0.698098,1.916448,0.085933,0.00003454,0.00040196,0.897729,0.009058,EXPLORER
139100,0.239137,1.886908,0.062034,0.00003957,0.00063780,0.895537,0.009058,EXPLORER
139200,0.419241,1.888833,0.078731,0.00003004,0.00038159,0.893456,0.009058,EXPLORER
139300,0.108648,1.972748,0.260590,0.00004063,0.00015591,0.890948,0.009058,EXPLORER
139400,0.416489,1.882576,0.060891,0.00003753,0.00061633,0.888597,0.009058,EXPLORER
139500,0.260750,1.867351,0.025557,0.00003668,0.00143505,0.886344,0.009058,EXPLORER
139600,0.094125,1.898567,0.043928,0.00003633,0.00082694,0.884265,0.009058,EXPLORER
139700,0.216898,1.953636,0.078745,0.00004235,0.00053776,0.881724,0.009058,EXPLORER
139800,0.431867,1.889818,0.042151,0.00003670,0.00087058,0.879175,0.009058,EXPLORER
139900,0.522282,1.870159,0.016120,0.00003802,0.00235860,0.877001,0.009058,EXPLORER
140000,0.097895,1.893623,0.149737,0.00003739,0.00024968,0.874901,0.009058,EXPLORER
140100,0.214989,1.946548,0.056439,0.00003730,0.00066084,0.872447,0.009058,EXPLORER
140200,0.308966,1.932935,0.076345,0.00003803,0.00049807,0.870070,0.009058,EXPLORER
140300,0.287574,1.889050,0.156767,0.00003830,0.00024432,0.867869,0.009058,EXPLORER
140400,0.176732,1.887854,0.095932,0.00003857,0.00040208,0.865671,0.009058,EXPLORER
140500,0.382891,1.927842,0.021293,0.00004144,0.00194604,0.863005,0.009058,EXPLORER
140600,0.360174,1.922922,0.005289,0.00003561,0.00673062,0.860548,0.009058,EXPLORER
140700,0.575423,1.893123,0.119010,0.00003829,0.00032174,0.858479,0.009058,EXPLORER
140800,0.442493,1.934447,0.088865,0.00003629,0.00040836,0.856266,0.009058,EXPLORER
140900,0.136850,1.948889,0.045631,0.00003728,0.00081706,0.853783,0.009058,EXPLORER
141000,0.409158,1.959680,0.083448,0.00004060,0.00048655,0.851445,0.009058,EXPLORER
141100,0.124900,1.918294,0.239016,0.00004004,0.00016753,0.849113,0.009058,EXPLORER
141200,0.369734,1.931568,0.090718,0.00003828,0.00042192,0.847057,0.009058,EXPLORER
141300,0.373387,2.021650,0.015335,0.00003344,0.00218069,0.844330,0.009058,EXPLORER
141400,0.150236,1.904722,0.091802,0.00004035,0.00043948,0.842028,0.009058,EXPLORER
141500,0.047467,1.867840,0.018110,0.00003637,0.00200810,0.839786,0.009058,EXPLORER
141600,0.394814,1.957167,0.004560,0.00003714,0.00814289,0.837584,0.009058,EXPLORER
141700,0.377960,2.018062,0.008911,0.00003746,0.00420332,0.835182,0.009058,EXPLORER
141800,0.247000,1.939737,0.112444,0.00004118,0.00036625,0.832831,0.009058,EXPLORER
141900,0.152018,1.893858,0.013581,0.00003443,0.00253508,0.830698,0.009058,EXPLORER
142000,0.093520,1.878595,0.042704,0.00003795,0.00088854,0.828672,0.009058,EXPLORER
142100,0.368522,2.019774,0.049379,0.00003830,0.00077562,0.825707,0.009058,EXPLORER
142200,0.218392,1.916933,0.001171,0.00003423,0.02920192,0.823421,0.009058,EXPLORER
142300,0.545373,1.896605,0.007260,0.00003847,0.00529843,0.821190,0.009058,EXPLORER
142400,0.122193,1.905376,0.007098,0.00003557,0.00501073,0.819177,0.009058,EXPLORER
142500,0.246080,2.054488,0.032758,0.00004242,0.00129480,0.816893,0.009058,EXPLORER
142600,0.068774,1.931592,0.002449,0.00003349,0.01366877,0.814545,0.009058,EXPLORER
142700,0.109685,1.866343,0.003348,0.00003824,0.01141909,0.812481,0.009058,EXPLORER
142800,0.012026,1.855302,0.000866,0.00003482,0.04017151,0.810525,0.009058,EXPLORER
142900,0.172171,2.027026,0.064314,0.00004288,0.00066668,0.808109,0.009058,EXPLORER
143000,0.129939,1.914221,0.024623,0.00003364,0.00136628,0.805697,0.009058,EXPLORER
143100,0.141281,1.880943,0.009328,0.00003840,0.00411683,0.803566,0.009058,EXPLORER
143200,0.185003,1.906524,0.056873,0.00003598,0.00063255,0.801529,0.009058,EXPLORER
143300,0.194597,2.032695,0.156621,0.00004448,0.00028399,0.799089,0.009058,EXPLORER
143400,0.129173,1.939037,0.097296,0.00003796,0.00039014,0.796692,0.009058,EXPLORER
143500,0.362007,1.902478,0.019041,0.00003708,0.00194730,0.794560,0.009058,EXPLORER
143600,0.375361,1.902252,0.032249,0.00003548,0.00110021,0.792398,0.009058,EXPLORER
143700,0.374972,1.995059,0.080721,0.00003785,0.00046885,0.789958,0.009058,EXPLORER
143800,0.549824,1.907530,0.167717,0.00003917,0.00023357,0.787708,0.009058,EXPLORER
143900,0.216289,1.895482,0.032733,0.00003692,0.00112785,0.785674,0.009058,EXPLORER
144000,0.084728,1.886970,0.087763,0.00003905,0.00044491,0.783770,0.009058,EXPLORER
144100,0.230137,1.988866,0.020250,0.00003455,0.00170606,0.773348,0.009058,EXPLORER
144200,0.316229,2.824459,0.038344,0.00004351,0.00113460,0.760703,0.009058,EXPLORER
144300,0.057124,2.925605,0.031023,0.00004392,0.00141560,0.754995,0.009058,EXPLORER
144400,0.294175,2.953085,0.171053,0.00004595,0.00026865,0.752445,0.009058,EXPLORER
144500,0.134900,2.040793,0.112512,0.00004177,0.00037127,0.749909,0.009058,EXPLORER
144600,0.358149,1.920360,0.063539,0.00003787,0.00059599,0.747597,0.009058,EXPLORER
144700,0.028324,1.874779,0.049688,0.00003815,0.00076778,0.745447,0.009058,EXPLORER
144800,0.059084,1.892280,0.079411,0.00003809,0.00047963,0.743331,0.009058,EXPLORER
144900,0.470780,2.036308,0.049831,0.00004222,0.00084721,0.740838,0.009058,EXPLORER
145000,0.406937,1.913906,0.118247,0.00004109,0.00034746,0.736353,0.009058,EXPLORER
145100,0.369647,2.037391,0.111233,0.00003852,0.00034633,0.732865,0.009058,EXPLORER
145200,0.169800,2.039975,0.031265,0.00003786,0.00121102,0.729168,0.009058,EXPLORER
145300,0.501155,2.062933,0.071059,0.00003799,0.00053464,0.725891,0.009058,EXPLORER
145400,0.136589,2.022546,0.089608,0.00003810,0.00042522,0.718875,0.009058,EXPLORER
145500,0.169695,2.039773,0.028062,0.00003754,0.00133766,0.716685,0.009058,EXPLORER
145600,0.357840,2.500245,0.035586,0.00004076,0.00114537,0.714344,0.009058,EXPLORER
145700,0.385926,1.971371,0.097684,0.00004156,0.00042544,0.709065,0.009058,EXPLORER
145800,0.188280,2.045460,0.088959,0.00003850,0.00043275,0.701469,0.009058,EXPLORER
145900,0.089923,2.699204,0.042548,0.00004241,0.00099664,0.699419,0.009058,EXPLORER
146000,0.152720,2.791520,0.025465,0.00004302,0.00168931,0.697145,0.009058,EXPLORER
146100,0.207894,1.998237,0.112615,0.00004221,0.00037485,0.694788,0.009058,EXPLORER
146200,0.427196,1.975512,0.030913,0.00003530,0.00114180,0.692430,0.009058,EXPLORER
146300,0.059381,1.915064,0.015313,0.00003658,0.00238883,0.690447,0.009058,EXPLORER
146400,0.462310,1.884220,0.109099,0.00003842,0.00035214,0.688533,0.009058,EXPLORER
146500,0.563246,2.017157,0.091830,0.00003613,0.00039349,0.686250,0.009058,EXPLORER
146600,0.349217,2.006318,0.076340,0.00003781,0.00049521,0.684065,0.009058,EXPLORER
146700,0.035720,1.937721,0.086235,0.00003785,0.00043891,0.681886,0.009058,EXPLORER
146800,0.141257,1.896649,0.018525,0.00003640,0.00196491,0.679951,0.009058,EXPLORER
146900,0.328617,2.004571,0.110989,0.00003856,0.00034739,0.677612,0.009058,EXPLORER
147000,0.428120,1.866792,0.116744,0.00003807,0.00032613,0.675347,0.009058,EXPLORER
147100,0.242040,1.840115,0.083480,0.00003689,0.00044193,0.673289,0.009058,EXPLORER
147200,0.118210,1.845138,0.062637,0.00003748,0.00059836,0.671210,0.009058,EXPLORER
147300,0.451587,1.997877,0.022511,0.00003518,0.00156258,0.668877,0.009058,EXPLORER
147400,0.091532,1.887310,0.010663,0.00003650,0.00342283,0.666445,0.009058,EXPLORER
147500,0.698098,1.854256,0.155179,0.00004012,0.00025852,0.664308,0.009058,EXPLORER
147600,0.038493,1.854033,0.150634,0.00003773,0.00025046,0.662322,0.009058,EXPLORER
147700,0.220429,1.983858,0.005859,0.00004163,0.00710469,0.660015,0.009058,EXPLORER
147800,0.558232,1.897953,0.138384,0.00003864,0.00027925,0.657750,0.009058,EXPLORER
147900,0.400439,1.860501,0.074485,0.00003755,0.00050408,0.655642,0.009058,EXPLORER
148000,0.469429,1.849219,0.078726,0.00003891,0.00049418,0.653573,0.009058,EXPLORER
148100,0.427672,1.959323,0.094213,0.00003398,0.00036064,0.651124,0.009058,EXPLORER
148200,0.373510,1.884970,0.028130,0.00004007,0.00142459,0.649009,0.009058,EXPLORER
148300,0.170928,1.852894,0.027608,0.00003847,0.00139348,0.646860,0.009058,EXPLORER
148400,0.124633,1.838577,0.079798,0.00003718,0.00046597,0.644928,0.009058,EXPLORER
148500,0.374257,1.990361,0.051531,0.00004202,0.00081545,0.642561,0.009058,EXPLORER
148600,0.380822,1.905575,0.060236,0.00003681,0.00061110,0.640237,0.009058,EXPLORER
148700,0.131406,1.881993,0.040794,0.00003851,0.00094400,0.638233,0.009058,EXPLORER
148800,0.380416,1.881151,0.109599,0.00003868,0.00035290,0.636223,0.009058,EXPLORER
148900,0.132252,1.969939,0.054155,0.00003756,0.00069354,0.633815,0.009058,EXPLORER
149000,0.275599,1.885676,0.053376,0.00003714,0.00069585,0.631613,0.009058,EXPLORER
149100,0.525805,1.858890,0.041910,0.00003431,0.00081876,0.629504,0.009058,EXPLORER
149200,0.080054,1.857545,0.153518,0.00003826,0.00024919,0.627579,0.009058,EXPLORER
149300,0.089919,1.932177,0.040578,0.00003713,0.00091509,0.625270,0.009058,EXPLORER
149400,0.537402,1.923660,0.090493,0.00003805,0.00042051,0.623108,0.009058,EXPLORER
149500,0.465451,1.876561,0.090618,0.00003834,0.00042311,0.620946,0.009058,EXPLORER
149600,0.229612,1.867626,0.040664,0.00003746,0.00092113,0.618930,0.009058,EXPLORER
149700,0.238686,1.919726,0.089855,0.00003752,0.00041752,0.616624,0.009058,EXPLORER
149800,0.329284,1.923494,0.071294,0.00003891,0.00054572,0.614525,0.009058,EXPLORER
149900,0.133939,1.902248,0.062774,0.00003600,0.00057353,0.612483,0.009058,EXPLORER
150000,0.144006,1.877670,0.020357,0.00003632,0.00178414,0.610579,0.009058,EXPLORER
150100,0.168534,1.905344,0.020346,0.00003874,0.00190373,0.608172,0.009058,EXPLORER
150200,0.138908,1.840959,0.060369,0.00003679,0.00060945,0.605970,0.009058,EXPLORER
150300,0.446920,1.845782,0.216269,0.00003869,0.00017888,0.603875,0.009058,EXPLORER
150400,0.379596,1.842106,0.038999,0.00003663,0.00093935,0.601902,0.009058,EXPLORER
150500,0.308564,1.924938,0.071741,0.00003757,0.00052365,0.599526,0.009058,EXPLORER
150600,0.225326,1.932467,0.004342,0.00003672,0.00845598,0.597207,0.009058,EXPLORER
150700,0.103504,1.882921,0.040065,0.00003678,0.00091803,0.595088,0.009058,EXPLORER
150800,0.210531,1.876816,0.021613,0.00003655,0.00169121,0.592993,0.009058,EXPLORER
150900,0.698098,1.975872,0.005853,0.00003762,0.00642608,0.590458,0.009058,EXPLORER
151000,0.233643,1.948436,0.189831,0.00003931,0.00020708,0.588171,0.009058,EXPLORER
151100,0.546821,1.896392,0.145311,0.00003982,0.00027404,0.586031,0.009058,EXPLORER
151200,0.106355,1.879310,0.042431,0.00003549,0.00083631,0.583856,0.009058,EXPLORER
151300,0.532294,1.969009,0.107738,0.00004172,0.00038721,0.581497,0.009058,EXPLORER
151400,0.455569,1.944008,0.021332,0.00003684,0.00172687,0.579362,0.009058,EXPLORER
151500,0.130281,1.895742,0.005588,0.00003647,0.00652654,0.577216,0.009058,EXPLORER
151600,0.402680,1.846677,0.012393,0.00003764,0.00303735,0.575198,0.009058,EXPLORER
151700,0.165261,1.899646,0.072304,0.00003460,0.00047850,0.572720,0.009058,EXPLORER
151800,0.135886,1.841630,0.013165,0.00003787,0.00287646,0.570412,0.009058,EXPLORER
151900,0.092491,1.849247,0.083809,0.00003610,0.00043068,0.568192,0.009058,EXPLORER
152000,0.498926,1.925451,0.013207,0.00003690,0.00279403,0.566014,0.009058,EXPLORER
152100,0.125936,1.911537,0.072768,0.00003757,0.00051627,0.563489,0.009058,EXPLORER
152200,0.117181,1.918943,0.023940,0.00003686,0.00153957,0.561376,0.009058,EXPLORER
152300,0.271279,1.886702,0.069689,0.00003471,0.00049805,0.559406,0.009058,EXPLORER
152400,0.308954,1.874173,0.025051,0.00003460,0.00138118,0.557451,0.009058,EXPLORER
152500,0.218893,1.955836,0.055638,0.00004163,0.00074816,0.555135,0.009058,EXPLORER
152600,0.208093,1.953546,0.046059,0.00003717,0.00080692,0.552889,0.009058,EXPLORER
152700,0.107665,1.897882,0.001842,0.00003638,0.01974665,0.550729,0.009058,EXPLORER
152800,0.166171,1.887007,0.077596,0.00003611,0.00046537,0.548724,0.009058,EXPLORER
152900,0.060883,2.003559,0.007817,0.00003717,0.00475405,0.546369,0.009058,EXPLORER
153000,0.320244,1.994958,0.033967,0.00003962,0.00116649,0.544228,0.009058,EXPLORER
153100,0.359625,1.896746,0.048008,0.00003747,0.00078041,0.542107,0.009058,EXPLORER
153200,0.124970,1.868700,0.120465,0.00003795,0.00031501,0.539968,0.009058,EXPLORER
153300,0.529748,1.932083,0.165995,0.00003930,0.00023674,0.537547,0.009058,EXPLORER
153400,0.384911,1.862347,0.083776,0.00003688,0.00044020,0.535162,0.009058,EXPLORER
153500,0.051811,1.839369,0.049135,0.00003879,0.00078945,0.533057,0.009058,EXPLORER
153600,0.367093,1.829300,0.125178,0.00003866,0.00030883,0.530968,0.009058,EXPLORER
153700,0.409424,1.926304,0.025739,0.00004077,0.00158379,0.528413,0.009058,EXPLORER
153800,0.101170,1.900360,0.081321,0.00003756,0.00046190,0.525987,0.009058,EXPLORER
153900,0.474805,1.884584,0.097650,0.00003884,0.00039773,0.523837,0.009058,EXPLORER
154000,0.207948,1.910554,0.084077,0.00003736,0.00044440,0.521805,0.009058,EXPLORER
154100,0.078158,1.947911,0.014768,0.00004134,0.00279932,0.519421,0.009058,EXPLORER
154200,0.632522,1.890681,0.015907,0.00002800,0.00176028,0.517092,0.009058,EXPLORER
154300,0.264768,1.866992,0.165340,0.00004063,0.00024574,0.514905,0.009058,EXPLORER
154400,0.395823,1.896665,0.022751,0.00003847,0.00169071,0.512944,0.009058,EXPLORER
154500,0.216609,1.965316,0.088834,0.00004204,0.00047322,0.510457,0.009058,EXPLORER
154600,0.064673,1.890912,0.018156,0.00003654,0.00201253,0.508318,0.009058,EXPLORER
154700,0.183966,1.865160,0.089581,0.00003939,0.00043972,0.506263,0.009058,EXPLORER
154800,0.311293,1.861034,0.181415,0.00003714,0.00020470,0.504253,0.009058,EXPLORER
154900,0.218921,2.001771,0.019715,0.00003708,0.00188080,0.501839,0.009058,EXPLORER
155000,0.124593,1.982791,0.154802,0.00003913,0.00025278,0.499546,0.009058,EXPLORER
155100,0.138515,1.904332,0.166312,0.00003879,0.00023324,0.497422,0.009058,EXPLORER
155200,0.091944,1.951834,0.022810,0.00003714,0.00162817,0.494997,0.009058,EXPLORER
155300,0.204997,1.935951,0.131241,0.00003840,0.00029257,0.492213,0.009058,EXPLORER
155400,0.150485,1.927257,0.202034,0.00004263,0.00021102,0.489850,0.009058,EXPLORER
155500,0.558198,1.846035,0.256390,0.00003924,0.00015303,0.487566,0.009058,EXPLORER
155600,0.237205,1.825775,0.011698,0.00003583,0.00306257,0.485570,0.009058,EXPLORER
155700,0.329995,1.876360,0.010298,0.00004151,0.00403022,0.483116,0.009058,EXPLORER
155800,0.155294,1.832484,0.119651,0.00004092,0.00034199,0.480912,0.009058,EXPLORER
155900,0.369677,1.839370,0.016013,0.00003838,0.00239671,0.478826,0.009058,EXPLORER
156000,0.186549,1.900237,0.026902,0.00003751,0.00139409,0.476512,0.009058,EXPLORER
156100,0.181996,1.891181,0.006905,0.00003199,0.00463250,0.474090,0.009058,EXPLORER
156200,0.218224,1.926493,0.009222,0.00003324,0.00360374,0.472010,0.009058,EXPLORER
156300,0.654437,1.862658,0.005989,0.00003669,0.00612496,0.469919,0.009058,EXPLORER
156400,0.119590,1.854680,0.016490,0.00003613,0.00219096,0.467831,0.009058,EXPLORER
156500,0.171064,1.905683,0.023183,0.00003225,0.00139105,0.465456,0.009058,EXPLORER
156600,0.096648,1.875199,0.009027,0.00003332,0.00369098,0.463116,0.009058,EXPLORER
156700,0.150193,1.850487,0.012382,0.00003619,0.00292223,0.461108,0.009058,EXPLORER
156800,0.251356,1.840211,0.014014,0.00003467,0.00247356,0.459096,0.009058,EXPLORER
156900,0.559283,1.896153,0.096892,0.00003790,0.00039115,0.456618,0.009058,EXPLORER
157000,0.408519,1.903766,0.059953,0.00003928,0.00065512,0.454353,0.009058,EXPLORER
157100,0.066188,1.869824,0.083447,0.00003889,0.00046598,0.452287,0.009058,EXPLORER
157200,0.078074,1.851930,0.015231,0.00003520,0.00231076,0.450335,0.009058,EXPLORER
157300,0.310546,1.917484,0.193211,0.00004222,0.00021850,0.448043,0.009058,EXPLORER
157400,0.183541,1.959662,0.049317,0.00003583,0.00072656,0.445583,0.009058,EXPLORER
157500,0.107135,1.890072,0.135508,0.00003830,0.00028261,0.443342,0.009058,EXPLORER
157600,0.160540,1.884434,0.024559,0.00003592,0.00146232,0.441383,0.009058,EXPLORER
157700,0.319915,1.918056,0.077673,0.00003964,0.00051028,0.438988,0.009058,EXPLORER
157800,0.546708,1.913099,0.154840,0.00003903,0.00025207,0.436686,0.009058,EXPLORER
157900,0.024073,1.877418,0.120992,0.00003792,0.00031344,0.434520,0.009058,EXPLORER
158000,0.246270,1.898598,0.007887,0.00003570,0.00452642,0.432457,0.009058,EXPLORER
158100,0.063573,1.930381,0.062721,0.00003757,0.00059891,0.429934,0.009058,EXPLORER
158200,0.178712,1.908521,0.068926,0.00003744,0.00054319,0.426944,0.009058,EXPLORER
158300,0.093325,1.863441,0.020478,0.00003437,0.00167833,0.423872,0.009058,EXPLORER
158400,0.547370,3.092289,0.062346,0.00004497,0.00072132,0.406977,0.009058,EXPLORER
158500,0.426549,1.922379,0.050027,0.00003685,0.00073663,0.391810,0.009058,EXPLORER
158600,0.080865,3.095425,0.006047,0.00004484,0.00741363,0.374681,0.009058,EXPLORER
158700,0.367921,3.258302,0.072509,0.00004657,0.00064228,0.356639,0.009058,EXPLORER
158800,0.129654,3.295864,0.360571,0.00021257,0.00058953,0.312839,0.009058,EXPLORER
158900,0.074643,2.458850,0.472931,0.00031661,0.00066947,0.213797,0.009058,EXPLORER
159000,0.625857,2.511767,0.070461,0.00022673,0.00321775,0.114268,0.009058,EXPLORER
159100,0.698098,3.420263,0.132973,0.00025868,0.00194537,0.013750,0.009058,EXPLORER
159200,0.059002,2.904269,0.170809,0.00004863,0.00028473,0.964734,0.097587,EXPLORER
159300,0.018133,1.943767,0.002109,0.00002657,0.01259076,0.951661,0.097587,EXPLORER
159400,0.036567,2.136602,0.000141,0.00003798,0.26720160,0.939759,0.097587,EXPLORER
159500,0.345303,2.082919,0.028672,0.00003844,0.00134049,0.926431,0.097587,EXPLORER
159600,0.112824,2.273618,0.014929,0.00003907,0.00261664,0.913963,0.097587,EXPLORER
159700,0.152300,2.230622,0.157540,0.00004084,0.00025923,0.909643,0.097587,EXPLORER
159800,0.112101,1.978694,0.007581,0.00003609,0.00476019,0.907252,0.097587,EXPLORER
159900,0.129492,1.943641,0.111961,0.00003990,0.00035637,0.905155,0.097587,EXPLORER
160000,0.155634,2.023714,0.035421,0.00003758,0.00106102,0.902544,0.097587,EXPLORER
160100,0.170228,2.037844,0.011865,0.00003548,0.00298968,0.900020,0.097587,EXPLORER
160200,0.342615,1.930240,0.064693,0.00003712,0.00057375,0.897320,0.097587,EXPLORER
160300,0.356074,1.900584,0.053124,0.00003673,0.00069131,0.894903,0.097587,EXPLORER
160400,0.111129,1.999236,0.041433,0.00003753,0.00090578,0.892771,0.097587,EXPLORER
160500,0.149232,1.974886,0.016616,0.00003258,0.00196084,0.890260,0.097587,EXPLORER
160600,0.193883,1.958876,0.011414,0.00003687,0.00322994,0.887682,0.097587,EXPLORER
160700,0.225930,1.902222,0.095644,0.00003736,0.00039065,0.885556,0.097587,EXPLORER
160800,0.367729,2.008886,0.039635,0.00003727,0.00094021,0.883192,0.097587,EXPLORER
160900,0.424741,2.071536,0.038816,0.00003524,0.00090779,0.880489,0.097587,EXPLORER
161000,0.133525,1.935857,0.037854,0.00003794,0.00100220,0.876924,0.097587,EXPLORER
161100,0.244943,1.964207,0.117412,0.00003345,0.00028489,0.873704,0.097587,EXPLORER
161200,0.056187,2.040250,0.021608,0.00003769,0.00174413,0.871258,0.097587,EXPLORER
161300,0.317828,2.038037,0.015949,0.00003779,0.00236901,0.868346,0.097587,EXPLORER
161400,0.166800,1.936395,0.007013,0.00003659,0.00521700,0.865744,0.097587,EXPLORER
161500,0.220814,1.900439,0.003265,0.00003725,0.01140550,0.863491,0.097587,EXPLORER
161600,0.154576,2.014537,0.098535,0.00003848,0.00039047,0.861332,0.097587,EXPLORER
161700,0.104401,1.958121,0.067335,0.00003759,0.00055824,0.857701,0.097587,EXPLORER
161800,0.071493,1.924195,0.082272,0.00003771,0.00045832,0.854989,0.097587,EXPLORER
161900,0.067312,1.891530,0.005806,0.00003625,0.00624276,0.852732,0.097587,EXPLORER
162000,0.317073,2.008819,0.007897,0.00003742,0.00473781,0.850754,0.097587,EXPLORER
162100,0.385094,2.048569,0.061299,0.00003789,0.00061804,0.847953,0.097587,EXPLORER
162200,0.398385,1.958994,0.033868,0.00003882,0.00114616,0.845228,0.097587,EXPLORER
162300,0.021575,1.897388,0.028892,0.00003666,0.00126887,0.841826,0.097587,EXPLORER
162400,0.326366,2.039362,0.079590,0.00003811,0.00047879,0.839731,0.097587,EXPLORER
162500,0.125040,1.983819,0.029002,0.00003731,0.00128657,0.837022,0.097587,EXPLORER
162600,0.245158,1.952433,0.157473,0.00003949,0.00025075,0.834516,0.097587,EXPLORER
162700,0.217806,1.900044,0.054396,0.00003732,0.00068609,0.831920,0.097587,EXPLORER
162800,0.359338,1.984257,0.010595,0.00003713,0.00350431,0.829796,0.097587,EXPLORER
162900,0.493385,2.001330,0.078081,0.00003495,0.00044755,0.827614,0.097587,EXPLORER
163000,0.082643,1.894992,0.000964,0.00003628,0.03759861,0.825424,0.097587,EXPLORER
163100,0.008485,1.882284,0.042665,0.00003684,0.00086335,0.823427,0.097587,EXPLORER
163200,0.362629,1.890774,0.045043,0.00003591,0.00079722,0.821632,0.097587,EXPLORER
163300,0.042307,2.004785,0.047467,0.00004101,0.00086384,0.819364,0.097587,EXPLORER
163400,0.066182,1.931789,0.038207,0.00003705,0.00096967,0.817145,0.097587,EXPLORER
163500,0.085357,1.889394,0.160885,0.00004121,0.00025616,0.815160,0.097587,EXPLORER
163600,0.360169,1.886216,0.060934,0.00003590,0.00058917,0.813072,0.097587,EXPLORER
163700,0.528544,1.975347,0.065805,0.00003844,0.00058414,0.810774,0.097587,EXPLORER
163800,0.090573,1.952048,0.012925,0.00003509,0.00271462,0.808172,0.097587,EXPLORER
163900,0.146568,2.016849,0.035033,0.00003814,0.00108876,0.803620,0.097587,EXPLORER
164000,0.287755,2.624144,0.060647,0.00004214,0.00069479,0.791064,0.097587,EXPLORER
164100,0.017218,2.026811,0.008711,0.00003668,0.00421014,0.771520,0.097587,EXPLORER
164200,0.391993,2.856108,0.027476,0.00004384,0.00159553,0.759333,0.097587,EXPLORER
164300,0.088893,2.978733,0.019431,0.00004404,0.00226661,0.744527,0.097587,EXPLORER
164400,0.063209,3.129630,0.007286,0.00004493,0.00616587,0.730064,0.097587,EXPLORER
164500,0.183219,1.938964,0.107074,0.00003791,0.00035406,0.716808,0.097587,EXPLORER
164600,0.068215,2.885570,0.154403,0.00004551,0.00029476,0.704021,0.097587,EXPLORER
164700,0.349102,2.971706,0.007875,0.00004437,0.00563388,0.687885,0.097587,EXPLORER
164800,0.345023,3.007142,0.041467,0.00004429,0.00106796,0.673873,0.097587,EXPLORER
164900,0.035543,1.908725,0.025862,0.00003673,0.00142038,0.660490,0.097587,EXPLORER
165000,0.366803,2.949283,0.073632,0.00004523,0.00061425,0.647497,0.097587,EXPLORER
165100,0.315232,3.020367,0.098635,0.00004528,0.00045910,0.633252,0.097587,EXPLORER
165200,0.048376,3.040204,0.068776,0.00004523,0.00065761,0.618711,0.097587,EXPLORER
165300,0.117788,1.939844,0.009564,0.00003662,0.00382906,0.605282,0.097587,EXPLORER
165400,0.033355,2.158625,0.155298,0.00004047,0.00026059,0.592027,0.097587,EXPLORER
165500,0.340796,2.984920,0.053573,0.00004513,0.00084239,0.578762,0.097587,EXPLORER
165600,0.007514,3.032127,0.070102,0.00004531,0.00064635,0.564379,0.097587,EXPLORER
165700,0.191149,1.927221,0.039435,0.00003663,0.00092883,0.550686,0.097587,EXPLORER
165800,0.201686,2.979694,0.000947,0.00004407,0.04646778,0.536534,0.097587,EXPLORER
165900,0.060790,3.177802,0.018479,0.00004551,0.00246293,0.520829,0.097587,EXPLORER
166000,0.044564,3.128722,0.085303,0.00004617,0.00054125,0.504679,0.097587,EXPLORER
166100,0.073499,1.969575,0.010153,0.00003662,0.00360616,0.490359,0.097587,EXPLORER
166200,0.292705,3.009313,0.014175,0.00004419,0.00311710,0.473767,0.097587,EXPLORER
166300,0.204291,3.071438,0.062561,0.00004523,0.00072298,0.458437,0.097587,EXPLORER
166400,0.283127,3.119609,0.083405,0.00004580,0.00054911,0.435400,0.097587,EXPLORER
166500,0.153562,1.929591,0.046323,0.00003700,0.00079865,0.419877,0.097587,EXPLORER
166600,0.059544,3.001281,0.018256,0.00004433,0.00242820,0.411863,0.097587,EXPLORER
166700,0.121356,3.037834,0.021446,0.00004461,0.00208015,0.409257,0.097587,EXPLORER
166800,0.203139,3.053856,0.006321,0.00004470,0.00707094,0.406829,0.097587,EXPLORER
166900,0.317448,1.961395,0.025093,0.00003680,0.00146635,0.404338,0.097587,EXPLORER
167000,0.170416,1.887219,0.011411,0.00003665,0.00321181,0.402174,0.097587,EXPLORER
167100,0.031226,1.857699,0.033395,0.00003648,0.00109225,0.400049,0.097587,EXPLORER
167200,0.028524,1.867683,0.092896,0.00003746,0.00040327,0.397952,0.097587,EXPLORER
167300,0.194094,1.918532,0.034992,0.00004058,0.00115978,0.395369,0.097587,EXPLORER
167400,0.025593,1.858774,0.014817,0.00003351,0.00226148,0.393043,0.097587,EXPLORER
167500,0.122702,1.846429,0.007080,0.00003800,0.00536689,0.390677,0.097587,EXPLORER
167600,0.158598,2.007047,0.046800,0.00003766,0.00080467,0.388421,0.097587,EXPLORER
167700,0.161635,1.969663,0.007969,0.00003353,0.00420692,0.386184,0.097587,EXPLORER
167800,0.100318,1.877980,0.023495,0.00003764,0.00160200,0.383863,0.097587,EXPLORER
167900,0.074381,1.839525,0.013086,0.00003616,0.00276276,0.381557,0.097587,EXPLORER
168000,0.310758,1.864485,0.084086,0.00003699,0.00043988,0.379635,0.097587,EXPLORER
168100,0.176462,1.964046,0.202368,0.00003996,0.00019744,0.377405,0.097587,EXPLORER
168200,0.318129,1.856327,0.000849,0.00003764,0.04430483,0.375092,0.097587,EXPLORER
168300,0.157740,1.820347,0.017288,0.00003593,0.00207842,0.372998,0.097587,EXPLORER
168400,0.145667,1.816643,0.165210,0.00003742,0.00022650,0.371119,0.097587,EXPLORER
168500,0.189854,1.949924,0.056392,0.00004060,0.00071996,0.368750,0.097587,EXPLORER
168600,0.177813,1.892370,0.092507,0.00003758,0.00040626,0.366434,0.097587,EXPLORER
168700,0.067937,1.858875,0.025430,0.00003897,0.00153226,0.364408,0.097587,EXPLORER
168800,0.032194,1.842402,0.025678,0.00003629,0.00141304,0.362390,0.097587,EXPLORER
168900,0.224983,1.933620,0.108511,0.00003793,0.00034958,0.360135,0.097587,EXPLORER
169000,0.118158,1.852700,0.023611,0.00003447,0.00145965,0.357794,0.097587,EXPLORER
169100,0.052027,1.827188,0.158920,0.00003822,0.00024050,0.355664,0.097587,EXPLORER
169200,0.222642,1.822864,0.040451,0.00003618,0.00089452,0.353611,0.097587,EXPLORER
169300,0.216974,1.917163,0.091816,0.00003495,0.00038070,0.351305,0.097587,EXPLORER
169400,0.294804,1.847483,0.103522,0.00022285,0.00215270,0.345217,0.097587,EXPLORER
169500,0.160801,1.862094,0.233815,0.00024028,0.00102763,0.332220,0.097587,EXPLORER
169600,0.051872,2.897232,0.259934,0.00026627,0.00102438,0.316753,0.097587,EXPLORER
169700,0.518612,1.914567,0.245942,0.00038817,0.00157828,0.293330,0.097587,EXPLORER
169800,0.188690,1.938112,0.316254,0.00039129,0.00123727,0.270388,0.097587,EXPLORER
169900,0.132744,2.101889,0.257274,0.00039154,0.00152188,0.247415,0.097587,EXPLORER
170000,0.142336,3.002467,0.359524,0.00039941,0.00111094,0.225726,0.097587,EXPLORER
170100,0.113655,1.619792,0.395930,0.00037014,0.00093486,0.203161,0.097587,EXPLORER
170200,0.188070,3.122368,0.323970,0.00030091,0.00092881,0.183808,0.097587,EXPLORER
170300,0.547564,3.030423,0.280797,0.00029883,0.00106421,0.165833,0.097587,EXPLORER
170400,0.434083,2.272859,0.245671,0.00029247,0.00119049,0.149822,0.097587,EXPLORER
170500,0.235392,1.924493,0.259532,0.00027015,0.00104092,0.133506,0.097587,EXPLORER
170600,0.349031,2.054370,0.170864,0.00028959,0.00169482,0.118407,0.097587,EXPLORER
170700,0.256281,1.656760,0.306115,0.00028921,0.00094476,0.101897,0.097587,EXPLORER
170800,0.155934,2.573288,0.290254,0.00029540,0.00101771,0.084497,0.097587,EXPLORER
170900,0.679507,1.761718,0.210324,0.00026856,0.00127687,0.068760,0.097587,EXPLORER
171000,0.348419,2.083021,0.283540,0.00027150,0.00095752,0.053907,0.097587,EXPLORER
171100,0.469918,2.429979,0.304645,0.00028644,0.00094025,0.038848,0.097587,EXPLORER
171200,0.368458,3.058557,0.323701,0.00029891,0.00092340,0.023209,0.097587,EXPLORER
171300,0.327040,1.993785,0.152430,0.00028938,0.00189841,0.007484,0.097587,EXPLORER
171400,0.561103,1.914337,0.329365,0.00006292,0.00019103,0.994440,0.000000,EXPLORER
171500,0.104631,1.958643,0.013398,0.00003712,0.00277028,0.991912,0.000000,EXPLORER
171600,0.099422,1.966963,0.033546,0.00003717,0.00110795,0.989731,0.000000,EXPLORER
171700,0.162051,1.957419,0.060082,0.00003780,0.00062906,0.987370,0.000000,EXPLORER
171800,0.385209,1.908828,0.168229,0.00003851,0.00022894,0.985239,0.000000,EXPLORER
171900,0.060844,1.883449,0.036181,0.00003695,0.00102117,0.983234,0.000000,EXPLORER
172000,0.172410,1.873294,0.053700,0.00003654,0.00068035,0.981296,0.000000,EXPLORER
172100,0.131667,1.936179,0.083307,0.00003872,0.00046473,0.978943,0.000000,EXPLORER
172200,0.394534,1.989062,0.048411,0.00003722,0.00076881,0.976869,0.000000,EXPLORER
172300,0.098780,1.937161,0.072030,0.00003754,0.00052117,0.974863,0.000000,EXPLORER
172400,0.068015,1.911153,0.034959,0.00003684,0.00105379,0.972923,0.000000,EXPLORER
172500,0.454240,1.985783,0.077720,0.00003781,0.00048644,0.970547,0.000000,EXPLORER
172600,0.422370,1.944676,0.050164,0.00003696,0.00073671,0.968393,0.000000,EXPLORER
172700,0.079349,1.910978,0.042179,0.00003694,0.00087575,0.966378,0.000000,EXPLORER
172800,0.107647,1.895212,0.007636,0.00003629,0.00475170,0.964521,0.000000,EXPLORER
172900,0.070792,1.997780,0.044041,0.00003934,0.00089333,0.962388,0.000000,EXPLORER
173000,0.097281,1.891764,0.018934,0.00003648,0.00192686,0.960375,0.000000,EXPLORER
173100,0.213177,1.860483,0.036273,0.00003772,0.00103984,0.957960,0.000000,EXPLORER
173200,0.091053,1.930460,0.020461,0.00003674,0.00179568,0.955556,0.000000,EXPLORER
173300,0.121772,1.976926,0.053546,0.00003348,0.00062525,0.952894,0.000000,EXPLORER
173400,0.110104,1.955433,0.004640,0.00003955,0.00852117,0.950505,0.000000,EXPLORER
173500,0.129168,1.910606,0.228305,0.00003982,0.00017442,0.948535,0.000000,EXPLORER
173600,0.074192,1.895461,0.009457,0.00003774,0.00399048,0.946621,0.000000,EXPLORER
173700,0.185902,1.991109,0.027191,0.00003751,0.00137961,0.944183,0.000000,EXPLORER
173800,0.199292,1.965461,0.120328,0.00004126,0.00034290,0.941904,0.000000,EXPLORER
173900,0.235892,1.929151,0.007248,0.00003687,0.00508718,0.939654,0.000000,EXPLORER
174000,0.183815,1.896722,0.040368,0.00003751,0.00092914,0.937598,0.000000,EXPLORER
174100,0.146263,1.940954,0.051660,0.00003273,0.00063354,0.935299,0.000000,EXPLORER
174200,0.164928,1.870369,0.038939,0.00003980,0.00102207,0.933112,0.000000,EXPLORER
174300,0.159322,1.872914,0.078203,0.00003712,0.00047468,0.930824,0.000000,EXPLORER
174400,0.044443,1.869615,0.007086,0.00003775,0.00532747,0.928872,0.000000,EXPLORER
174500,0.194650,1.984652,0.000773,0.00003274,0.04232282,0.926728,0.000000,EXPLORER
174600,0.151379,1.897268,0.007376,0.00003951,0.00535574,0.924557,0.000000,EXPLORER
174700,0.097296,1.886950,0.141945,0.00003843,0.00027071,0.922536,0.000000,EXPLORER
174800,0.075772,1.889669,0.004634,0.00003785,0.00816668,0.920673,0.000000,EXPLORER
174900,0.186730,2.030479,0.081240,0.00003840,0.00047261,0.918398,0.000000,EXPLORER
175000,0.112709,1.926768,0.095745,0.00003797,0.00039661,0.916120,0.000000,EXPLORER
175100,0.131252,1.893492,0.032469,0.00003467,0.00106767,0.914100,0.000000,EXPLORER
175200,0.142839,1.888184,0.072823,0.00003860,0.00053008,0.912144,0.000000,EXPLORER
175300,0.233619,2.047635,0.020595,0.00003770,0.00183038,0.909838,0.000000,EXPLORER
175400,0.137365,1.940016,0.063477,0.00003747,0.00059034,0.907356,0.000000,EXPLORER
175500,0.074235,1.898777,0.043411,0.00003695,0.00085106,0.905290,0.000000,EXPLORER
175600,0.048848,1.876516,0.028396,0.00003657,0.00128780,0.903355,0.000000,EXPLORER
175700,0.119478,2.010387,0.020376,0.00003739,0.00183495,0.901138,0.000000,EXPLORER
175800,0.083067,1.927480,0.018550,0.00003678,0.00198256,0.899028,0.000000,EXPLORER
175900,0.056160,1.889231,0.020151,0.00003652,0.00181231,0.896684,0.000000,EXPLORER
176000,0.022434,1.902249,0.017876,0.00003660,0.00204750,0.894461,0.000000,EXPLORER
176100,0.168816,1.998491,0.017518,0.00003726,0.00212701,0.892238,0.000000,EXPLORER
176200,0.311805,1.918118,0.004258,0.00004000,0.00939198,0.890112,0.000000,EXPLORER
176300,0.386162,1.903963,0.040769,0.00003658,0.00089726,0.888081,0.000000,EXPLORER
176400,0.143710,1.878837,0.029520,0.00003665,0.00124140,0.886104,0.000000,EXPLORER
176500,0.082627,1.981867,0.013813,0.00003719,0.00269228,0.883762,0.000000,EXPLORER
176600,0.179090,1.883968,0.040146,0.00003988,0.00099335,0.881670,0.000000,EXPLORER
176700,0.243674,1.868621,0.093961,0.00003725,0.00039644,0.879557,0.000000,EXPLORER
176800,0.197691,1.872836,0.051911,0.00003817,0.00073535,0.877680,0.000000,EXPLORER
176900,0.058372,2.021559,0.003182,0.00003723,0.01169741,0.875295,0.000000,EXPLORER
177000,0.084577,1.921850,0.148612,0.00003868,0.00026026,0.872737,0.000000,EXPLORER
177100,0.278226,1.888706,0.023814,0.00003635,0.00152645,0.870293,0.000000,EXPLORER
177200,0.066484,1.976858,0.124759,0.00003925,0.00031463,0.868357,0.000000,EXPLORER
177300,0.160460,2.055482,0.089188,0.00003877,0.00043470,0.866054,0.000000,EXPLORER
177400,0.167914,1.934306,0.028152,0.00003991,0.00141744,0.863873,0.000000,EXPLORER
177500,0.400814,1.879874,0.006465,0.00003654,0.00565075,0.861653,0.000000,EXPLORER
177600,0.128878,1.855146,0.158338,0.00003969,0.00025063,0.859723,0.000000,EXPLORER
177700,0.278341,2.009531,0.089900,0.00003818,0.00042466,0.857342,0.000000,EXPLORER
177800,0.308636,1.925974,0.027909,0.00003694,0.00132345,0.855149,0.000000,EXPLORER
177900,0.132152,1.885774,0.073481,0.00003717,0.00050587,0.853133,0.000000,EXPLORER
178000,0.204485,1.884578,0.104664,0.00003875,0.00037024,0.851149,0.000000,EXPLORER
178100,0.212617,1.970344,0.129092,0.00003875,0.00030014,0.848877,0.000000,EXPLORER
178200,0.231864,1.914481,0.206855,0.00004148,0.00020051,0.846676,0.000000,EXPLORER
178300,0.416585,1.882242,0.011763,0.00003668,0.00311827,0.844501,0.000000,EXPLORER
178400,0.079473,1.875235,0.010792,0.00003717,0.00344374,0.842595,0.000000,EXPLORER
178500,0.368713,1.936763,0.062155,0.00003426,0.00055116,0.840195,0.000000,EXPLORER
178600,0.072206,1.962421,0.025776,0.00003890,0.00150902,0.838069,0.000000,EXPLORER
178700,0.186782,1.899490,0.095902,0.00003644,0.00037996,0.836009,0.000000,EXPLORER
178800,0.075396,1.881223,0.136325,0.00003910,0.00028681,0.834079,0.000000,EXPLORER
178900,0.139308,1.895822,0.040546,0.00003502,0.00086357,0.831685,0.000000,EXPLORER
179000,0.131953,1.898324,0.021863,0.00003808,0.00174184,0.829507,0.000000,EXPLORER
179100,0.078563,1.860256,0.032346,0.00003649,0.00112800,0.827500,0.000000,EXPLORER
179200,0.034193,1.847913,0.031368,0.00003638,0.00115986,0.825609,0.000000,EXPLORER
179300,0.211693,1.905961,0.010198,0.00003654,0.00358322,0.823185,0.000000,EXPLORER
179400,0.361001,1.855124,0.005131,0.00003720,0.00724945,0.820993,0.000000,EXPLORER
179500,0.361227,1.863435,0.016607,0.00003564,0.00214566,0.818878,0.000000,EXPLORER
179600,0.216712,1.856472,0.002591,0.00003638,0.01403376,0.816913,0.000000,EXPLORER
179700,0.473346,1.958614,0.020288,0.00003532,0.00174109,0.814537,0.000000,EXPLORER
179800,0.404761,1.862102,0.005803,0.00003650,0.00628773,0.812422,0.000000,EXPLORER
179900,0.241639,1.852881,0.043539,0.00003637,0.00083534,0.810136,0.000000,EXPLORER
180000,0.098415,1.921702,0.062913,0.00003736,0.00059386,0.807979,0.000000,EXPLORER
180100,0.419316,1.974722,0.057465,0.00003738,0.00065048,0.805660,0.000000,EXPLORER
180200,0.394348,1.991657,0.015708,0.00003718,0.00236666,0.803524,0.000000,EXPLORER
180300,0.195853,1.912870,0.031558,0.00003667,0.00116196,0.801356,0.000000,EXPLORER
180400,0.135778,1.840242,0.007140,0.00003596,0.00503609,0.799158,0.000000,EXPLORER
180500,0.189807,1.982812,0.022161,0.00003719,0.00167822,0.796694,0.000000,EXPLORER
180600,0.396775,2.010244,0.075016,0.00003601,0.00048007,0.794244,0.000000,EXPLORER
180700,0.352756,1.873710,0.010362,0.00003808,0.00367437,0.792012,0.000000,EXPLORER
180800,0.398129,1.687040,0.022848,0.00003342,0.00146280,0.789826,0.000000,EXPLORER
180900,0.201816,1.889652,0.016279,0.00003627,0.00222789,0.787628,0.000000,EXPLORER
181000,0.145162,1.886688,0.120788,0.00004245,0.00035148,0.785298,0.000000,EXPLORER
181100,0.303731,1.857360,0.080983,0.00003692,0.00045583,0.783194,0.000000,EXPLORER
181200,0.258422,1.847334,0.099452,0.00003716,0.00037368,0.781219,0.000000,EXPLORER
181300,0.178376,1.896861,0.121594,0.00003252,0.00026744,0.778884,0.000000,EXPLORER
181400,0.403357,1.891690,0.085217,0.00003708,0.00043515,0.776693,0.000000,EXPLORER
181500,0.041456,1.863967,0.008901,0.00003353,0.00376691,0.774646,0.000000,EXPLORER
181600,0.317024,1.854533,0.090007,0.00003699,0.00041102,0.772625,0.000000,EXPLORER
181700,0.190375,1.922975,0.017192,0.00003676,0.00213805,0.769878,0.000000,EXPLORER
181800,0.124556,1.914648,0.151877,0.00004196,0.00027628,0.767407,0.000000,EXPLORER
181900,0.152951,1.877121,0.067067,0.00003484,0.00051940,0.765253,0.000000,EXPLORER
182000,0.090694,1.969170,0.001922,0.00003736,0.01942502,0.763224,0.000000,EXPLORER
182100,0.161013,2.007795,0.046611,0.00003343,0.00071714,0.760712,0.000000,EXPLORER
182200,0.151083,1.941867,0.096654,0.00003788,0.00039189,0.758500,0.000000,EXPLORER
182300,0.114605,2.021856,0.006523,0.00003728,0.00571502,0.756236,0.000000,EXPLORER
182400,0.054342,1.844149,0.027957,0.00003559,0.00127313,0.754061,0.000000,EXPLORER
182500,0.138390,2.043424,0.072585,0.00003823,0.00052671,0.751651,0.000000,EXPLORER
182600,0.451189,1.960297,0.024223,0.00004083,0.00168560,0.749351,0.000000,EXPLORER
182700,0.093243,1.916407,0.017063,0.00003450,0.00202170,0.747203,0.000000,EXPLORER
182800,0.044582,1.897302,0.000681,0.00003759,0.05511720,0.745218,0.000000,EXPLORER
182900,0.466386,1.986223,0.069825,0.00003850,0.00055144,0.743174,0.000000,EXPLORER
183000,0.174213,1.977466,0.001973,0.00003694,0.01870933,0.741260,0.000000,EXPLORER
183100,0.270893,1.912895,0.025557,0.00003469,0.00135711,0.739315,0.000000,EXPLORER
183200,0.037781,1.884824,0.016514,0.00003784,0.00229129,0.737527,0.000000,EXPLORER
183300,0.389136,1.972346,0.069364,0.00003748,0.00054039,0.735481,0.000000,EXPLORER
183400,0.161912,1.961869,0.004863,0.00003935,0.00809040,0.733464,0.000000,EXPLORER
183500,0.101709,1.883039,0.209721,0.00003939,0.00018784,0.731540,0.000000,EXPLORER
183600,0.357258,1.864269,0.044720,0.00003841,0.00085895,0.729723,0.000000,EXPLORER
183700,0.104751,2.017749,0.048363,0.00003788,0.00078314,0.727616,0.000000,EXPLORER
183800,0.088899,1.895291,0.013003,0.00003646,0.00280403,0.725579,0.000000,EXPLORER
183900,0.364536,1.846782,0.095424,0.00003700,0.00038769,0.723522,0.000000,EXPLORER
184000,0.079686,2.608547,0.042060,0.00004198,0.00099801,0.711529,0.000000,EXPLORER
184100,0.158761,2.181443,0.014601,0.00003701,0.00253430,0.694715,0.000000,EXPLORER
184200,0.125420,2.891564,0.079284,0.00004430,0.00055870,0.679549,0.000000,EXPLORER
184300,0.259743,3.014069,0.026840,0.00004417,0.00164545,0.663191,0.000000,EXPLORER
184400,0.354590,2.970951,0.074967,0.00004456,0.00059443,0.646414,0.000000,EXPLORER
184500,0.045187,1.916428,0.006990,0.00003551,0.00507952,0.630769,0.000000,EXPLORER
184600,0.112741,2.986228,0.014912,0.00004403,0.00295276,0.614708,0.000000,EXPLORER
184700,0.057718,3.031773,0.003776,0.00004422,0.01170942,0.597999,0.000000,EXPLORER
184800,0.094674,3.060373,0.009089,0.00004449,0.00489440,0.579434,0.000000,EXPLORER
184900,0.055726,2.173935,0.014223,0.00003790,0.00266467,0.560278,0.000000,EXPLORER
185000,0.106224,3.063518,0.013316,0.00004455,0.00334550,0.533058,0.000000,EXPLORER
185100,0.079609,3.040602,0.143675,0.00004643,0.00032313,0.529757,0.000000,EXPLORER
185200,0.033279,3.026233,0.042707,0.00004490,0.00105122,0.526876,0.000000,EXPLORER
185300,0.460880,2.020400,0.028214,0.00003808,0.00134970,0.524319,0.000000,EXPLORER
185400,0.163802,1.905750,0.112638,0.00003987,0.00035395,0.522080,0.000000,EXPLORER
185500,0.035739,2.888777,0.066515,0.00004408,0.00066264,0.512443,0.000000,EXPLORER
185600,0.038493,3.029481,0.006506,0.00004427,0.00680396,0.489105,0.000000,EXPLORER
185700,0.374234,2.155239,0.039244,0.00003820,0.00097348,0.467366,0.000000,EXPLORER
185800,0.123883,3.022055,0.152814,0.00004635,0.00030334,0.445169,0.000000,EXPLORER
185900,0.430339,3.150436,0.088016,0.00004692,0.00053312,0.421110,0.000000,EXPLORER
186000,0.375266,3.152981,0.113503,0.00004729,0.00041661,0.397127,0.000000,EXPLORER
186100,0.261296,2.024283,0.006238,0.00002798,0.00448428,0.376255,0.000000,EXPLORER
186200,0.132446,3.154963,0.050699,0.00004577,0.00090285,0.351315,0.000000,EXPLORER
186300,0.241924,2.199907,0.025508,0.00029265,0.01147240,0.192551,0.000000,EXPLORER
186400,0.577965,3.116483,0.289420,0.00027564,0.00095239,0.047909,0.001764,EXPLORER
186500,0.073983,2.062225,0.122535,0.00003964,0.00032354,0.957447,0.000000,EXPLORER
186600,0.221674,2.044012,0.005371,0.00003745,0.00697220,0.939072,0.000000,EXPLORER
186700,0.360710,2.197205,0.055366,0.00003966,0.00071625,0.919146,0.000000,EXPLORER
186800,0.382569,2.909959,0.031644,0.00004345,0.00137294,0.908782,0.000000,EXPLORER
186900,0.435104,2.001803,0.108973,0.00003903,0.00035813,0.905086,0.000000,EXPLORER
187000,0.415506,1.875277,0.049272,0.00003731,0.00075711,0.901554,0.000000,EXPLORER
187100,0.133385,1.864887,0.030689,0.00003663,0.00119367,0.899040,0.000000,EXPLORER
187200,0.151020,2.017127,0.022585,0.00003763,0.00166612,0.896510,0.000000,EXPLORER
187300,0.190567,1.990890,0.046724,0.00003378,0.00072287,0.894072,0.000000,EXPLORER
187400,0.319704,1.876817,0.215200,0.00003907,0.00018153,0.891360,0.000000,EXPLORER
187500,0.267739,1.868757,0.028560,0.00003533,0.00123705,0.888958,0.000000,EXPLORER
187600,0.015803,1.948124,0.035833,0.00003814,0.00106427,0.886883,0.000000,EXPLORER
187700,0.280631,1.943419,0.186293,0.00003537,0.00018984,0.884422,0.000000,EXPLORER
187800,0.465031,1.894383,0.014750,0.00003704,0.00251131,0.881769,0.000000,EXPLORER
187900,0.245719,1.900975,0.004026,0.00003657,0.00908263,0.878586,0.000000,EXPLORER
188000,0.076222,2.044233,0.053463,0.00003803,0.00071134,0.876355,0.000000,EXPLORER
188100,0.188085,1.982959,0.041689,0.00003419,0.00082009,0.873801,0.000000,EXPLORER
188200,0.094027,1.877145,0.020100,0.00003792,0.00188626,0.871190,0.000000,EXPLORER
188300,0.073482,1.874162,0.122287,0.00003745,0.00030624,0.868669,0.000000,EXPLORER
188400,0.124298,2.029079,0.080695,0.00003836,0.00047535,0.866028,0.000000,EXPLORER
188500,0.142513,1.920355,0.057911,0.00003728,0.00064376,0.863168,0.000000,EXPLORER
188600,0.075314,1.917700,0.025905,0.00003847,0.00148500,0.860696,0.000000,EXPLORER
188700,0.062742,1.896248,0.114115,0.00003798,0.00033280,0.858479,0.000000,EXPLORER
188800,0.385478,1.925264,0.029164,0.00003684,0.00126323,0.856290,0.000000,EXPLORER
188900,0.261365,1.942563,0.163211,0.00003883,0.00023788,0.853654,0.000000,EXPLORER
189000,0.203887,1.866180,0.007019,0.00003617,0.00515250,0.851341,0.000000,EXPLORER
189100,0.273775,1.852518,0.005458,0.00003667,0.00671816,0.849280,0.000000,EXPLORER
189200,0.041955,1.913781,0.019760,0.00003687,0.00186595,0.847116,0.000000,EXPLORER
189300,0.247992,1.987433,0.128857,0.00003523,0.00027337,0.844530,0.000000,EXPLORER
189400,0.478672,1.905071,0.105560,0.00003830,0.00036284,0.842075,0.000000,EXPLORER
189500,0.187076,1.867136,0.004831,0.00003634,0.00752153,0.839567,0.000000,EXPLORER
189600,0.056698,1.985625,0.003102,0.00003696,0.01191110,0.837443,0.000000,EXPLORER
189700,0.158429,1.995151,0.093280,0.00003859,0.00041374,0.834420,0.000000,EXPLORER
189800,0.074178,1.886293,0.056035,0.00003897,0.00069536,0.832168,0.000000,EXPLORER
189900,0.364469,1.856763,0.043026,0.00003621,0.00084167,0.829543,0.000000,EXPLORER
190000,0.184963,1.991337,0.172018,0.00003949,0.00022958,0.827074,0.000000,EXPLORER
190100,0.132798,1.996052,0.172206,0.00003954,0.00022964,0.824253,0.000000,EXPLORER
190200,0.129517,1.893222,0.139899,0.00003994,0.00028551,0.821822,0.000000,EXPLORER
190300,0.025739,1.856700,0.022906,0.00003590,0.00156735,0.819155,0.000000,EXPLORER
190400,0.206501,1.976954,0.103656,0.00003829,0.00036936,0.816839,0.000000,EXPLORER
190500,0.180812,1.976529,0.006267,0.00003689,0.00588515,0.813369,0.000000,EXPLORER
190600,0.204950,1.924087,0.033503,0.00003688,0.00110063,0.810552,0.000000,EXPLORER
190700,0.149731,1.899960,0.139842,0.00003757,0.00026864,0.808306,0.000000,EXPLORER
190800,0.168139,2.017998,0.122277,0.00003886,0.00031783,0.806256,0.000000,EXPLORER
190900,0.163644,1.971146,0.002587,0.00003306,0.01277312,0.803733,0.000000,EXPLORER
191000,0.206089,1.901511,0.008767,0.00003842,0.00438187,0.801438,0.000000,EXPLORER
191100,0.179708,1.867517,0.109838,0.00003748,0.00034126,0.799290,0.000000,EXPLORER
191200,0.122494,1.860398,0.023254,0.00003638,0.00156433,0.797218,0.000000,EXPLORER
191300,0.464462,1.969713,0.075723,0.00003438,0.00045404,0.794810,0.000000,EXPLORER
191400,0.249092,1.918229,0.055481,0.00003826,0.00068967,0.792432,0.000000,EXPLORER
191500,0.490506,1.904443,0.056796,0.00003777,0.00066496,0.790043,0.000000,EXPLORER
191600,0.117726,2.027305,0.106351,0.00003874,0.00036425,0.787728,0.000000,EXPLORER
191700,0.392419,2.093968,0.036263,0.00004119,0.00113589,0.784997,0.000000,EXPLORER
191800,0.700000,1.951684,0.004594,0.00003792,0.00825383,0.782638,0.000000,EXPLORER
191900,0.397182,1.909485,0.046526,0.00003714,0.00079821,0.780494,0.000000,EXPLORER
192000,0.317789,1.967921,0.035587,0.00003697,0.00103896,0.778187,0.000000,EXPLORER
192100,0.213330,2.029921,0.005369,0.00004126,0.00768315,0.775584,0.000000,EXPLORER
192200,0.199543,1.908254,0.034621,0.00003667,0.00105923,0.773294,0.000000,EXPLORER
192300,0.429222,1.855624,0.089524,0.00003872,0.00043255,0.771141,0.000000,EXPLORER
192400,0.161977,1.864371,0.073409,0.00003700,0.00050407,0.768989,0.000000,EXPLORER
192500,0.379085,1.992408,0.062503,0.00003747,0.00059946,0.766550,0.000000,EXPLORER
192600,0.308932,1.908381,0.096920,0.00004020,0.00041474,0.763979,0.000000,EXPLORER
192700,0.084490,1.855061,0.004078,0.00003499,0.00857795,0.761610,0.000000,EXPLORER
192800,0.051750,1.933481,0.035802,0.00003709,0.00103582,0.759476,0.000000,EXPLORER
192900,0.312950,1.903035,0.059276,0.00004108,0.00069305,0.756709,0.000000,EXPLORER
193000,0.230180,1.862047,0.112747,0.00003776,0.00033494,0.754485,0.000000,EXPLORER
193100,0.374192,1.856985,0.145666,0.00003865,0.00026536,0.752054,0.000000,EXPLORER
193200,0.490215,1.897007,0.016987,0.00003693,0.00217387,0.750087,0.000000,EXPLORER
193300,0.213007,1.917789,0.030104,0.00003683,0.00122342,0.747486,0.000000,EXPLORER
193400,0.471783,1.947013,0.080565,0.00003733,0.00046329,0.745187,0.000000,EXPLORER
193500,0.212926,1.907249,0.150896,0.00003962,0.00026257,0.743040,0.000000,EXPLORER
193600,0.074720,1.861102,0.068558,0.00003701,0.00053984,0.740932,0.000000,EXPLORER
193700,0.414962,1.873014,0.125501,0.00003829,0.00030507,0.738590,0.000000,EXPLORER
193800,0.013756,1.919776,0.135883,0.00003855,0.00028373,0.736376,0.000000,EXPLORER
193900,0.326274,1.881457,0.022853,0.00003231,0.00141371,0.734148,0.000000,EXPLORER
194000,0.032443,1.884019,0.027360,0.00003664,0.00133926,0.732207,0.000000,EXPLORER
194100,0.150069,1.929752,0.014132,0.00003658,0.00258851,0.729943,0.000000,EXPLORER
194200,0.377396,1.962548,0.023172,0.00003385,0.00146065,0.727859,0.000000,EXPLORER
194300,0.245993,1.899277,0.015854,0.00003642,0.00229700,0.725728,0.000000,EXPLORER
194400,0.021358,1.884042,0.018648,0.00003649,0.00195673,0.723791,0.000000,EXPLORER
194500,0.117841,1.935119,0.086575,0.00003401,0.00039278,0.721350,0.000000,EXPLORER
194600,0.113501,1.985581,0.041252,0.00004005,0.00097081,0.719208,0.000000,EXPLORER
194700,0.387919,1.891622,0.068007,0.00003625,0.00053309,0.717088,0.000000,EXPLORER
194800,0.047370,1.913253,0.016280,0.00003724,0.00228748,0.715204,0.000000,EXPLORER
194900,0.111925,1.973767,0.083447,0.00003804,0.00045591,0.712880,0.000000,EXPLORER
195000,0.135141,1.959008,0.058719,0.00003730,0.00063516,0.710498,0.000000,EXPLORER
195100,0.584230,1.898102,0.149886,0.00003875,0.00025855,0.708091,0.000000,EXPLORER
195200,0.125038,1.909751,0.060236,0.00003740,0.00062082,0.706079,0.000000,EXPLORER
195300,0.058029,1.945478,0.162821,0.00004142,0.00025440,0.703745,0.000000,EXPLORER
195400,0.655164,1.909852,0.018236,0.00003747,0.00205459,0.700858,0.000000,EXPLORER
195500,0.229125,1.888254,0.037103,0.00003681,0.00099215,0.698488,0.000000,EXPLORER
195600,0.154642,1.981909,0.033794,0.00003720,0.00110063,0.696577,0.000000,EXPLORER
195700,0.426017,1.934151,0.036742,0.00003735,0.00101664,0.694287,0.000000,EXPLORER
195800,0.447489,1.918452,0.114860,0.00004066,0.00035395,0.691930,0.000000,EXPLORER
195900,0.366095,1.871121,0.041913,0.00003634,0.00086696,0.689823,0.000000,EXPLORER
196000,0.257396,2.001565,0.012123,0.00003737,0.00308259,0.687639,0.000000,EXPLORER
196100,0.517953,1.962282,0.038867,0.00003789,0.00097494,0.685315,0.000000,EXPLORER
196200,0.477119,1.961989,0.018464,0.00003896,0.00210997,0.683160,0.000000,EXPLORER
196300,0.488645,1.886702,0.015023,0.00003622,0.00241097,0.681006,0.000000,EXPLORER
196400,0.166991,1.870626,0.100299,0.00003744,0.00037325,0.679033,0.000000,EXPLORER
196500,0.092650,1.912519,0.057767,0.00004022,0.00069624,0.676540,0.000000,EXPLORER
196600,0.328036,1.960105,0.185954,0.00003921,0.00021086,0.674242,0.000000,EXPLORER
196700,0.378239,1.890610,0.288450,0.00004113,0.00014258,0.672031,0.000000,EXPLORER
196800,0.065486,1.902981,0.094380,0.00003989,0.00042269,0.669880,0.000000,EXPLORER
196900,0.217196,1.911639,0.084019,0.00003769,0.00044857,0.667395,0.000000,EXPLORER
197000,0.407279,1.962886,0.198341,0.00004479,0.00022580,0.664998,0.000000,EXPLORER
197100,0.169395,1.908708,0.154921,0.00003893,0.00025128,0.662952,0.000000,EXPLORER
197200,0.120256,1.870060,0.052792,0.00003882,0.00073541,0.660979,0.000000,EXPLORER
197300,0.456919,1.899866,0.042226,0.00003722,0.00088133,0.658505,0.000000,EXPLORER
197400,0.115770,1.922999,0.032929,0.00003901,0.00118450,0.656161,0.000000,EXPLORER
197500,0.188937,1.891940,0.165699,0.00003861,0.00023300,0.654210,0.000000,EXPLORER
197600,0.313988,1.880539,0.005909,0.00003625,0.00613353,0.652202,0.000000,EXPLORER
197700,0.105116,1.907733,0.120721,0.00003674,0.00030437,0.649696,0.000000,EXPLORER
197800,0.291625,1.848487,0.072444,0.00003675,0.00050721,0.647305,0.000000,EXPLORER
197900,0.161972,1.859685,0.039682,0.00003678,0.00092682,0.645245,0.000000,EXPLORER
198000,0.181725,1.946498,0.055703,0.00003752,0.00067349,0.643026,0.000000,EXPLORER
198100,0.350713,1.971046,0.134470,0.00004232,0.00031474,0.640436,0.000000,EXPLORER
198200,0.700000,1.945231,0.033538,0.00003878,0.00115633,0.637821,0.000000,EXPLORER
198300,0.175343,1.887585,0.076683,0.00003753,0.00048945,0.635609,0.000000,EXPLORER
198400,0.399495,1.889763,0.088064,0.00003777,0.00042890,0.633716,0.000000,EXPLORER
198500,0.218742,1.978935,0.065400,0.00003595,0.00054963,0.631124,0.000000,EXPLORER
198600,0.290396,1.950585,0.006901,0.00003710,0.00537453,0.628913,0.000000,EXPLORER
198700,0.402451,1.894308,0.048064,0.00003750,0.00078024,0.626673,0.000000,EXPLORER
198800,0.226577,1.896313,0.106416,0.00003769,0.00035413,0.624734,0.000000,EXPLORER
198900,0.346331,2.002768,0.014509,0.00004083,0.00281381,0.622050,0.000000,EXPLORER
199000,0.265355,1.912733,0.004970,0.00003642,0.00732532,0.619825,0.000000,EXPLORER
199100,0.038605,1.862511,0.036665,0.00003613,0.00098546,0.617655,0.000000,EXPLORER
199200,0.073862,1.852015,0.141730,0.00003797,0.00026789,0.615717,0.000000,EXPLORER
199300,0.122781,1.929452,0.086435,0.00003766,0.00043568,0.613380,0.000000,EXPLORER
199400,0.700000,1.869395,0.116197,0.00003655,0.00031459,0.611128,0.000000,EXPLORER
199500,0.217483,1.849592,0.105197,0.00003760,0.00035744,0.609003,0.000000,EXPLORER
199600,0.385813,1.857519,0.125026,0.00004024,0.00032185,0.606982,0.000000,EXPLORER
199700,0.126875,1.946324,0.059233,0.00003735,0.00063053,0.604616,0.000000,EXPLORER
199800,0.548021,1.921776,0.010435,0.00003649,0.00349705,0.602362,0.000000,EXPLORER
199900,0.025948,1.865099,0.085786,0.00003741,0.00043607,0.600019,0.000000,EXPLORER
200000,0.375431,1.901536,0.031951,0.00003636,0.00113804,0.597986,0.000000,EXPLORER
200100,0.410766,1.991341,0.133974,0.00003861,0.00028816,0.595501,0.000000,EXPLORER
200200,0.274789,1.876731,0.036737,0.00003435,0.00093513,0.592994,0.000000,EXPLORER
200300,0.271133,1.835026,0.229163,0.00004072,0.00017770,0.590851,0.000000,EXPLORER
200400,0.246060,1.874090,0.081719,0.00003711,0.00045410,0.588785,0.000000,EXPLORER
200500,0.562385,1.964114,0.066013,0.00004220,0.00063921,0.586196,0.000000,EXPLORER
200600,0.187278,1.905817,0.170520,0.00003876,0.00022733,0.583702,0.000000,EXPLORER
200700,0.301788,1.863967,0.034120,0.00003755,0.00110046,0.581596,0.000000,EXPLORER
200800,0.045558,1.865403,0.101709,0.00003709,0.00036469,0.579556,0.000000,EXPLORER
200900,0.099866,1.969503,0.057134,0.00004162,0.00072847,0.577240,0.000000,EXPLORER
201000,0.183513,1.911659,0.003395,0.00003664,0.01078876,0.574998,0.000000,EXPLORER
201100,0.329934,1.881772,0.028588,0.00003717,0.00130007,0.572970,0.000000,EXPLORER
201200,0.208827,1.864254,0.110713,0.00003753,0.00033901,0.570894,0.000000,EXPLORER
201300,0.390284,1.991586,0.163307,0.00003774,0.00023107,0.568611,0.000000,EXPLORER
201400,0.158144,1.925452,0.018432,0.00003701,0.00200755,0.566220,0.000000,EXPLORER
201500,0.055070,1.881432,0.037212,0.00003861,0.00103741,0.563944,0.000000,EXPLORER
201600,0.069199,1.953325,0.064555,0.00003755,0.00058169,0.561556,0.000000,EXPLORER
201700,0.490894,1.994752,0.079547,0.00004214,0.00052976,0.558794,0.000000,EXPLORER
201800,0.624277,1.848454,0.031969,0.00003091,0.00096686,0.556414,0.000000,EXPLORER
201900,0.387306,1.832741,0.010462,0.00003692,0.00352834,0.554256,0.000000,EXPLORER
202000,0.060030,1.948710,0.132675,0.00003815,0.00028756,0.552053,0.000000,EXPLORER
202100,0.327930,2.006776,0.067578,0.00003447,0.00051010,0.549694,0.000000,EXPLORER
202200,0.700000,1.892778,0.100295,0.00003941,0.00039295,0.547577,0.000000,EXPLORER
202300,0.256985,1.866153,0.006068,0.00003677,0.00605805,0.545574,0.000000,EXPLORER
202400,0.133186,1.854858,0.038011,0.00003657,0.00096201,0.543444,0.000000,EXPLORER
202500,0.330554,2.014899,0.145203,0.00004229,0.00029128,0.541142,0.000000,EXPLORER
202600,0.099191,1.930495,0.022906,0.00003670,0.00160209,0.538855,0.000000,EXPLORER
202700,0.153695,1.882253,0.037008,0.00003667,0.00099091,0.536913,0.000000,EXPLORER
202800,0.312799,1.865922,0.087695,0.00003706,0.00042258,0.535002,0.000000,EXPLORER
202900,0.386066,1.997585,0.187333,0.00003937,0.00021018,0.532648,0.000000,EXPLORER
203000,0.391480,1.900589,0.113763,0.00003840,0.00033752,0.530341,0.000000,EXPLORER
203100,0.527150,1.879591,0.054337,0.00003308,0.00060878,0.528318,0.000000,EXPLORER
203200,0.367885,1.874247,0.005644,0.00003436,0.00608734,0.526449,0.000000,EXPLORER
203300,0.534621,1.966043,0.196838,0.00003910,0.00019862,0.524076,0.000000,EXPLORER
203400,0.182945,1.889626,0.169381,0.00003864,0.00022812,0.521536,0.000000,EXPLORER
203500,0.283689,1.834763,0.168713,0.00003802,0.00022534,0.519399,0.000000,EXPLORER
203600,0.356409,1.889990,0.088257,0.00003799,0.00043045,0.517093,0.000000,EXPLORER
203700,0.153900,1.981376,0.083815,0.00004210,0.00050224,0.514387,0.000000,EXPLORER
203800,0.173468,1.883966,0.104731,0.00003955,0.00037760,0.511903,0.000000,EXPLORER
203900,0.700000,1.835703,0.044008,0.00003729,0.00084741,0.509878,0.000000,EXPLORER
204000,0.414831,1.875529,0.089376,0.00003722,0.00041647,0.507822,0.000000,EXPLORER
204100,0.130770,1.991759,0.089419,0.00003821,0.00042727,0.505553,0.000000,EXPLORER
204200,0.144810,1.911347,0.232521,0.00003980,0.00017117,0.503432,0.000000,EXPLORER
204300,0.104697,1.840240,0.007569,0.00003590,0.00474209,0.501302,0.000000,EXPLORER
204400,0.067151,1.820465,0.101841,0.00003717,0.00036493,0.499346,0.000000,EXPLORER
204500,0.085611,1.949737,0.008494,0.00003623,0.00426480,0.497156,0.000000,EXPLORER
204600,0.132548,1.897102,0.037639,0.00003848,0.00102223,0.495107,0.000000,EXPLORER
204700,0.352191,1.863260,0.072669,0.00003674,0.00050556,0.493154,0.000000,EXPLORER
204800,0.143185,1.835773,0.001767,0.00003587,0.02029358,0.491227,0.000000,EXPLORER
204900,0.513244,1.852714,0.138854,0.00003749,0.00027000,0.489168,0.000000,EXPLORER
205000,0.409783,1.824233,0.091753,0.00004032,0.00043948,0.486880,0.000000,EXPLORER
205100,0.389522,1.829015,0.055635,0.00003978,0.00071499,0.484731,0.000000,EXPLORER
205200,0.039581,1.835800,0.015956,0.00003607,0.00226018,0.482841,0.000000,EXPLORER
205300,0.218898,1.886617,0.066529,0.00004164,0.00062592,0.480389,0.000000,EXPLORER
205400,0.102264,1.921965,0.097133,0.00003518,0.00036219,0.478182,0.000000,EXPLORER
205500,0.161464,1.856706,0.025253,0.00003621,0.00143386,0.476204,0.000000,EXPLORER
205600,0.086874,1.839161,0.149807,0.00003809,0.00025423,0.474337,0.000000,EXPLORER
205700,0.077658,1.939905,0.033688,0.00003737,0.00110929,0.471925,0.000000,EXPLORER
205800,0.214875,1.906992,0.049157,0.00003763,0.00076558,0.469738,0.000000,EXPLORER
205900,0.113710,1.861903,0.030848,0.00003530,0.00114438,0.467780,0.000000,EXPLORER
206000,0.046844,1.846670,0.023017,0.00003742,0.00162591,0.465803,0.000000,EXPLORER
206100,0.161373,1.964761,0.146217,0.00003457,0.00023644,0.463704,0.000000,EXPLORER
206200,0.108231,1.887335,0.068827,0.00003717,0.00053999,0.461610,0.000000,EXPLORER
206300,0.221076,1.852076,0.041446,0.00003636,0.00087733,0.459569,0.000000,EXPLORER
206400,0.055163,1.833003,0.030689,0.00003811,0.00124170,0.457461,0.000000,EXPLORER
206500,0.144106,1.963668,0.026616,0.00003712,0.00139477,0.455209,0.000000,EXPLORER
206600,0.116336,1.887154,0.003475,0.00003625,0.01042787,0.453042,0.000000,EXPLORER
206700,0.078321,1.856164,0.016050,0.00003622,0.00225653,0.451044,0.000000,EXPLORER
206800,0.049497,1.850781,0.018727,0.00003623,0.00193457,0.449157,0.000000,EXPLORER
206900,0.450315,1.987613,0.015950,0.00003596,0.00225429,0.446664,0.000000,EXPLORER
207000,0.043620,1.876834,0.016320,0.00003629,0.00222360,0.444329,0.000000,EXPLORER
207100,0.032510,1.846719,0.064736,0.00003757,0.00058041,0.442212,0.000000,EXPLORER
207200,0.113203,2.019024,0.026232,0.00003747,0.00142816,0.439671,0.000000,EXPLORER
207300,0.250029,1.995038,0.001793,0.00003371,0.01878666,0.435697,0.000000,EXPLORER
207400,0.400969,3.002888,0.019359,0.00004424,0.00228488,0.419662,0.000000,EXPLORER
207500,0.038333,3.117787,0.006127,0.00004495,0.00733587,0.402097,0.000000,EXPLORER
207600,0.209192,3.153800,0.011503,0.00004552,0.00395670,0.384355,0.000000,EXPLORER
207700,0.222204,2.330943,0.191280,0.00004201,0.00021965,0.368368,0.000000,EXPLORER
207800,0.285994,3.191544,0.143039,0.00004720,0.00032998,0.352628,0.000000,EXPLORER
207900,0.393530,2.639669,0.271034,0.00027059,0.00099837,0.277324,0.000000,EXPLORER
208000,0.101849,2.809554,0.039177,0.00004673,0.00119265,0.229291,0.005382,EXPLORER
208100,0.698870,1.616833,0.233332,0.00004026,0.00017255,0.210210,0.005382,EXPLORER
208200,0.333795,3.686083,0.205971,0.00026526,0.00128785,0.132731,0.005382,EXPLORER
208300,0.642057,3.792744,0.393850,0.00028536,0.00072454,0.099190,0.005382,EXPLORER
208400,0.126707,3.847396,0.322998,0.00028492,0.00088212,0.083011,0.005382,EXPLORER
208500,0.173434,2.029248,0.143931,0.00024951,0.00173351,0.066371,0.005382,EXPLORER
208600,0.694998,2.092140,0.221513,0.00025100,0.00113312,0.050250,0.005382,EXPLORER
208700,0.158395,2.659637,0.205037,0.00027460,0.00133927,0.035252,0.005382,EXPLORER
208800,0.137653,2.165797,0.090332,0.00007089,0.00078481,0.028616,0.005382,EXPLORER
208900,0.527503,1.892723,0.039738,0.00007683,0.00193333,0.022529,0.005382,EXPLORER
209000,0.509163,1.585487,0.001405,0.00003418,0.02430740,0.018853,0.005382,EXPLORER
209100,0.372765,1.652477,0.170427,0.00008265,0.00048496,0.360230,0.005382,EXPLORER
209200,0.380470,1.882489,0.056441,0.00003740,0.00066259,0.357264,0.005382,EXPLORER
209300,0.372160,1.944437,0.013458,0.00004982,0.00370174,0.354826,0.005382,EXPLORER
209400,0.350523,1.845423,0.023371,0.00002857,0.00122224,0.352554,0.005382,EXPLORER
209500,0.285043,1.819637,0.004461,0.00003996,0.00895473,0.350670,0.005382,EXPLORER
209600,0.297608,1.824562,0.102880,0.00010887,0.00105824,0.346236,0.005382,EXPLORER
209700,0.185476,1.991747,0.137053,0.00012782,0.00093262,0.339296,0.005382,EXPLORER
209800,0.255230,1.907146,0.130856,0.00010701,0.00081774,0.333106,0.005382,EXPLORER
209900,0.436576,1.845007,0.018372,0.00010836,0.00589787,0.326750,0.005382,EXPLORER
210000,0.130897,2.558935,0.209306,0.00024278,0.00115994,0.316313,0.005382,EXPLORER
210100,0.385220,1.910985,0.153378,0.00023900,0.00155823,0.302602,0.005382,EXPLORER
210200,0.312824,1.910620,0.328699,0.00026638,0.00081042,0.289743,0.005382,EXPLORER
210300,0.182159,2.472585,0.178863,0.00023541,0.00131616,0.273942,0.005382,EXPLORER
210400,0.698870,2.881539,0.390355,0.00032736,0.00083861,0.260656,0.005382,EXPLORER
210500,0.382095,2.051137,0.349459,0.00039023,0.00111666,0.239542,0.005382,EXPLORER
210600,0.299547,1.911113,0.248891,0.00032473,0.00130469,0.218687,0.005382,EXPLORER
210700,0.334553,2.771387,0.312778,0.00028490,0.00091087,0.203810,0.005382,EXPLORER
210800,0.147052,3.209349,0.193574,0.00027871,0.00143983,0.187474,0.005382,EXPLORER
210900,0.286178,1.944408,0.177733,0.00025482,0.00143373,0.172102,0.005382,EXPLORER
211000,0.081490,1.660049,0.242172,0.00026809,0.00110702,0.156357,0.005382,EXPLORER
211100,0.155410,1.683828,0.281311,0.00026864,0.00095494,0.140283,0.005382,EXPLORER
211200,0.293788,2.480120,0.321473,0.00025474,0.00079241,0.124217,0.005382,EXPLORER
211300,0.131387,3.208663,0.238117,0.00029900,0.00125567,0.106922,0.005382,EXPLORER
211400,0.114840,2.528493,0.200088,0.00029277,0.00146319,0.089651,0.005382,EXPLORER
211500,0.267974,2.195436,0.278194,0.00029184,0.00104904,0.073755,0.005382,EXPLORER
211600,0.018376,3.187802,0.182658,0.00027810,0.00152251,0.058469,0.005382,EXPLORER
211700,0.698870,1.990947,0.229724,0.00027054,0.00117765,0.042020,0.005382,EXPLORER
211800,0.225705,1.951790,0.151290,0.00026923,0.00177958,0.026320,0.005382,EXPLORER
211900,0.109775,1.796714,0.120283,0.00026747,0.00222363,0.010369,0.005382,EXPLORER
212000,0.407096,1.580982,0.086476,0.00006761,0.00078181,0.995794,0.000000,EXPLORER
212100,0.111566,1.952109,0.024659,0.00004871,0.00197519,0.993112,0.000000,EXPLORER
212200,0.314393,1.962260,0.051764,0.00003757,0.00072581,0.990564,0.000000,EXPLORER
212300,0.288132,1.916245,0.012478,0.00003938,0.00315594,0.988410,0.000000,EXPLORER
212400,0.279845,1.877871,0.045005,0.00003670,0.00081542,0.986186,0.000000,EXPLORER
212500,0.319896,1.992253,0.003134,0.00003440,0.01097281,0.983713,0.000000,EXPLORER
212600,0.200550,1.906104,0.060156,0.00004137,0.00068776,0.981283,0.000000,EXPLORER
212700,0.065555,1.895403,0.043268,0.00003227,0.00074583,0.979382,0.000000,EXPLORER
212800,0.080715,1.900859,0.020253,0.00004077,0.00201307,0.977454,0.000000,EXPLORER
212900,0.153627,2.056835,0.105714,0.00002483,0.00023484,0.975375,0.000000,EXPLORER
213000,0.072631,1.935710,0.004125,0.00004760,0.01153691,0.972992,0.000000,EXPLORER
213100,0.246053,1.906122,0.016581,0.00002826,0.00170427,0.971061,0.000000,EXPLORER
213200,0.212179,1.909909,0.007511,0.00004253,0.00566141,0.969193,0.000000,EXPLORER
213300,0.230204,2.046645,0.045097,0.00002158,0.00047842,0.967078,0.000000,EXPLORER
213400,0.416512,1.957536,0.009778,0.00004831,0.00493990,0.964975,0.000000,EXPLORER
213500,0.385950,1.904481,0.002778,0.00002931,0.01054716,0.962953,0.000000,EXPLORER
213600,0.218933,1.868777,0.002303,0.00004036,0.01751988,0.961150,0.000000,EXPLORER
213700,0.498473,1.998056,0.030090,0.00002889,0.00096003,0.958571,0.000000,EXPLORER
213800,0.405258,1.959100,0.024116,0.00004078,0.00169108,0.956150,0.000000,EXPLORER
213900,0.177346,1.931196,0.009557,0.00003563,0.00372726,0.953561,0.000000,EXPLORER
214000,0.075845,2.049169,0.030610,0.00003777,0.00123391,0.951425,0.000000,EXPLORER
214100,0.097758,2.077681,0.015438,0.00004180,0.00270742,0.949316,0.000000,EXPLORER
214200,0.317574,1.965960,0.176647,0.00003932,0.00022256,0.947184,0.000000,EXPLORER
214300,0.286287,1.922658,0.100943,0.00003715,0.00036803,0.945117,0.000000,EXPLORER
214400,0.046307,1.912144,0.028496,0.00003679,0.00129103,0.943343,0.000000,EXPLORER
214500,0.397410,1.985946,0.001639,0.00003714,0.02264849,0.941077,0.000000,EXPLORER
214600,0.617171,1.954589,0.073252,0.00003588,0.00048979,0.938900,0.000000,EXPLORER
214700,0.070032,1.907423,0.041936,0.00003697,0.00088154,0.936678,0.000000,EXPLORER
214800,0.282238,1.911578,0.075357,0.00003740,0.00049625,0.934830,0.000000,EXPLORER
214900,0.361565,1.920451,0.125569,0.00003882,0.00030917,0.932542,0.000000,EXPLORER
215000,0.082303,1.879683,0.074996,0.00004101,0.00054679,0.930317,0.000000,EXPLORER
215100,0.331762,1.861268,0.089632,0.00003692,0.00041187,0.928257,0.000000,EXPLORER
215200,0.130477,1.854688,0.052616,0.00003694,0.00070199,0.926281,0.000000,EXPLORER
215300,0.218903,1.939338,0.054067,0.00003755,0.00069451,0.923978,0.000000,EXPLORER
215400,0.312843,1.876460,0.053818,0.00004094,0.00076069,0.921775,0.000000,EXPLORER
215500,0.253346,1.875931,0.091937,0.00004004,0.00043546,0.919692,0.000000,EXPLORER
215600,0.700000,1.873604,0.061436,0.00003626,0.00059027,0.917783,0.000000,EXPLORER
215700,0.295910,1.988284,0.051006,0.00004166,0.00081671,0.915327,0.000000,EXPLORER
215800,0.448036,1.948647,0.035206,0.00003685,0.00104656,0.913150,0.000000,EXPLORER
215900,0.182866,1.914803,0.020582,0.00003735,0.00181452,0.911069,0.000000,EXPLORER
216000,0.700000,1.908576,0.033117,0.00003781,0.00114175,0.909084,0.000000,EXPLORER
216100,0.379646,2.041020,0.080036,0.00003863,0.00048264,0.906869,0.000000,EXPLORER
216200,0.700000,1.930172,0.028131,0.00003697,0.00131411,0.904672,0.000000,EXPLORER
216300,0.314880,1.906897,0.069552,0.00003774,0.00054256,0.902530,0.000000,EXPLORER
216400,0.240935,1.921098,0.101015,0.00003795,0.00037569,0.900445,0.000000,EXPLORER
216500,0.416413,2.081490,0.040711,0.00004322,0.00106151,0.898103,0.000000,EXPLORER
216600,0.208498,1.911961,0.063593,0.00003744,0.00058879,0.895770,0.000000,EXPLORER
216700,0.174155,1.861757,0.240942,0.00003945,0.00016374,0.893648,0.000000,EXPLORER
216800,0.166899,1.871325,0.041308,0.00003654,0.00088455,0.891649,0.000000,EXPLORER
216900,0.131267,2.032996,0.041308,0.00003792,0.00091784,0.889529,0.000000,EXPLORER
217000,0.429698,1.938537,0.176625,0.00003959,0.00022413,0.887393,0.000000,EXPLORER
217100,0.389639,1.904200,0.137780,0.00003801,0.00027585,0.885320,0.000000,EXPLORER
217200,0.083627,1.900975,0.021767,0.00003655,0.00167896,0.883414,0.000000,EXPLORER
217300,0.700000,2.011324,0.005528,0.00003783,0.00684216,0.881237,0.000000,EXPLORER
217400,0.223895,1.985872,0.211602,0.00003991,0.00018859,0.879039,0.000000,EXPLORER
217500,0.145752,1.933562,0.057232,0.00003758,0.00065657,0.876942,0.000000,EXPLORER
217600,0.515974,1.911522,0.034692,0.00003666,0.00105666,0.875012,0.000000,EXPLORER
217700,0.025326,1.956735,0.020274,0.00003701,0.00182556,0.872705,0.000000,EXPLORER
217800,0.017655,1.970426,0.028686,0.00003657,0.00127476,0.870324,0.000000,EXPLORER
217900,0.213610,1.939463,0.074561,0.00003749,0.00050287,0.868315,0.000000,EXPLORER
218000,0.427277,1.934879,0.014484,0.00003682,0.00254163,0.866368,0.000000,EXPLORER
218100,0.058937,1.963569,0.099188,0.00004147,0.00041813,0.864079,0.000000,EXPLORER
218200,0.172650,1.873454,0.033009,0.00003076,0.00093198,0.861707,0.000000,EXPLORER
218300,0.591823,1.859315,0.095550,0.00002837,0.00029696,0.859687,0.000000,EXPLORER
218400,0.410526,1.858886,0.080240,0.00003624,0.00045165,0.857739,0.000000,EXPLORER
218500,0.472032,1.977684,0.257526,0.00004023,0.00015621,0.855458,0.000000,EXPLORER
218600,0.247120,2.004487,0.113763,0.00003855,0.00033890,0.853135,0.000000,EXPLORER
218700,0.700000,1.907844,0.142727,0.00003860,0.00027042,0.851090,0.000000,EXPLORER
218800,0.191546,1.910740,0.051872,0.00003642,0.00070212,0.848427,0.000000,EXPLORER
218900,0.091865,1.916717,0.197976,0.00003936,0.00019880,0.845358,0.000000,EXPLORER
219000,0.141777,1.876265,0.097944,0.00003750,0.00038283,0.843032,0.000000,EXPLORER
219100,0.392578,1.872590,0.004879,0.00003650,0.00747895,0.840940,0.000000,EXPLORER
219200,0.369726,1.907831,0.195099,0.00003984,0.00020421,0.838947,0.000000,EXPLORER
219300,0.215774,1.902095,0.025487,0.00003673,0.00144094,0.836865,0.000000,EXPLORER
219400,0.700000,1.925125,0.075213,0.00003587,0.00047684,0.834438,0.000000,EXPLORER
219500,0.128580,1.896656,0.074549,0.00003727,0.00049997,0.832347,0.000000,EXPLORER
219600,0.427088,1.897039,0.170113,0.00003837,0.00022555,0.830442,0.000000,EXPLORER
219700,0.173035,1.918443,0.177630,0.00003546,0.00019963,0.828229,0.000000,EXPLORER
219800,0.426704,1.914454,0.032625,0.00003727,0.00114224,0.826078,0.000000,EXPLORER
219900,0.259833,1.885591,0.165483,0.00003849,0.00023256,0.824052,0.000000,EXPLORER
220000,0.333329,1.868904,0.099388,0.00003722,0.00037451,0.822034,0.000000,EXPLORER
220100,0.218243,1.954931,0.089701,0.00003778,0.00042116,0.819788,0.000000,EXPLORER
220200,0.403068,1.911975,0.086338,0.00004115,0.00047663,0.817507,0.000000,EXPLORER
220300,0.305848,1.881067,0.032267,0.00003840,0.00118996,0.815490,0.000000,EXPLORER
220400,0.315670,1.866168,0.064635,0.00003860,0.00059721,0.813516,0.000000,EXPLORER
220500,0.383450,1.995122,0.076726,0.00003772,0.00049157,0.811247,0.000000,EXPLORER
220600,0.398072,1.924977,0.079071,0.00003790,0.00047932,0.809118,0.000000,EXPLORER
220700,0.414431,1.885527,0.090578,0.00003802,0.00041970,0.807161,0.000000,EXPLORER
220800,0.261289,1.873376,0.063101,0.00003679,0.00058297,0.805157,0.000000,EXPLORER
220900,0.230019,2.023927,0.001441,0.00003638,0.02523933,0.803006,0.000000,EXPLORER
221000,0.068875,1.922021,0.038003,0.00003698,0.00097302,0.800810,0.000000,EXPLORER
221100,0.351700,1.884739,0.012416,0.00003519,0.00283421,0.798823,0.000000,EXPLORER
221200,0.353866,1.890248,0.019818,0.00003810,0.00192221,0.796863,0.000000,EXPLORER
221300,0.353196,2.041515,0.131150,0.00003605,0.00027486,0.794602,0.000000,EXPLORER
221400,0.070333,1.934954,0.081945,0.00004065,0.00049610,0.792388,0.000000,EXPLORER
221500,0.147148,1.896377,0.030118,0.00003430,0.00113871,0.790313,0.000000,EXPLORER
221600,0.174501,1.901231,0.163116,0.00003862,0.00023679,0.788347,0.000000,EXPLORER
221700,0.257449,2.038176,0.113673,0.00003404,0.00029949,0.786189,0.000000,EXPLORER
221800,0.133355,1.906868,0.000509,0.00003947,0.07733589,0.784032,0.000000,EXPLORER
221900,0.426384,1.849884,0.002137,0.00003442,0.01609671,0.782016,0.000000,EXPLORER
222000,0.137431,1.843375,0.093106,0.00003840,0.00041242,0.780142,0.000000,EXPLORER
222100,0.202089,1.927755,0.038026,0.00003426,0.00090092,0.777845,0.000000,EXPLORER
222200,0.297549,1.913772,0.108358,0.00003904,0.00036032,0.775694,0.000000,EXPLORER
222300,0.036683,1.892009,0.073917,0.00003694,0.00049977,0.773563,0.000000,EXPLORER
222400,0.122846,1.877909,0.016033,0.00003637,0.00226818,0.771585,0.000000,EXPLORER
222500,0.042354,1.914033,0.159924,0.00003890,0.00024326,0.769318,0.000000,EXPLORER
222600,0.104112,1.958533,0.011908,0.00003568,0.00299632,0.767176,0.000000,EXPLORER
222700,0.037875,1.912747,0.015099,0.00003794,0.00251255,0.765005,0.000000,EXPLORER
222800,0.024334,1.891424,0.008356,0.00003528,0.00422186,0.762980,0.000000,EXPLORER
222900,0.075060,1.915526,0.001335,0.00004012,0.03002195,0.760697,0.000000,EXPLORER
223000,0.208695,1.849428,0.081073,0.00003408,0.00042033,0.758392,0.000000,EXPLORER
223100,0.180697,1.848997,0.004847,0.00003607,0.00743982,0.756319,0.000000,EXPLORER
223200,0.077907,1.851512,0.000228,0.00003499,0.15278848,0.754369,0.000000,EXPLORER
223300,0.221611,1.904403,0.198724,0.00003943,0.00019840,0.752192,0.000000,EXPLORER
223400,0.411528,1.852451,0.005669,0.00003815,0.00672867,0.750047,0.000000,EXPLORER
223500,0.401990,1.844518,0.269982,0.00004132,0.00015304,0.747937,0.000000,EXPLORER
223600,0.609500,1.843429,0.111484,0.00003689,0.00033092,0.746020,0.000000,EXPLORER
223700,0.507193,1.921739,0.003062,0.00003710,0.01211458,0.743636,0.000000,EXPLORER
223800,0.001075,1.862804,0.003420,0.00003605,0.01053785,0.741450,0.000000,EXPLORER
223900,0.103003,1.850687,0.025863,0.00003827,0.00147957,0.739314,0.000000,EXPLORER
224000,0.048415,1.845401,0.098568,0.00003568,0.00036196,0.737349,0.000000,EXPLORER
224100,0.153060,1.978199,0.048080,0.00004342,0.00090310,0.735076,0.000000,EXPLORER
224200,0.293364,1.973867,0.082323,0.00003780,0.00045922,0.732830,0.000000,EXPLORER
224300,0.078015,1.893776,0.012304,0.00003637,0.00295549,0.730648,0.000000,EXPLORER
224400,0.110244,1.882773,0.061501,0.00003724,0.00060558,0.728712,0.000000,EXPLORER
224500,0.163803,2.001659,0.007347,0.00003710,0.00504880,0.726395,0.000000,EXPLORER
224600,0.569307,1.930964,0.103802,0.00003825,0.00036853,0.724141,0.000000,EXPLORER
224700,0.368073,1.887654,0.020235,0.00003903,0.00192890,0.721990,0.000000,EXPLORER
224800,0.700000,1.887924,0.124000,0.00004055,0.00032702,0.719947,0.000000,EXPLORER
224900,0.700000,2.043419,0.130823,0.00003836,0.00029324,0.717655,0.000000,EXPLORER
225000,0.445605,1.983183,0.058807,0.00003721,0.00063269,0.715373,0.000000,EXPLORER
225100,0.394427,1.899386,0.044856,0.00003745,0.00083481,0.713260,0.000000,EXPLORER
225200,0.427584,1.882913,0.158037,0.00003799,0.00024040,0.711239,0.000000,EXPLORER
225300,0.111803,2.023038,0.057533,0.00003819,0.00066373,0.708877,0.000000,EXPLORER
225400,0.061838,1.913858,0.002289,0.00003651,0.01594514,0.706673,0.000000,EXPLORER
225500,0.223612,1.858613,0.089049,0.00003713,0.00041694,0.704580,0.000000,EXPLORER
225600,0.049489,1.841352,0.001080,0.00003767,0.03485502,0.702636,0.000000,EXPLORER
225700,0.161767,1.995731,0.066637,0.00003782,0.00056751,0.700249,0.000000,EXPLORER
225800,0.238076,1.912029,0.111857,0.00003837,0.00034298,0.697999,0.000000,EXPLORER
225900,0.383911,1.858296,0.020387,0.00003347,0.00164191,0.695979,0.000000,EXPLORER
226000,0.054305,1.852138,0.048218,0.00003665,0.00076004,0.693936,0.000000,EXPLORER
226100,0.150163,1.940629,0.019662,0.00003669,0.00186596,0.691603,0.000000,EXPLORER
226200,0.535089,1.860701,0.216146,0.00003675,0.00017004,0.689154,0.000000,EXPLORER
226300,0.399349,1.849105,0.103756,0.00003706,0.00035718,0.686983,0.000000,EXPLORER
226400,0.090561,1.850871,0.005702,0.00003734,0.00654685,0.684948,0.000000,EXPLORER
226500,0.169070,1.959977,0.008190,0.00003993,0.00487549,0.682690,0.000000,EXPLORER
226600,0.396030,1.907374,0.153801,0.00003825,0.00024871,0.680435,0.000000,EXPLORER
226700,0.624890,1.874538,0.052921,0.00003683,0.00069597,0.678237,0.000000,EXPLORER
226800,0.265648,1.867444,0.036969,0.00003643,0.00098532,0.676205,0.000000,EXPLORER
226900,0.285746,1.979346,0.059926,0.00003742,0.00062450,0.673797,0.000000,EXPLORER
227000,0.390001,1.947271,0.212380,0.00003952,0.00018606,0.671383,0.000000,EXPLORER
227100,0.287049,1.888119,0.053181,0.00003552,0.00066790,0.669236,0.000000,EXPLORER
227200,0.014577,1.852540,0.312453,0.00004074,0.00013038,0.667190,0.000000,EXPLORER
227300,0.357028,1.912429,0.064810,0.00004088,0.00063081,0.664790,0.000000,EXPLORER
227400,0.160318,1.916546,0.247206,0.00004004,0.00016197,0.662427,0.000000,EXPLORER
227500,0.412945,1.863844,0.100556,0.00003809,0.00037884,0.660311,0.000000,EXPLORER
227600,0.065881,1.909387,0.067195,0.00003726,0.00055454,0.658292,0.000000,EXPLORER
227700,0.251402,1.941166,0.018598,0.00003457,0.00185860,0.655865,0.000000,EXPLORER
227800,0.384097,1.924758,0.111054,0.00004056,0.00036521,0.653501,0.000000,EXPLORER
227900,0.382129,1.909166,0.023352,0.00003714,0.00159040,0.651245,0.000000,EXPLORER
228000,0.445190,1.890938,0.053273,0.00003722,0.00069857,0.649142,0.000000,EXPLORER
228100,0.452407,2.003668,0.137664,0.00003874,0.00028142,0.646790,0.000000,EXPLORER
228200,0.109843,1.956923,0.080709,0.00003779,0.00046827,0.644487,0.000000,EXPLORER
228300,0.350012,1.906743,0.008068,0.00003662,0.00453879,0.642347,0.000000,EXPLORER
228400,0.579470,1.938304,0.034005,0.00003734,0.00109813,0.640118,0.000000,EXPLORER
228500,0.281065,2.031591,0.017291,0.00004137,0.00239219,0.637436,0.000000,EXPLORER
228600,0.124979,1.916778,0.006614,0.00003641,0.00550443,0.635014,0.000000,EXPLORER
228700,0.096324,1.876062,0.029588,0.00003648,0.00123293,0.632909,0.000000,EXPLORER
228800,0.326165,1.934007,0.081601,0.00003694,0.00045268,0.630880,0.000000,EXPLORER
228900,0.318455,2.036227,0.068423,0.00003793,0.00055436,0.628526,0.000000,EXPLORER
229000,0.243466,1.948866,0.023628,0.00003448,0.00145933,0.626208,0.000000,EXPLORER
229100,0.128732,1.893865,0.003375,0.00003743,0.01108766,0.624080,0.000000,EXPLORER
229200,0.095042,1.872266,0.095835,0.00003727,0.00038891,0.622066,0.000000,EXPLORER
229300,0.461711,1.982231,0.002992,0.00003761,0.01256523,0.619706,0.000000,EXPLORER
229400,0.052642,1.902403,0.113814,0.00003898,0.00034251,0.617416,0.000000,EXPLORER
229500,0.289686,1.871814,0.060217,0.00003670,0.00060946,0.615306,0.000000,EXPLORER
229600,0.191141,1.849765,0.031017,0.00003656,0.00117877,0.613352,0.000000,EXPLORER
229700,0.250907,1.939607,0.073360,0.00003797,0.00051752,0.610877,0.000000,EXPLORER
229800,0.065599,1.876282,0.068962,0.00004066,0.00058958,0.608498,0.000000,EXPLORER
229900,0.068967,1.850720,0.033980,0.00003640,0.00107110,0.606375,0.000000,EXPLORER
230000,0.044645,1.864772,0.106713,0.00003836,0.00035943,0.604236,0.000000,EXPLORER
230100,0.192925,1.956478,0.013978,0.00004096,0.00293004,0.601893,0.000000,EXPLORER
230200,0.430776,1.871530,0.049019,0.00003498,0.00071359,0.599622,0.000000,EXPLORER
230300,0.401000,1.834050,0.085939,0.00003759,0.00043743,0.597399,0.000000,EXPLORER
230400,0.492158,1.848178,0.008069,0.00003660,0.00453539,0.595240,0.000000,EXPLORER
230500,0.276844,1.980967,0.038184,0.00004224,0.00110621,0.592835,0.000000,EXPLORER
230600,0.059265,1.894393,0.136190,0.00004072,0.00029897,0.590594,0.000000,EXPLORER
230700,0.315715,1.854921,0.127128,0.00003757,0.00029549,0.587890,0.000000,EXPLORER
230800,0.700000,1.954230,0.090830,0.00003813,0.00041984,0.585730,0.000000,EXPLORER
230900,0.457088,2.020346,0.096961,0.00003891,0.00040128,0.583164,0.000000,EXPLORER
231000,0.438819,1.999892,0.072719,0.00004068,0.00055940,0.580792,0.000000,EXPLORER
231100,0.203055,1.913939,0.158676,0.00003862,0.00024341,0.578527,0.000000,EXPLORER
231200,0.287233,1.964060,0.216146,0.00004020,0.00018600,0.576377,0.000000,EXPLORER
231300,0.381971,1.973955,0.095297,0.00003824,0.00040127,0.573728,0.000000,EXPLORER
231400,0.370459,1.842040,0.053032,0.00003635,0.00068545,0.571093,0.000000,EXPLORER
231500,0.161807,1.865372,0.067199,0.00003710,0.00055206,0.568922,0.000000,EXPLORER
231600,0.122206,1.925799,0.043050,0.00003696,0.00085849,0.567020,0.000000,EXPLORER
231700,0.330790,1.957083,0.083406,0.00003762,0.00045107,0.564698,0.000000,EXPLORER
231800,0.455992,1.856640,0.220824,0.00004110,0.00018610,0.562222,0.000000,EXPLORER
231900,0.359467,1.840977,0.049133,0.00003705,0.00075402,0.559964,0.000000,EXPLORER
232000,0.390113,1.872068,0.087005,0.00003698,0.00042497,0.557994,0.000000,EXPLORER
232100,0.212574,1.911820,0.219442,0.00003968,0.00018081,0.555449,0.000000,EXPLORER
232200,0.170000,1.856501,0.039211,0.00003909,0.00099684,0.553067,0.000000,EXPLORER
232300,0.353732,1.849525,0.031672,0.00003602,0.00113727,0.550882,0.000000,EXPLORER
232400,0.103036,1.838246,0.087677,0.00003709,0.00042306,0.548807,0.000000,EXPLORER
232500,0.125290,1.888328,0.086321,0.00003735,0.00043271,0.546314,0.000000,EXPLORER
232600,0.216995,1.920003,0.062923,0.00003960,0.00062935,0.544068,0.000000,EXPLORER
232700,0.411255,1.869653,0.055751,0.00003746,0.00067186,0.542026,0.000000,EXPLORER
232800,0.084311,1.742089,0.098357,0.00003656,0.00037170,0.540008,0.000000,EXPLORER
232900,0.152279,1.963981,0.022774,0.00003724,0.00163490,0.537744,0.000000,EXPLORER
233000,0.072405,1.991891,0.069455,0.00003864,0.00055638,0.535474,0.000000,EXPLORER
233100,0.268535,1.862951,0.024549,0.00003674,0.00149666,0.532941,0.000000,EXPLORER
233200,0.351363,1.947776,0.067566,0.00003854,0.00057046,0.530741,0.000000,EXPLORER
233300,0.197395,1.916705,0.085346,0.00004149,0.00048611,0.528333,0.000000,EXPLORER
233400,0.133949,1.915806,0.016778,0.00003668,0.00218572,0.525801,0.000000,EXPLORER
233500,0.502419,1.869953,0.006897,0.00003522,0.00510580,0.523640,0.000000,EXPLORER
233600,0.367297,1.925942,0.055597,0.00003828,0.00068843,0.521515,0.000000,EXPLORER
233700,0.194224,1.986317,0.034508,0.00004159,0.00120531,0.518782,0.000000,EXPLORER
233800,0.331827,1.873912,0.006979,0.00003830,0.00548748,0.516251,0.000000,EXPLORER
233900,0.015697,1.853711,0.080280,0.00003721,0.00046343,0.513941,0.000000,EXPLORER
234000,0.254767,1.901092,0.067345,0.00003757,0.00055790,0.511934,0.000000,EXPLORER
234100,0.208291,1.987450,0.061436,0.00004216,0.00068616,0.509436,0.000000,EXPLORER
234200,0.645179,1.887949,0.116717,0.00003570,0.00030583,0.507352,0.000000,EXPLORER
234300,0.156365,1.837433,0.040224,0.00003503,0.00087077,0.505317,0.000000,EXPLORER
234400,0.336682,1.835062,0.199808,0.00003857,0.00019301,0.503288,0.000000,EXPLORER
234500,0.101827,1.944906,0.137694,0.00003868,0.00028088,0.500994,0.000000,EXPLORER
234600,0.617075,1.906162,0.011164,0.00003722,0.00333405,0.495872,0.000000,EXPLORER
234700,0.085870,2.989177,0.051838,0.00004487,0.00086550,0.479187,0.000000,EXPLORER
234800,0.091714,3.089632,0.033713,0.00004522,0.00134142,0.462231,0.000000,EXPLORER
234900,0.476925,2.075365,0.054280,0.00003925,0.00072313,0.459029,0.000000,EXPLORER
235000,0.009830,2.008791,0.042579,0.00003772,0.00088597,0.456435,0.000000,EXPLORER
235100,0.401952,1.931432,0.201014,0.00003031,0.00015078,0.454341,0.000000,EXPLORER
235200,0.141990,1.964711,0.088790,0.00003797,0.00042759,0.452205,0.000000,EXPLORER
235300,0.337413,2.023498,0.121838,0.00004204,0.00034503,0.449681,0.000000,EXPLORER
235400,0.126364,1.888562,0.041953,0.00003688,0.00087909,0.447196,0.000000,EXPLORER
235500,0.072654,1.886812,0.236676,0.00003990,0.00016858,0.445048,0.000000,EXPLORER
235600,0.360786,2.018142,0.058596,0.00003834,0.00065438,0.442034,0.000000,EXPLORER
235700,0.357466,1.993368,0.083499,0.00003780,0.00045266,0.439200,0.000000,EXPLORER
235800,0.262773,1.893613,0.097323,0.00003758,0.00038608,0.436320,0.000000,EXPLORER
235900,0.675486,1.907648,0.045640,0.00003649,0.00079944,0.433353,0.000000,EXPLORER
236000,0.123248,2.593209,0.025467,0.00004153,0.00163055,0.430525,0.000000,EXPLORER
236100,0.267537,2.004333,0.029395,0.00004081,0.00138834,0.427369,0.000000,EXPLORER
236200,0.116076,1.894160,0.065199,0.00003557,0.00054559,0.423659,0.000000,EXPLORER
236300,0.075621,1.995103,0.050849,0.00003809,0.00074916,0.420393,0.000000,EXPLORER
236400,0.077745,2.917263,0.022518,0.00004370,0.00194060,0.416647,0.000000,EXPLORER
236500,0.671294,1.897979,0.042801,0.00003773,0.00088162,0.412324,0.000000,EXPLORER
236600,0.394801,1.903475,0.016838,0.00003760,0.00223293,0.406924,0.000000,EXPLORER
236700,0.355014,2.887345,0.044963,0.00004378,0.00097367,0.402022,0.000000,EXPLORER
236800,0.187756,3.012424,0.053392,0.00004470,0.00083720,0.397688,0.000000,EXPLORER
236900,0.103976,1.907129,0.082562,0.00003745,0.00045354,0.393629,0.000000,EXPLORER
237000,0.240242,1.845668,0.100494,0.00003696,0.00036774,0.388722,0.000000,EXPLORER
237100,0.286110,2.888137,0.031290,0.00004385,0.00140129,0.384264,0.000000,EXPLORER
237200,0.264669,3.021008,0.069831,0.00004491,0.00064318,0.379682,0.000000,EXPLORER
237300,0.133695,1.922337,0.102532,0.00003789,0.00036958,0.374868,0.000000,EXPLORER
237400,0.400498,1.904552,0.090737,0.00003596,0.00039630,0.372677,0.000000,EXPLORER
237500,0.700000,1.888637,0.038864,0.00003819,0.00098252,0.370704,0.000000,EXPLORER
237600,0.362355,2.433976,0.077448,0.00004162,0.00053732,0.367586,0.000000,EXPLORER
237700,0.136445,1.930165,0.003212,0.00003303,0.01028021,0.363133,0.000000,EXPLORER
237800,0.263241,1.924421,0.044082,0.00003726,0.00084522,0.359549,0.000000,EXPLORER
237900,0.328439,2.273471,0.075826,0.00004044,0.00053332,0.356157,0.000000,EXPLORER
238000,0.085900,2.986523,0.188052,0.00004669,0.00024829,0.351691,0.000000,EXPLORER
238100,0.439848,1.964814,0.083681,0.00010998,0.00131424,0.342503,0.000000,EXPLORER
238200,0.206825,2.514380,0.121090,0.00016154,0.00133401,0.324254,0.000000,EXPLORER
238300,0.250164,1.494766,0.097553,0.00023436,0.00240240,0.294377,0.000000,EXPLORER
238400,0.574423,2.568155,0.428552,0.00035770,0.00083468,0.265816,0.000000,EXPLORER
238500,0.111238,1.933425,0.285993,0.00031443,0.00109942,0.246907,0.000000,EXPLORER
238600,0.378645,2.865000,0.209371,0.00037525,0.00179228,0.203413,0.000000,EXPLORER
238700,0.700000,1.470027,0.303826,0.00026903,0.00088547,0.178229,0.000000,EXPLORER
238800,0.247801,3.110368,0.340020,0.00027963,0.00082240,0.149689,0.000000,EXPLORER
238900,0.208690,1.957054,0.001021,0.00007257,0.07102180,0.134634,0.000000,EXPLORER
239000,0.456521,1.841694,0.026381,0.00003603,0.00136590,0.127881,0.000000,EXPLORER
239100,0.101635,2.978523,0.131713,0.00005477,0.00041581,0.117026,0.000000,EXPLORER
239200,0.096597,3.155593,0.023932,0.00004557,0.00190414,0.112470,0.000000,EXPLORER
239300,0.380110,1.509297,0.028345,0.00021956,0.00774571,0.104970,0.000000,EXPLORER
239400,0.358785,3.128753,0.134444,0.00004653,0.00034606,0.097067,0.000000,EXPLORER
239500,0.403045,2.134629,0.191149,0.00020152,0.00105423,0.087861,0.000000,EXPLORER
239600,0.122570,3.076563,0.022041,0.00005220,0.00236825,0.080799,0.000000,EXPLORER
239700,0.395204,1.886481,0.039430,0.00004543,0.00115204,0.077182,0.000000,EXPLORER
239800,0.106668,3.022779,0.061325,0.00004495,0.00073293,0.072924,0.000000,EXPLORER
239900,0.048539,1.962333,0.028694,0.00003675,0.00128086,0.069667,0.000000,EXPLORER
240000,0.454558,3.217130,0.027598,0.00004560,0.00165215,0.065940,0.000000,EXPLORER
240100,0.161846,1.920713,0.062685,0.00005036,0.00080331,0.063242,0.000000,EXPLORER
240200,0.122777,1.850623,0.159202,0.00003202,0.00020113,0.060623,0.000000,EXPLORER
240300,0.381058,1.798966,0.124300,0.00002965,0.00023854,0.057614,0.000000,EXPLORER
240400,0.607026,3.016266,0.042549,0.00004620,0.00108586,0.054139,0.000000,EXPLORER
240500,0.175057,1.756862,0.026468,0.00003063,0.00115735,0.050387,0.000000,EXPLORER
240600,0.700000,2.603864,0.216512,0.00007669,0.00035422,0.041773,0.000000,EXPLORER
240700,0.074234,2.330196,0.044114,0.00012125,0.00274857,0.033964,0.000000,EXPLORER
240800,0.239902,2.353119,0.010482,0.00009096,0.00867697,0.024281,0.000000,EXPLORER
240900,0.607302,1.978421,0.011163,0.00004571,0.00409481,0.017605,0.000000,EXPLORER
241000,0.267840,2.045076,0.038246,0.00003768,0.00098513,0.014062,0.000000,EXPLORER
241100,0.427619,2.106235,0.127224,0.00003954,0.00031081,0.011674,0.000000,EXPLORER
241200,0.381593,2.854478,0.049357,0.00004404,0.00089216,0.005707,0.000000,EXPLORER
241300,0.615437,2.001341,0.117827,0.00008506,0.00072186,0.995293,0.000000,EXPLORER
241400,0.486892,1.974180,0.163025,0.00003821,0.00023438,0.992181,0.000000,EXPLORER
241500,0.357101,1.992571,0.095117,0.00004028,0.00042351,0.988959,0.000000,EXPLORER
241600,0.002647,1.906730,0.010892,0.00003779,0.00346955,0.986457,0.000000,EXPLORER
241700,0.271728,1.934632,0.191498,0.00003979,0.00020779,0.983912,0.000000,EXPLORER
241800,0.230778,1.986463,0.011586,0.00003722,0.00321221,0.981095,0.000000,EXPLORER
241900,0.700000,1.939152,0.014103,0.00003766,0.00266986,0.979066,0.000000,EXPLORER
242000,0.175185,1.947776,0.044435,0.00003761,0.00084649,0.976852,0.000000,EXPLORER
242100,0.195691,1.981440,0.172746,0.00003951,0.00022873,0.974350,0.000000,EXPLORER
242200,0.437998,1.947671,0.058087,0.00003738,0.00064355,0.972023,0.000000,EXPLORER
242300,0.422162,1.915343,0.200529,0.00003915,0.00019523,0.969854,0.000000,EXPLORER
242400,0.224573,1.953324,0.063309,0.00003746,0.00059171,0.967660,0.000000,EXPLORER
242500,0.406333,2.028253,0.009885,0.00003744,0.00378769,0.965218,0.000000,EXPLORER
242600,0.081932,1.970719,0.054102,0.00004003,0.00073997,0.962715,0.000000,EXPLORER
242700,0.526053,1.925996,0.032189,0.00003715,0.00115413,0.960559,0.000000,EXPLORER
242800,0.592042,1.918048,0.078009,0.00003769,0.00048311,0.958682,0.000000,EXPLORER
242900,0.478064,2.015511,0.123522,0.00004078,0.00033010,0.956207,0.000000,EXPLORER
243000,0.382554,1.976114,0.020154,0.00003820,0.00189523,0.953763,0.000000,EXPLORER
243100,0.032325,1.925477,0.009697,0.00003671,0.00378493,0.951364,0.000000,EXPLORER
243200,0.138736,1.997053,0.039447,0.00003744,0.00094921,0.948852,0.000000,EXPLORER
243300,0.244352,2.028329,0.172652,0.00004393,0.00025444,0.946041,0.000000,EXPLORER
243400,0.192445,1.900408,0.012908,0.00003644,0.00282317,0.943749,0.000000,EXPLORER
243500,0.400481,1.870994,0.036954,0.00003702,0.00100170,0.941751,0.000000,EXPLORER
243600,0.376608,1.861818,0.020854,0.00003673,0.00176126,0.939694,0.000000,EXPLORER
243700,0.390210,2.025385,0.019299,0.00003890,0.00201580,0.937294,0.000000,EXPLORER
243800,0.193871,1.936112,0.112110,0.00003798,0.00033874,0.934891,0.000000,EXPLORER
243900,0.221011,1.910838,0.130208,0.00003824,0.00029367,0.932769,0.000000,EXPLORER
244000,0.174333,1.902101,0.000972,0.00003644,0.03745211,0.930842,0.000000,EXPLORER
244100,0.126838,2.046229,0.079578,0.00003931,0.00049397,0.928685,0.000000,EXPLORER
244200,0.299809,1.950389,0.020365,0.00003789,0.00186064,0.926359,0.000000,EXPLORER
244300,0.305114,1.902641,0.099281,0.00003754,0.00037807,0.924395,0.000000,EXPLORER
244400,0.509978,1.880173,0.120222,0.00003830,0.00031861,0.922576,0.000000,EXPLORER
244500,0.557457,1.954717,0.021996,0.00003759,0.00170891,0.920082,0.000000,EXPLORER
244600,0.077806,1.874715,0.067784,0.00003963,0.00058468,0.917735,0.000000,EXPLORER
244700,0.298684,1.863728,0.052359,0.00003719,0.00071027,0.915591,0.000000,EXPLORER
244800,0.320829,1.888625,0.137096,0.00003790,0.00027646,0.913650,0.000000,EXPLORER
244900,0.159784,2.000664,0.140734,0.00004321,0.00030702,0.911322,0.000000,EXPLORER
245000,0.093130,1.955821,0.013150,0.00003403,0.00258735,0.909082,0.000000,EXPLORER
245100,0.038898,1.904500,0.025477,0.00003842,0.00150802,0.907148,0.000000,EXPLORER
245200,0.074357,1.886971,0.166345,0.00003883,0.00023344,0.905135,0.000000,EXPLORER
245300,0.116804,1.936694,0.012251,0.00003876,0.00316359,0.902898,0.000000,EXPLORER
245400,0.168865,1.967567,0.217996,0.00003996,0.00018330,0.900771,0.000000,EXPLORER
245500,0.354517,1.926874,0.053743,0.00003800,0.00070714,0.898778,0.000000,EXPLORER
245600,0.265085,1.898768,0.012277,0.00003678,0.00299532,0.896913,0.000000,EXPLORER
245700,0.143345,2.010041,0.015804,0.00003637,0.00230097,0.894719,0.000000,EXPLORER
245800,0.441274,1.965955,0.032431,0.00003779,0.00116514,0.892455,0.000000,EXPLORER
245900,0.102720,1.919481,0.014297,0.00003547,0.00248103,0.890416,0.000000,EXPLORER
246000,0.057416,1.899721,0.006347,0.00003703,0.00583341,0.888165,0.000000,EXPLORER
246100,0.190571,1.988472,0.029254,0.00004127,0.00141067,0.885553,0.000000,EXPLORER
246200,0.243013,1.977618,0.165170,0.00003918,0.00023719,0.883259,0.000000,EXPLORER
246300,0.080841,1.922886,0.098136,0.00003788,0.00038600,0.881250,0.000000,EXPLORER
246400,0.117294,1.907924,0.089096,0.00003729,0.00041852,0.879386,0.000000,EXPLORER
246500,0.157893,2.009611,0.064293,0.00003798,0.00059064,0.877001,0.000000,EXPLORER
246600,0.060904,1.917094,0.072338,0.00003867,0.00053455,0.874875,0.000000,EXPLORER
246700,0.226793,1.887818,0.084769,0.00003594,0.00042395,0.872795,0.000000,EXPLORER
246800,0.365204,1.895607,0.157158,0.00003815,0.00024276,0.870722,0.000000,EXPLORER
246900,0.207251,2.059794,0.109812,0.00003900,0.00035519,0.868396,0.000000,EXPLORER
247000,0.156121,1.962232,0.138615,0.00003862,0.00027859,0.866196,0.000000,EXPLORER
247100,0.067250,1.921914,0.021265,0.00003368,0.00158381,0.864019,0.000000,EXPLORER
247200,0.395314,1.902357,0.080066,0.00003795,0.00047400,0.862057,0.000000,EXPLORER
247300,0.090013,2.042682,0.025297,0.00003047,0.00120446,0.859897,0.000000,EXPLORER
247400,0.125893,1.944785,0.013661,0.00003693,0.00270322,0.857835,0.000000,EXPLORER
247500,0.081918,1.879804,0.008321,0.00003617,0.00434672,0.855729,0.000000,EXPLORER
247600,0.152294,1.861108,0.160287,0.00004114,0.00025663,0.853860,0.000000,EXPLORER
247700,0.181019,1.980104,0.076263,0.00003793,0.00049735,0.851443,0.000000,EXPLORER
247800,0.053083,1.891732,0.060485,0.00004159,0.00068752,0.849017,0.000000,EXPLORER
247900,0.425458,1.878193,0.058541,0.00003758,0.00064199,0.846960,0.000000,EXPLORER
248000,0.053590,1.905519,0.020947,0.00003818,0.00182253,0.845012,0.000000,EXPLORER
248100,0.087674,2.031982,0.037044,0.00003771,0.00101800,0.842720,0.000000,EXPLORER
248200,0.049723,1.944956,0.044947,0.00003959,0.00088073,0.840461,0.000000,EXPLORER
248300,0.397575,1.891180,0.022487,0.00003706,0.00164798,0.838261,0.000000,EXPLORER
248400,0.358480,1.879465,0.065547,0.00003837,0.00058532,0.836259,0.000000,EXPLORER
248500,0.351092,2.020370,0.032058,0.00003722,0.00116111,0.833972,0.000000,EXPLORER
248600,0.087017,1.947310,0.117655,0.00003842,0.00032654,0.831806,0.000000,EXPLORER
248700,0.087004,1.892303,0.021143,0.00003633,0.00171811,0.829603,0.000000,EXPLORER
248800,0.349990,1.873999,0.054938,0.00003657,0.00066561,0.827526,0.000000,EXPLORER
248900,0.194917,2.003165,0.038145,0.00003825,0.00100268,0.825137,0.000000,EXPLORER
249000,0.090252,1.930324,0.053406,0.00003745,0.00070122,0.823042,0.000000,EXPLORER
249100,0.208909,1.900536,0.039148,0.00003666,0.00093650,0.821013,0.000000,EXPLORER
249200,0.187055,1.909920,0.078774,0.00003730,0.00047351,0.818449,0.000000,EXPLORER
249300,0.287550,2.010755,0.020997,0.00004069,0.00193769,0.816164,0.000000,EXPLORER
249400,0.391189,1.933551,0.021619,0.00003489,0.00161356,0.813907,0.000000,EXPLORER
249500,0.351491,1.873532,0.010216,0.00003665,0.00358677,0.811845,0.000000,EXPLORER
249600,0.147107,1.860926,0.126620,0.00003779,0.00029848,0.809926,0.000000,EXPLORER
249700,0.190149,1.971961,0.051096,0.00003773,0.00073842,0.807519,0.000000,EXPLORER
249800,0.045905,1.914163,0.043570,0.00003866,0.00088736,0.805114,0.000000,EXPLORER
249900,0.396828,1.894762,0.050738,0.00003583,0.00070608,0.803047,0.000000,EXPLORER
250000,0.267001,1.899387,0.128911,0.00003924,0.00030442,0.800952,0.000000,EXPLORER
250100,0.163820,2.034150,0.042970,0.00003805,0.00088558,0.798649,0.000000,EXPLORER
250200,0.190300,1.977455,0.073504,0.00004180,0.00056866,0.796032,0.000000,EXPLORER
250300,0.054685,1.912692,0.019255,0.00003373,0.00175185,0.794013,0.000000,EXPLORER
250400,0.167202,1.887605,0.034667,0.00003888,0.00112157,0.792189,0.000000,EXPLORER
250500,0.042207,1.958905,0.038430,0.00003724,0.00096893,0.789588,0.000000,EXPLORER
250600,0.150375,1.933829,0.084770,0.00004225,0.00049844,0.787193,0.000000,EXPLORER
250700,0.158394,1.891993,0.065590,0.00003395,0.00051758,0.785193,0.000000,EXPLORER
250800,0.166231,1.889676,0.039692,0.00003825,0.00096372,0.783299,0.000000,EXPLORER
250900,0.094990,1.874841,0.009546,0.00003167,0.00331689,0.781164,0.000000,EXPLORER
251000,0.425282,1.880590,0.035313,0.00003701,0.00104807,0.779215,0.000000,EXPLORER
251100,0.109874,1.866443,0.027529,0.00003649,0.00132537,0.777082,0.000000,EXPLORER
251200,0.102512,1.856355,0.010015,0.00003752,0.00374638,0.775160,0.000000,EXPLORER
251300,0.072822,1.926179,0.000824,0.00003651,0.04423238,0.772844,0.000000,EXPLORER
251400,0.142461,1.919304,0.090046,0.00004002,0.00044443,0.770776,0.000000,EXPLORER
251500,0.204029,1.893500,0.188663,0.00003895,0.00020644,0.768666,0.000000,EXPLORER
251600,0.050648,1.892170,0.145539,0.00003843,0.00026404,0.766642,0.000000,EXPLORER
251700,0.432033,2.032432,0.187581,0.00003981,0.00021222,0.764437,0.000000,EXPLORER
251800,0.086836,2.003645,0.039975,0.00003784,0.00094657,0.762113,0.000000,EXPLORER
251900,0.060016,1.900514,0.034859,0.00003676,0.00105449,0.759381,0.000000,EXPLORER
252000,0.120712,1.960708,0.027438,0.00003734,0.00136103,0.757085,0.000000,EXPLORER
252100,0.196171,1.921450,0.133166,0.00004260,0.00031990,0.754464,0.000000,EXPLORER
252200,0.018469,1.854728,0.123910,0.00003554,0.00028680,0.751107,0.000000,EXPLORER
252300,0.091242,2.781663,0.024457,0.00004270,0.00174584,0.737464,0.000000,EXPLORER
252400,0.062435,2.946744,0.126348,0.00004563,0.00036118,0.722212,0.000000,EXPLORER
252500,0.157337,1.959765,0.027671,0.00003625,0.00130985,0.707380,0.000000,EXPLORER
252600,0.480693,2.753453,0.005317,0.00004273,0.00803439,0.691110,0.000000,EXPLORER
252700,0.108825,1.428000,0.069420,0.00003371,0.00048555,0.675014,0.000000,EXPLORER
252800,0.048278,1.902300,0.025929,0.00003664,0.00141292,0.658310,0.000000,EXPLORER
252900,0.085756,2.846703,0.041856,0.00004336,0.00103583,0.642982,0.000000,EXPLORER
253000,0.010246,2.940916,0.022305,0.00004391,0.00196864,0.626023,0.000000,EXPLORER
253100,0.139061,3.004031,0.003109,0.00004418,0.01420567,0.609340,0.000000,EXPLORER
253200,0.333430,1.987535,0.150570,0.00003128,0.00020777,0.592257,0.000000,EXPLORER
253300,0.150368,1.982002,0.032452,0.00003723,0.00114725,0.576963,0.000000,EXPLORER
253400,0.387327,2.418215,0.025740,0.00004072,0.00158209,0.560146,0.000000,EXPLORER
253500,0.384439,3.121689,0.030759,0.00004487,0.00145866,0.543883,0.000000,EXPLORER
253600,0.178098,2.859470,0.050564,0.00004393,0.00086886,0.528444,0.000000,EXPLORER
253700,0.106252,2.027630,0.036162,0.00003775,0.00104379,0.516408,0.000000,EXPLORER
253800,0.060079,1.941027,0.021169,0.00004173,0.00197107,0.514032,0.000000,EXPLORER
253900,0.097877,1.884629,0.021500,0.00003484,0.00162043,0.511942,0.000000,EXPLORER
254000,0.597419,2.591758,0.115445,0.00004233,0.00036665,0.509892,0.000000,EXPLORER
254100,0.167377,2.042030,0.034701,0.00018279,0.00526728,0.504340,0.000000,EXPLORER
254200,0.372467,1.959007,0.031985,0.00003713,0.00116075,0.498094,0.000000,EXPLORER
254300,0.081060,1.886745,0.024445,0.00003657,0.00149577,0.496111,0.000000,EXPLORER
254400,0.044142,1.950217,0.028830,0.00003719,0.00128988,0.494143,0.000000,EXPLORER
254500,0.226621,2.019265,0.023258,0.00004062,0.00174626,0.489677,0.000000,EXPLORER
254600,0.065324,1.961018,0.013966,0.00003586,0.00256736,0.487264,0.000000,EXPLORER
254700,0.465402,1.905398,0.070236,0.00003797,0.00054052,0.485447,0.000000,EXPLORER
254800,0.444385,2.040299,0.004571,0.00003793,0.00829557,0.483629,0.000000,EXPLORER
254900,0.173850,1.979616,0.052462,0.00003751,0.00071504,0.481559,0.000000,EXPLORER
255000,0.054903,1.939820,0.026589,0.00003700,0.00139156,0.479387,0.000000,EXPLORER
255100,0.042901,1.841291,0.017425,0.00003771,0.00216431,0.477521,0.000000,EXPLORER
255200,0.051837,1.833049,0.002133,0.00003585,0.01679873,0.475811,0.000000,EXPLORER
255300,0.164649,1.917282,0.018841,0.00003844,0.00204020,0.473658,0.000000,EXPLORER
255400,0.132932,1.948556,0.142805,0.00003871,0.00027109,0.471554,0.000000,EXPLORER
255500,0.232773,1.869835,0.041229,0.00003426,0.00083107,0.469611,0.000000,EXPLORER
255600,0.066777,1.860782,0.022096,0.00003845,0.00174017,0.467715,0.000000,EXPLORER
255700,0.161767,1.987206,0.055572,0.00003795,0.00068280,0.465533,0.000000,EXPLORER
255800,0.415176,2.003140,0.180873,0.00003932,0.00021737,0.463373,0.000000,EXPLORER
255900,0.157982,1.920544,0.017544,0.00003256,0.00185561,0.461448,0.000000,EXPLORER
256000,0.430842,1.873615,0.126939,0.00003754,0.00029576,0.459606,0.000000,EXPLORER
256100,0.143767,2.003151,0.009328,0.00003712,0.00397851,0.457503,0.000000,EXPLORER
256200,0.262192,1.895405,0.137853,0.00004492,0.00032586,0.455425,0.000000,EXPLORER
256300,0.471501,1.856388,0.027970,0.00003670,0.00131199,0.453342,0.000000,EXPLORER
256400,0.160616,1.849666,0.035534,0.00003959,0.00111404,0.451609,0.000000,EXPLORER
256500,0.273805,1.879506,0.097417,0.00003756,0.00038553,0.449433,0.000000,EXPLORER
256600,0.221688,1.888309,0.056407,0.00003710,0.00065769,0.447274,0.000000,EXPLORER
256700,0.139447,1.861600,0.035519,0.00003661,0.00103062,0.445379,0.000000,EXPLORER
256800,0.089282,1.854552,0.027195,0.00003639,0.00133799,0.443674,0.000000,EXPLORER
256900,0.272454,1.961045,0.024107,0.00003711,0.00153927,0.441493,0.000000,EXPLORER
257000,0.420834,1.899484,0.040218,0.00003659,0.00090970,0.439438,0.000000,EXPLORER
257100,0.405609,1.856756,0.097999,0.00003880,0.00039596,0.437553,0.000000,EXPLORER
257200,0.031879,1.844357,0.014605,0.00003616,0.00247600,0.435762,0.000000,EXPLORER
257300,0.146955,2.002124,0.110966,0.00003649,0.00032887,0.433637,0.000000,EXPLORER
257400,0.022753,1.921374,0.047375,0.00003918,0.00082703,0.431568,0.000000,EXPLORER
257500,0.039306,1.884038,0.014456,0.00003473,0.00240235,0.429648,0.000000,EXPLORER
257600,0.054884,1.870272,0.009292,0.00003826,0.00411694,0.427945,0.000000,EXPLORER
257700,0.014622,1.915094,0.000996,0.00003017,0.03027178,0.426059,0.000000,EXPLORER
257800,0.100197,1.923240,0.002053,0.00004162,0.02026304,0.423931,0.000000,EXPLORER
257900,0.093718,1.883288,0.161065,0.00003875,0.00024057,0.421971,0.000000,EXPLORER
258000,0.114698,1.869744,0.053104,0.00004011,0.00075523,0.420085,0.000000,EXPLORER
258100,0.145437,1.935092,0.044744,0.00003734,0.00083446,0.417788,0.000000,EXPLORER
258200,0.176753,1.898019,0.035637,0.00004320,0.00121222,0.415667,0.000000,EXPLORER
258300,0.172375,1.852855,0.059873,0.00003668,0.00061263,0.413628,0.000000,EXPLORER
258400,0.036569,1.820045,0.071446,0.00003978,0.00055677,0.411596,0.000000,EXPLORER
258500,0.379968,1.952760,0.086469,0.00003050,0.00035278,0.409463,0.000000,EXPLORER
258600,0.070603,1.883564,0.058499,0.00004221,0.00072156,0.407304,0.000000,EXPLORER
258700,0.190304,1.852741,0.083346,0.00003715,0.00044577,0.405203,0.000000,EXPLORER
258800,0.091664,1.836864,0.047489,0.00003654,0.00076939,0.403380,0.000000,EXPLORER
258900,0.252143,1.985648,0.083381,0.00003824,0.00045856,0.401149,0.000000,EXPLORER
259000,0.201314,1.910995,0.023473,0.00004987,0.00212450,0.398510,0.000000,EXPLORER
259100,0.164117,1.867296,0.118669,0.00007389,0.00062268,0.395560,0.000000,EXPLORER
259200,0.273970,1.862368,0.091600,0.00005204,0.00056808,0.393414,0.000000,EXPLORER
259300,0.560500,1.986386,0.011684,0.00004999,0.00427807,0.390777,0.000000,EXPLORER
259400,0.245109,1.941647,0.087081,0.00007445,0.00085494,0.387992,0.000000,EXPLORER
259500,0.067147,1.887490,0.049038,0.00003689,0.00075228,0.385775,0.000000,EXPLORER
259600,0.242555,1.875393,0.017971,0.00003439,0.00191332,0.383989,0.000000,EXPLORER
259700,0.094686,1.915191,0.017701,0.00004277,0.00241615,0.381733,0.000000,EXPLORER
259800,0.052465,1.936562,0.129114,0.00007827,0.00060623,0.376997,0.000000,EXPLORER
259900,0.009930,1.887785,0.069129,0.00006868,0.00099348,0.373350,0.000000,EXPLORER
260000,0.146335,1.952060,0.051171,0.00005268,0.00102950,0.369817,0.000000,EXPLORER
260100,0.380220,2.001323,0.070689,0.00007725,0.00109274,0.365912,0.000000,EXPLORER
260200,0.438964,1.940988,0.033716,0.00004998,0.00148234,0.362931,0.000000,EXPLORER
260300,0.381911,1.877671,0.026689,0.00005358,0.00200757,0.360039,0.000000,EXPLORER
260400,0.416473,1.858956,0.014828,0.00007030,0.00474028,0.357643,0.000000,EXPLORER
260500,0.194718,2.011330,0.029686,0.00003553,0.00119678,0.355323,0.000000,EXPLORER
260600,0.066085,1.907201,0.025175,0.00003745,0.00148734,0.353359,0.000000,EXPLORER
260700,0.152478,1.868381,0.024436,0.00003656,0.00149618,0.351381,0.000000,EXPLORER
260800,0.427739,1.859348,0.127914,0.00013894,0.00108620,0.348830,0.000000,EXPLORER
260900,0.580578,1.864866,0.281898,0.00024009,0.00085169,0.336296,0.000000,EXPLORER
261000,0.374344,1.810669,0.168699,0.00021839,0.00129453,0.323644,0.000000,EXPLORER
261100,0.098024,1.849977,0.235172,0.00023979,0.00101964,0.311994,0.000000,EXPLORER
261200,0.308120,2.096503,0.498221,0.00026311,0.00052809,0.299410,0.000000,EXPLORER
261300,0.685171,1.936256,0.206886,0.00024408,0.00117978,0.285241,0.000000,EXPLORER
261400,0.144640,1.415638,0.307839,0.00024932,0.00080989,0.272332,0.000000,EXPLORER
261500,0.265236,2.274171,0.153184,0.00023287,0.00152017,0.256888,0.000000,EXPLORER
261600,0.397966,2.483482,0.575900,0.00038470,0.00066800,0.238472,0.000000,EXPLORER
261700,0.114614,3.235521,0.400884,0.00038145,0.00095152,0.214295,0.000000,EXPLORER
261800,0.699964,1.144617,0.222167,0.00028012,0.00126087,0.193300,0.000000,EXPLORER
261900,0.353445,2.696326,0.185431,0.00027503,0.00148317,0.177412,0.000000,EXPLORER
262000,0.114140,3.322690,0.278816,0.00028040,0.00100567,0.162252,0.000000,EXPLORER
262100,0.593418,1.995542,0.207962,0.00029022,0.00139556,0.145701,0.000000,EXPLORER
262200,0.220853,1.949504,0.244263,0.00029063,0.00118983,0.129554,0.000000,EXPLORER
262300,0.357894,2.343154,0.246391,0.00027285,0.00110737,0.114384,0.000000,EXPLORER
262400,0.554028,1.448445,0.005932,0.00008783,0.01480410,0.448033,0.000000,EXPLORER
262500,0.107836,1.841131,0.138132,0.00003857,0.00027919,0.445386,0.000000,EXPLORER
262600,0.077114,1.901672,0.133233,0.00003834,0.00028779,0.443168,0.000000,EXPLORER
262700,0.146028,1.848458,0.017699,0.00003620,0.00204546,0.441155,0.000000,EXPLORER
262800,0.229085,1.832420,0.014572,0.00003604,0.00247280,0.439274,0.000000,EXPLORER
262900,0.228507,1.946715,0.062784,0.00003747,0.00059676,0.436870,0.000000,EXPLORER
263000,0.597974,1.860037,0.223744,0.00003872,0.00017305,0.434731,0.000000,EXPLORER
263100,0.257805,1.819558,0.051031,0.00002807,0.00055000,0.432673,0.000000,EXPLORER
263200,0.223183,1.809363,0.092493,0.00003694,0.00039937,0.430797,0.000000,EXPLORER
263300,0.271763,1.958772,0.063396,0.00003790,0.00059776,0.428463,0.000000,EXPLORER
263400,0.372987,1.900892,0.190142,0.00004979,0.00026183,0.426404,0.000000,EXPLORER
263500,0.353894,1.859940,0.072496,0.00003066,0.00042293,0.424378,0.000000,EXPLORER
263600,0.232506,1.851052,0.023316,0.00004034,0.00173030,0.422504,0.000000,EXPLORER
263700,0.272107,1.992091,0.126094,0.00003155,0.00025018,0.420093,0.000000,EXPLORER
263800,0.517800,1.893100,0.038704,0.00003694,0.00095433,0.417963,0.000000,EXPLORER
263900,0.429176,1.873201,0.087726,0.00003799,0.00043305,0.415847,0.000000,EXPLORER
264000,0.160412,1.861094,0.013109,0.00003639,0.00277543,0.413707,0.000000,EXPLORER
264100,0.695320,2.019870,0.084061,0.00003841,0.00045693,0.410825,0.000000,EXPLORER
264200,0.202146,1.955568,0.012088,0.00003437,0.00284268,0.408196,0.000000,EXPLORER
264300,0.336620,1.888555,0.121511,0.00004049,0.00033323,0.405676,0.000000,EXPLORER
264400,0.050157,2.083970,0.022821,0.00003834,0.00168011,0.403440,0.000000,EXPLORER
264500,0.124700,2.019883,0.009655,0.00003317,0.00343530,0.401242,0.000000,EXPLORER
264600,0.334324,1.961991,0.030811,0.00003681,0.00119479,0.399190,0.000000,EXPLORER
264700,0.389651,1.867128,0.009469,0.00003481,0.00367539,0.397028,0.000000,EXPLORER
264800,0.165717,1.851608,0.009359,0.00003697,0.00395014,0.395094,0.000000,EXPLORER
264900,0.081728,2.008680,0.014061,0.00003736,0.00265674,0.392879,0.000000,EXPLORER
265000,0.164342,1.907079,0.121772,0.00003814,0.00031323,0.390764,0.000000,EXPLORER
265100,0.195533,1.859247,0.027568,0.00003595,0.00130397,0.388674,0.000000,EXPLORER
265200,0.065105,1.847581,0.114272,0.00003761,0.00032910,0.386820,0.000000,EXPLORER
265300,0.035412,2.006082,0.037344,0.00003763,0.00100776,0.384516,0.000000,EXPLORER
265400,0.183942,1.906812,0.102500,0.00003775,0.00036827,0.382246,0.000000,EXPLORER
265500,0.294051,1.865755,0.021850,0.00003811,0.00174399,0.380231,0.000000,EXPLORER
265600,0.027197,1.847032,0.046690,0.00003553,0.00076090,0.378235,0.000000,EXPLORER
265700,0.193469,1.976430,0.124868,0.00004250,0.00034039,0.375989,0.000000,EXPLORER
265800,0.103732,1.867190,0.018938,0.00003638,0.00192077,0.373844,0.000000,EXPLORER
265900,0.411331,1.835671,0.003942,0.00003640,0.00923211,0.371914,0.000000,EXPLORER
266000,0.199746,1.836295,0.040148,0.00003442,0.00085742,0.369982,0.000000,EXPLORER
266100,0.321492,1.918182,0.151437,0.00004319,0.00028518,0.367788,0.000000,EXPLORER
266200,0.369089,1.901976,0.009632,0.00003701,0.00384213,0.365587,0.000000,EXPLORER
266300,0.360198,1.855527,0.012026,0.00003623,0.00301256,0.363253,0.000000,EXPLORER
266400,0.142596,1.857207,0.097448,0.00003733,0.00038304,0.361302,0.000000,EXPLORER
266500,0.161351,1.921011,0.009782,0.00004036,0.00412543,0.359162,0.000000,EXPLORER
266600,0.054892,1.929799,0.008992,0.00003421,0.00380404,0.356947,0.000000,EXPLORER
266700,0.063749,1.860491,0.018295,0.00003627,0.00198259,0.355039,0.000000,EXPLORER
266800,0.176790,1.846971,0.011686,0.00003519,0.00301122,0.353082,0.000000,EXPLORER
266900,0.090487,1.930131,0.081978,0.00018282,0.00223006,0.347427,0.000000,EXPLORER
267000,0.277036,1.926840,0.120752,0.00012913,0.00106936,0.337987,0.000000,EXPLORER
267100,0.088621,2.056049,0.149424,0.00012943,0.00086619,0.331999,0.000000,EXPLORER
267200,0.147727,2.536603,0.043837,0.00011142,0.00254163,0.325418,0.000000,EXPLORER
267300,0.329414,2.038641,0.111898,0.00013280,0.00118676,0.318339,0.000000,EXPLORER
267400,0.053542,1.884346,0.343568,0.00023911,0.00069597,0.307251,0.000000,EXPLORER
267500,0.270560,2.029926,0.269402,0.00022113,0.00082082,0.294764,0.000000,EXPLORER
267600,0.373660,2.974754,0.150985,0.00024572,0.00162746,0.281858,0.000000,EXPLORER
267700,0.311128,1.955652,0.469918,0.00039114,0.00083235,0.262513,0.000000,EXPLORER
267800,0.183401,1.816593,0.553207,0.00039060,0.00070606,0.242090,0.000000,EXPLORER
267900,0.244394,2.706907,0.383793,0.00039746,0.00103560,0.221267,0.000000,EXPLORER
268000,0.595874,2.341387,0.344779,0.00035718,0.00103597,0.198605,0.000000,EXPLORER
268100,0.700000,1.593775,0.237309,0.00028825,0.00121466,0.181319,0.000000,EXPLORER
268200,0.163945,1.705823,0.241802,0.00028856,0.00119338,0.164349,0.000000,EXPLORER
268300,0.281770,1.279873,0.412441,0.00028817,0.00069870,0.147772,0.000000,EXPLORER
268400,0.444451,1.728679,0.261116,0.00026855,0.00102846,0.129427,0.000000,EXPLORER
268500,0.414008,3.310691,0.375341,0.00030179,0.00080404,0.071221,0.000000,EXPLORER
268600,0.380291,1.893395,0.330902,0.00017983,0.00054346,0.320458,0.010415,EXPLORER
268700,0.493684,2.521578,0.074249,0.00018814,0.00253391,0.220157,0.010415,EXPLORER
268800,0.697813,2.444581,0.099776,0.00004254,0.00042631,0.150824,0.010415,EXPLORER
268900,0.355947,3.218968,0.109124,0.00023168,0.00212311,0.075764,0.010415,EXPLORER
269000,0.700000,2.417425,1.166113,0.00010355,0.00008880,0.977718,0.000000,EXPLORER
269100,0.076428,3.823908,0.084808,0.00019549,0.00230505,0.925996,0.680796,EXPLORER
269200,0.289890,3.513338,0.172819,0.00019421,0.00112379,0.856132,0.680796,EXPLORER
269300,0.289166,2.287555,0.105294,0.00018533,0.00176014,0.831068,0.680796,EXPLORER
269400,0.359118,2.314084,0.159126,0.00018451,0.00115954,0.819440,0.680796,EXPLORER
269500,0.246597,3.428915,0.103978,0.00019300,0.00185613,0.807808,0.680796,EXPLORER
269600,0.042829,3.780719,0.033075,0.00019539,0.00590734,0.795312,0.680796,EXPLORER
269700,0.045871,2.484374,0.129589,0.00018611,0.00143617,0.783621,0.680796,EXPLORER
269800,0.042822,2.463868,0.116216,0.00018703,0.00160929,0.773382,0.680796,EXPLORER
269900,0.115293,3.347166,0.134815,0.00019142,0.00141989,0.762139,0.680796,EXPLORER
270000,0.091187,3.626111,0.136475,0.00019379,0.00141994,0.750681,0.680796,EXPLORER
270100,0.067816,2.676485,0.063414,0.00018753,0.00295716,0.737502,0.680796,EXPLORER
270200,0.113463,2.494233,0.125862,0.00018665,0.00148296,0.725556,0.680796,EXPLORER
270300,0.101218,3.480486,0.178729,0.00019410,0.00108602,0.713819,0.680796,EXPLORER
270400,0.109735,3.402140,0.127033,0.00019205,0.00151179,0.702244,0.680796,EXPLORER
270500,0.042822,2.883071,0.111933,0.00018858,0.00168470,0.691586,0.680796,EXPLORER
270600,0.290273,2.373863,0.130399,0.00018495,0.00141831,0.676462,0.680796,EXPLORER
270700,0.233730,3.543317,0.143096,0.00019281,0.00134741,0.657863,0.680796,EXPLORER
270800,0.044790,3.354513,0.077703,0.00019218,0.00247318,0.624241,0.680796,EXPLORER
270900,0.310420,3.668523,0.035208,0.00019471,0.00553015,0.513291,0.680796,EXPLORER
271000,0.239640,2.768454,0.137839,0.00016905,0.00122640,0.430073,0.777378,EXPLORER
271100,0.303502,3.864421,0.166915,0.00017613,0.00105518,0.371950,0.777378,EXPLORER
271200,0.536751,3.550130,0.077418,0.00021340,0.00275641,0.310175,0.777378,EXPLORER
271300,0.193026,3.097176,0.113290,0.00021027,0.00185602,0.243576,0.777378,EXPLORER
271400,0.101346,3.462036,0.159846,0.00021276,0.00133100,0.221490,0.777378,EXPLORER
271500,0.158332,3.853680,0.099625,0.00021559,0.00216396,0.209032,0.777378,EXPLORER
271600,0.237836,3.652581,0.087934,0.00021398,0.00243344,0.197215,0.777378,EXPLORER
271700,0.292012,2.507036,0.068676,0.00020760,0.00302285,0.185038,0.777378,EXPLORER
271800,0.047841,2.384785,0.127089,0.00020488,0.00161205,0.173962,0.777378,EXPLORER
271900,0.109986,3.408844,0.138674,0.00021264,0.00153337,0.162737,0.777378,EXPLORER
272000,0.300389,3.575793,0.095653,0.00019442,0.00203258,0.152013,0.777378,EXPLORER
272100,0.042828,2.285032,0.022385,0.00018432,0.00823385,0.140372,0.777378,EXPLORER
272200,0.092184,2.437822,0.085026,0.00018624,0.00219033,0.129466,0.777378,EXPLORER
272300,0.300011,3.491452,0.132926,0.00019311,0.00145273,0.118100,0.777378,EXPLORER
272400,0.092425,3.505045,0.180003,0.00021441,0.00119115,0.106965,0.777378,EXPLORER
272500,0.536751,2.411296,0.058181,0.00018580,0.00319340,0.094492,0.777378,EXPLORER
272600,0.069915,2.455665,0.048488,0.00018544,0.00382437,0.083502,0.777378,EXPLORER
272700,0.200679,3.416629,0.084886,0.00019281,0.00227131,0.073509,0.777378,EXPLORER
272800,0.333611,3.392107,0.127401,0.00021238,0.00166703,0.061634,0.777378,EXPLORER
272900,0.180638,2.571554,0.146354,0.00020640,0.00141029,0.048701,0.777378,EXPLORER
273000,0.285334,2.454290,0.130125,0.00018603,0.00142958,0.036847,0.777378,EXPLORER
273100,0.346814,3.359157,0.077874,0.00021304,0.00273559,0.026109,0.777378,EXPLORER
273200,0.477272,3.307551,0.128779,0.00019189,0.00149008,0.014932,0.777378,EXPLORER
273300,0.536751,2.721454,0.129937,0.00020837,0.00160361,0.002151,0.777378,EXPLORER
273400,0.237262,1.691236,0.084501,0.00004000,0.00047336,0.994476,0.000000,EXPLORER
273500,0.107057,1.964295,0.067196,0.00003778,0.00056218,0.991960,0.000000,EXPLORER
273600,0.021139,1.894856,0.030362,0.00003676,0.00121059,0.989749,0.000000,EXPLORER
273700,0.011206,1.952259,0.015564,0.00003688,0.00236951,0.987431,0.000000,EXPLORER
273800,0.075792,1.898254,0.020241,0.00003659,0.00180744,0.985108,0.000000,EXPLORER
273900,0.073427,1.885626,0.016449,0.00003649,0.00221802,0.983025,0.000000,EXPLORER
274000,0.036728,1.935371,0.017592,0.00003683,0.00209340,0.980944,0.000000,EXPLORER
274100,0.156930,2.007996,0.016994,0.00003726,0.00219233,0.978649,0.000000,EXPLORER
274200,0.086544,1.982914,0.024299,0.00003659,0.00150564,0.976451,0.000000,EXPLORER
274300,0.169933,1.926876,0.052297,0.00003678,0.00070324,0.974428,0.000000,EXPLORER
274400,0.083347,1.909179,0.002158,0.00003645,0.01688162,0.972534,0.000000,EXPLORER
274500,0.151540,1.946497,0.056655,0.00003768,0.00066505,0.970267,0.000000,EXPLORER
274600,0.364066,2.008483,0.023795,0.00004090,0.00171858,0.967994,0.000000,EXPLORER
274700,0.160509,1.940036,0.014058,0.00003702,0.00263290,0.965981,0.000000,EXPLORER
274800,0.401236,1.910538,0.081365,0.00003806,0.00046780,0.964022,0.000000,EXPLORER
274900,0.200439,1.971932,0.073124,0.00003774,0.00051615,0.961670,0.000000,EXPLORER
275000,0.371541,2.019156,0.074973,0.00003760,0.00050144,0.959450,0.000000,EXPLORER
275100,0.097382,1.927438,0.026219,0.00003679,0.00140298,0.956725,0.000000,EXPLORER
275200,0.054914,2.033847,0.000702,0.00003726,0.05300936,0.954323,0.000000,EXPLORER
275300,0.080623,2.045227,0.048168,0.00004103,0.00085173,0.951663,0.000000,EXPLORER
275400,0.066901,1.957239,0.005468,0.00003599,0.00658131,0.949342,0.000000,EXPLORER
275500,0.288821,1.917980,0.007508,0.00003627,0.00483057,0.947338,0.000000,EXPLORER
275600,0.145568,1.906125,0.034480,0.00003787,0.00109822,0.945450,0.000000,EXPLORER
275700,0.161880,1.985312,0.010687,0.00003253,0.00304330,0.943340,0.000000,EXPLORER
275800,0.093689,1.909973,0.014400,0.00003999,0.00277705,0.940925,0.000000,EXPLORER
275900,0.119874,1.878695,0.183334,0.00003892,0.00021227,0.938879,0.000000,EXPLORER
276000,0.405221,1.878715,0.001817,0.00003768,0.02072410,0.936879,0.000000,EXPLORER
276100,0.401250,1.971498,0.107866,0.00003751,0.00034772,0.934468,0.000000,EXPLORER
276200,0.071678,1.958285,0.063181,0.00003681,0.00058259,0.932232,0.000000,EXPLORER
276300,0.049120,1.898211,0.010455,0.00003809,0.00364262,0.930095,0.000000,EXPLORER
276400,0.069222,1.884491,0.094864,0.00003760,0.00039632,0.928090,0.000000,EXPLORER
276500,0.264617,1.968356,0.042003,0.00004218,0.00100417,0.925706,0.000000,EXPLORER
276600,0.380448,1.952611,0.081579,0.00003829,0.00046941,0.923400,0.000000,EXPLORER
276700,0.183797,1.909819,0.015127,0.00003681,0.00243333,0.921306,0.000000,EXPLORER
276800,0.060144,1.931686,0.000896,0.00003618,0.04032680,0.919157,0.000000,EXPLORER
276900,0.477819,1.978513,0.152250,0.00003857,0.00025333,0.916759,0.000000,EXPLORER
277000,0.438260,1.962871,0.003094,0.00003673,0.01186486,0.914384,0.000000,EXPLORER
277100,0.066523,1.916698,0.167564,0.00003789,0.00022612,0.912330,0.000000,EXPLORER
277200,0.343877,1.874034,0.109880,0.00003740,0.00034038,0.910309,0.000000,EXPLORER
277300,0.079565,1.956565,0.083014,0.00003801,0.00045791,0.907888,0.000000,EXPLORER
277400,0.120488,1.934564,0.041800,0.00004099,0.00098051,0.905639,0.000000,EXPLORER
277500,0.111262,1.891612,0.016451,0.00003662,0.00222599,0.903663,0.000000,EXPLORER
277600,0.240931,1.887741,0.014780,0.00003625,0.00245265,0.901847,0.000000,EXPLORER
277700,0.126027,1.978190,0.002113,0.00003697,0.01748786,0.899511,0.000000,EXPLORER
277800,0.393565,1.960052,0.053793,0.00003753,0.00069757,0.893331,0.000000,EXPLORER
277900,0.334874,2.114889,0.004292,0.00003811,0.00887725,0.889720,0.000000,EXPLORER
278000,0.133987,2.088010,0.160862,0.00003995,0.00024837,0.887510,0.000000,EXPLORER
278100,0.141536,2.007846,0.172297,0.00003801,0.00022058,0.884539,0.000000,EXPLORER
278200,0.111908,1.956094,0.047787,0.00003671,0.00076814,0.882140,0.000000,EXPLORER
278300,0.243652,1.919138,0.089408,0.00003754,0.00041985,0.879677,0.000000,EXPLORER
278400,0.340272,2.036903,0.179370,0.00003966,0.00022112,0.877345,0.000000,EXPLORER
278500,0.320937,2.050371,0.058892,0.00003795,0.00064441,0.874485,0.000000,EXPLORER
278600,0.045844,1.942091,0.042117,0.00003723,0.00088393,0.871817,0.000000,EXPLORER
278700,0.520726,1.903001,0.074030,0.00003839,0.00051856,0.869489,0.000000,EXPLORER
278800,0.501903,2.031080,0.041073,0.00003849,0.00093714,0.866990,0.000000,EXPLORER
278900,0.249858,1.946123,0.050206,0.00003717,0.00074039,0.860986,0.000000,EXPLORER
279000,0.079864,2.052725,0.099922,0.00003878,0.00038809,0.846287,0.000000,EXPLORER
279100,0.110196,2.895252,0.015435,0.00004336,0.00280918,0.831541,0.000000,EXPLORER
279200,0.005704,2.934985,0.007166,0.00004363,0.00608695,0.815956,0.000000,EXPLORER
279300,0.012361,2.129795,0.105223,0.00003945,0.00037496,0.801061,0.000000,EXPLORER
279400,0.362778,2.837653,0.036817,0.00004297,0.00116720,0.787507,0.000000,EXPLORER
279500,0.167588,2.939545,0.100934,0.00004501,0.00044592,0.771490,0.000000,EXPLORER
279600,0.646639,2.977161,0.015497,0.00004443,0.00286705,0.756430,0.000000,EXPLORER
279700,0.599877,2.117892,0.102548,0.00003862,0.00037658,0.741658,0.000000,EXPLORER
279800,0.043099,2.897802,0.042084,0.00004391,0.00104344,0.727872,0.000000,EXPLORER
279900,0.018973,2.964744,0.220480,0.00004718,0.00021401,0.712214,0.000000,EXPLORER
280000,0.217833,2.987365,0.067374,0.00004492,0.00066675,0.696133,0.000000,EXPLORER
280100,0.109016,1.963408,0.012613,0.00003687,0.00292335,0.681638,0.000000,EXPLORER
280200,0.065249,2.918425,0.040539,0.00004399,0.00108514,0.667799,0.000000,EXPLORER
280300,0.074348,3.002965,0.003470,0.00004421,0.01273762,0.652227,0.000000,EXPLORER
280400,0.221016,3.011125,0.112726,0.00004577,0.00040603,0.636727,0.000000,EXPLORER
280500,0.183842,1.978371,0.124669,0.00003840,0.00030800,0.621898,0.000000,EXPLORER
280600,0.245561,2.951334,0.006901,0.00004391,0.00636211,0.607647,0.000000,EXPLORER
280700,0.173966,3.161513,0.025020,0.00004520,0.00180665,0.591958,0.000000,EXPLORER
280800,0.078998,3.153283,0.005153,0.00004510,0.00875069,0.573637,0.000000,EXPLORER
280900,0.700000,2.148537,0.010559,0.00007312,0.00692406,0.553420,0.000000,EXPLORER
281000,0.031205,3.019394,0.023900,0.00004644,0.00194315,0.532931,0.355849,EXPLORER
281100,0.100615,1.950545,0.000370,0.00004814,0.12986720,0.993688,0.000000,EXPLORER
281200,0.275084,2.008674,0.059657,0.00003774,0.00063257,0.979154,0.000000,EXPLORER
281300,0.031410,2.054627,0.002120,0.00003592,0.01693405,0.964755,0.000000,EXPLORER
281400,0.052155,2.240729,0.149692,0.00004099,0.00027384,0.959903,0.000000,EXPLORER
281500,0.214547,2.123921,0.037592,0.00003821,0.00101648,0.957741,0.000000,EXPLORER
281600,0.376764,2.079668,0.027078,0.00003839,0.00141780,0.955788,0.000000,EXPLORER
281700,0.151472,2.048707,0.097580,0.00003527,0.00036149,0.953545,0.000000,EXPLORER
281800,0.228910,1.998531,0.006041,0.00003716,0.00614997,0.951422,0.000000,EXPLORER
281900,0.151860,1.944266,0.016425,0.00003523,0.00214487,0.949527,0.000000,EXPLORER
282000,0.086890,1.936465,0.032325,0.00003801,0.00117571,0.947622,0.000000,EXPLORER
282100,0.148875,1.964768,0.102636,0.00003827,0.00037288,0.945072,0.000000,EXPLORER
282200,0.086952,1.948047,0.110059,0.00003961,0.00035987,0.942229,0.000000,EXPLORER
282300,0.086045,2.050324,0.015620,0.00003744,0.00239700,0.933002,0.000000,EXPLORER
282400,0.123486,2.738247,0.030276,0.00004284,0.00141504,0.918170,0.000000,EXPLORER
282500,0.126380,1.942403,0.108661,0.00003725,0.00034277,0.903262,0.000000,EXPLORER
282600,0.363058,2.831926,0.052542,0.00004402,0.00083787,0.889177,0.000000,EXPLORER
282700,0.384909,2.224269,0.037365,0.00003859,0.00103267,0.874716,0.000000,EXPLORER
282800,0.036807,2.978955,0.000339,0.00004387,0.12885262,0.859000,0.000000,EXPLORER
282900,0.029864,1.936416,0.000103,0.00003572,0.34258491,0.844784,0.000000,EXPLORER
283000,0.036813,2.834096,0.000253,0.00004286,0.16847792,0.831060,0.000000,EXPLORER
283100,0.036906,2.919360,0.000444,0.00004344,0.09768549,0.816051,0.000000,EXPLORER
283200,0.036861,2.969897,0.000995,0.00004382,0.04401130,0.800419,0.000000,EXPLORER
283300,0.028599,1.952835,0.001298,0.00003581,0.02756462,0.786075,0.000000,EXPLORER
283400,0.036890,2.851738,0.000262,0.00004296,0.16344470,0.772671,0.000000,EXPLORER
283500,0.036892,2.942212,0.000057,0.00004360,0.75434052,0.757869,0.000000,EXPLORER
283600,0.036861,2.982799,0.001256,0.00004390,0.03492318,0.742842,0.000000,EXPLORER
283700,0.025002,1.946811,0.001746,0.00003562,0.02038570,0.728949,0.000000,EXPLORER
283800,0.036877,2.897208,0.001183,0.00004329,0.03657441,0.714383,0.000000,EXPLORER
283900,0.036914,2.975956,0.000201,0.00004384,0.21688526,0.698453,0.000000,EXPLORER
284000,0.036841,3.009081,0.000320,0.00004408,0.13718407,0.681413,0.000000,EXPLORER
284100,0.026987,1.941519,0.000406,0.00003575,0.08775983,0.666396,0.000000,EXPLORER
284200,0.036894,2.953347,0.000182,0.00004367,0.23895067,0.650170,0.000000,EXPLORER
284300,0.036880,2.980691,0.000446,0.00004387,0.09825229,0.634368,0.000000,EXPLORER
284400,0.036887,3.027385,0.000092,0.00004421,0.47464501,0.618681,0.000000,EXPLORER
284500,0.023337,1.909945,0.000820,0.00003536,0.04306002,0.604007,0.000000,EXPLORER
284600,0.036830,2.980579,0.000064,0.00004386,0.67899981,0.588958,0.000000,EXPLORER
284700,0.036942,3.006885,0.002882,0.00004405,0.01527861,0.573416,0.000000,EXPLORER
284800,0.131395,3.033856,0.023337,0.00004447,0.00190529,0.556855,0.000000,EXPLORER
284900,0.182469,2.055474,0.067281,0.00003758,0.00055857,0.540436,0.000000,EXPLORER
285000,0.046503,3.027394,0.040297,0.00004476,0.00111068,0.524005,0.000000,EXPLORER
285100,0.405226,3.115350,0.057326,0.00004606,0.00080341,0.505811,0.000000,EXPLORER
285200,0.085497,3.176715,0.016128,0.00004559,0.00282679,0.487732,0.000000,EXPLORER
285300,0.131443,1.932911,0.017901,0.00003588,0.00200435,0.469790,0.000000,EXPLORER
285400,0.132068,3.072380,0.058518,0.00004525,0.00077325,0.452694,0.000000,EXPLORER
285500,0.039780,3.117282,0.014079,0.00004504,0.00319877,0.434728,0.000000,EXPLORER
285600,0.242045,3.122280,0.118265,0.00004641,0.00039240,0.415523,0.000000,EXPLORER
285700,0.238249,2.000836,0.040873,0.00003653,0.00089365,0.398413,0.000000,EXPLORER
285800,0.315407,3.105775,0.161286,0.00004684,0.00029039,0.380959,0.000000,EXPLORER
285900,0.285437,3.138613,0.051743,0.00004543,0.00087795,0.362561,0.000000,EXPLORER
286000,0.276985,3.138787,0.236349,0.00015829,0.00066971,0.332409,0.000000,EXPLORER
286100,0.068351,2.031410,0.243692,0.00031668,0.00129952,0.240144,0.000000,EXPLORER
286200,0.700000,3.058906,0.187636,0.00025964,0.00138374,0.117403,0.000000,EXPLORER
286300,0.127957,2.757701,0.171852,0.00025511,0.00148444,0.057591,0.000000,EXPLORER
286400,0.126351,2.926687,0.252428,0.00025707,0.00101838,0.040729,0.000000,EXPLORER
286500,0.205774,1.716702,0.171315,0.00024724,0.00144317,0.023907,0.000000,EXPLORER
286600,0.093848,3.070181,0.245737,0.00025810,0.00105029,0.007886,0.000000,EXPLORER
286700,0.152330,1.776876,0.147873,0.00002736,0.00018502,0.996075,0.000000,EXPLORER
286800,0.147363,1.954015,0.097284,0.00003825,0.00039319,0.993696,0.000000,EXPLORER
286900,0.173985,2.009560,0.048957,0.00003791,0.00077433,0.991364,0.000000,EXPLORER
287000,0.091795,1.928675,0.036370,0.00003693,0.00101535,0.989101,0.000000,EXPLORER
287100,0.282543,1.894726,0.018359,0.00003653,0.00198987,0.986782,0.000000,EXPLORER
287200,0.201831,1.876600,0.017149,0.00003639,0.00212163,0.984920,0.000000,EXPLORER
287300,0.614003,2.034784,0.057593,0.00003821,0.00066351,0.982499,0.000000,EXPLORER
287400,0.348502,1.948537,0.075381,0.00003739,0.00049607,0.980199,0.000000,EXPLORER
287500,0.114582,1.917564,0.290113,0.00004276,0.00014739,0.977797,0.000000,EXPLORER
287600,0.013427,1.912401,0.031913,0.00003457,0.00108323,0.975766,0.000000,EXPLORER
287700,0.170901,2.043799,0.270897,0.00004131,0.00015248,0.973261,0.000000,EXPLORER
287800,0.103695,1.942973,0.114837,0.00003836,0.00033401,0.970910,0.000000,EXPLORER
287900,0.216795,1.910208,0.019741,0.00004377,0.00221741,0.968830,0.000000,EXPLORER
288000,0.181612,1.898978,0.078953,0.00003744,0.00047414,0.966634,0.000000,EXPLORER
288100,0.278103,2.046115,0.181432,0.00004987,0.00027487,0.964028,0.000000,EXPLORER
288200,0.593701,1.931489,0.070011,0.00003351,0.00047856,0.961256,0.000000,EXPLORER
288300,0.398377,1.903659,0.003370,0.00003667,0.01087557,0.959243,0.000000,EXPLORER
288400,0.116287,2.012617,0.047209,0.00003771,0.00079879,0.956697,0.000000,EXPLORER
288500,0.263257,1.983901,0.020360,0.00003696,0.00181503,0.953623,0.000000,EXPLORER
288600,0.042230,1.917411,0.045997,0.00003854,0.00083782,0.950849,0.000000,EXPLORER
288700,0.354441,1.903683,0.096244,0.00003807,0.00039554,0.948494,0.000000,EXPLORER
288800,0.234920,2.037441,0.104808,0.00003857,0.00036801,0.946429,0.000000,EXPLORER
288900,0.110921,2.016628,0.015078,0.00004085,0.00270886,0.943927,0.000000,EXPLORER
289000,0.218106,1.965750,0.061001,0.00003764,0.00061704,0.941343,0.000000,EXPLORER
289100,0.483246,1.915937,0.101528,0.00003855,0.00037972,0.938898,0.000000,EXPLORER
289200,0.411206,2.010889,0.136304,0.00003981,0.00029207,0.936373,0.000000,EXPLORER
289300,0.122011,2.044602,0.139826,0.00004226,0.00030220,0.933522,0.000000,EXPLORER
289400,0.257889,1.893297,0.032645,0.00003551,0.00108758,0.930832,0.000000,EXPLORER
289500,0.287450,1.868777,0.013750,0.00003631,0.00264050,0.928802,0.000000,EXPLORER
289600,0.665896,1.967696,0.029970,0.00003711,0.00123814,0.926604,0.000000,EXPLORER
289700,0.400768,1.969619,0.008694,0.00004046,0.00465328,0.924033,0.000000,EXPLORER
289800,0.602253,1.910241,0.175747,0.00004045,0.00023018,0.921667,0.000000,EXPLORER
289900,0.340643,1.871896,0.033502,0.00003622,0.00108124,0.919493,0.000000,EXPLORER
290000,0.322845,1.855240,0.028512,0.00003609,0.00126571,0.917424,0.000000,EXPLORER
290100,0.392967,1.938484,0.059394,0.00004056,0.00068296,0.914989,0.000000,EXPLORER
290200,0.256853,1.893887,0.002537,0.00003632,0.01431341,0.912601,0.000000,EXPLORER
290300,0.042076,1.892783,0.022755,0.00003667,0.00161148,0.910586,0.000000,EXPLORER
290400,0.700000,1.876962,0.182898,0.00003809,0.00020826,0.908564,0.000000,EXPLORER
290500,0.036727,1.962823,0.004212,0.00003470,0.00823592,0.906221,0.000000,EXPLORER
290600,0.111790,1.929751,0.113788,0.00004059,0.00035668,0.903948,0.000000,EXPLORER
290700,0.324810,1.916249,0.217797,0.00003937,0.00018078,0.901659,0.000000,EXPLORER
290800,0.427170,1.939481,0.058816,0.00003697,0.00062860,0.899703,0.000000,EXPLORER
290900,0.419864,1.992247,0.002146,0.00004107,0.01913021,0.897299,0.000000,EXPLORER
291000,0.368469,1.926055,0.021404,0.00003793,0.00177191,0.895058,0.000000,EXPLORER
291100,0.038298,1.894288,0.123936,0.00003821,0.00030829,0.892967,0.000000,EXPLORER
291200,0.206470,1.889653,0.080757,0.00003674,0.00045499,0.890958,0.000000,EXPLORER
291300,0.424307,1.992217,0.006920,0.00003757,0.00542850,0.888400,0.000000,EXPLORER
291400,0.033954,1.955369,0.108817,0.00003835,0.00035246,0.886100,0.000000,EXPLORER
291500,0.195112,1.903197,0.016929,0.00003638,0.00214894,0.884014,0.000000,EXPLORER
291600,0.437970,1.884382,0.027179,0.00003557,0.00130879,0.882049,0.000000,EXPLORER
291700,0.355018,2.008581,0.078161,0.00004164,0.00053275,0.879660,0.000000,EXPLORER
291800,0.123751,1.980616,0.008386,0.00003522,0.00419883,0.877379,0.000000,EXPLORER
291900,0.026377,1.921936,0.093218,0.00003841,0.00041208,0.875232,0.000000,EXPLORER
292000,0.352631,1.897846,0.009012,0.00003672,0.00407359,0.873243,0.000000,EXPLORER
292100,0.144126,2.012896,0.002200,0.00003490,0.01585447,0.870981,0.000000,EXPLORER
292200,0.119511,1.920111,0.031934,0.00003932,0.00123124,0.868547,0.000000,EXPLORER
292300,0.094295,1.897846,0.228483,0.00003973,0.00017389,0.866211,0.000000,EXPLORER
292400,0.307018,1.978036,0.008775,0.00003734,0.00425477,0.863912,0.000000,EXPLORER
292500,0.240416,1.948016,0.054082,0.00003744,0.00069218,0.861359,0.000000,EXPLORER
292600,0.061782,1.925245,0.008305,0.00003771,0.00453974,0.859106,0.000000,EXPLORER
292700,0.326053,1.882659,0.106260,0.00003735,0.00035147,0.856845,0.000000,EXPLORER
292800,0.031626,1.874668,0.101456,0.00003769,0.00037147,0.854837,0.000000,EXPLORER
292900,0.320155,1.895982,0.036352,0.00003642,0.00100184,0.852312,0.000000,EXPLORER
293000,0.212276,1.917487,0.071452,0.00003721,0.00052081,0.850162,0.000000,EXPLORER
293100,0.284709,1.881378,0.011350,0.00003631,0.00319873,0.847483,0.000000,EXPLORER
293200,0.034215,1.994554,0.209860,0.00004024,0.00019176,0.845221,0.000000,EXPLORER
293300,0.179152,2.023984,0.017450,0.00003408,0.00195269,0.842642,0.000000,EXPLORER
293400,0.177831,1.943551,0.030346,0.00003688,0.00121540,0.840303,0.000000,EXPLORER
293500,0.060877,1.893332,0.118286,0.00003815,0.00032249,0.838106,0.000000,EXPLORER
293600,0.141362,1.897658,0.005005,0.00003637,0.00726554,0.836113,0.000000,EXPLORER
293700,0.192222,1.967727,0.011677,0.00003691,0.00316118,0.833829,0.000000,EXPLORER
293800,0.174648,1.886126,0.098508,0.00003913,0.00039720,0.831641,0.000000,EXPLORER
293900,0.113843,1.861768,0.079934,0.00003702,0.00046314,0.829499,0.000000,EXPLORER
294000,0.177122,1.863859,0.002863,0.00003597,0.01256063,0.827564,0.000000,EXPLORER
294100,0.151911,1.987008,0.104606,0.00003835,0.00036659,0.825088,0.000000,EXPLORER
294200,0.045677,1.937918,0.003608,0.00003667,0.01016018,0.822842,0.000000,EXPLORER
294300,0.055846,1.911820,0.038285,0.00003880,0.00101354,0.820795,0.000000,EXPLORER
294400,0.446163,1.908458,0.055156,0.00003689,0.00066883,0.818761,0.000000,EXPLORER
294500,0.216494,2.009818,0.074478,0.00003815,0.00051217,0.816359,0.000000,EXPLORER
294600,0.181596,1.956373,0.157278,0.00004023,0.00025581,0.813877,0.000000,EXPLORER
294700,0.245101,1.905762,0.015696,0.00003646,0.00232253,0.810989,0.000000,EXPLORER
294800,0.285424,2.022954,0.078819,0.00003863,0.00049012,0.807813,0.000000,EXPLORER
294900,0.073790,1.951260,0.058385,0.00003753,0.00064274,0.805473,0.000000,EXPLORER
295000,0.196895,1.959341,0.148230,0.00003881,0.00026183,0.803241,0.000000,EXPLORER
295100,0.409205,1.914039,0.040494,0.00003645,0.00090011,0.801120,0.000000,EXPLORER
295200,0.151540,1.909753,0.020537,0.00003765,0.00183318,0.799208,0.000000,EXPLORER
295300,0.208868,2.010191,0.108719,0.00003853,0.00035438,0.796903,0.000000,EXPLORER
295400,0.078660,1.957801,0.045157,0.00003733,0.00082663,0.794641,0.000000,EXPLORER
295500,0.128221,1.896494,0.009366,0.00003640,0.00388641,0.792416,0.000000,EXPLORER
295600,0.141188,1.967202,0.019851,0.00003791,0.00190968,0.789812,0.000000,EXPLORER
295700,0.268323,2.005436,0.008173,0.00003503,0.00428509,0.786732,0.000000,EXPLORER
295800,0.232860,1.934749,0.003625,0.00003826,0.01054946,0.784334,0.000000,EXPLORER
295900,0.289127,1.889846,0.027344,0.00003679,0.00134523,0.782277,0.000000,EXPLORER
296000,0.152188,1.951551,0.047584,0.00003739,0.00078579,0.780118,0.000000,EXPLORER
296100,0.336531,2.028998,0.095793,0.00004134,0.00043155,0.777722,0.000000,EXPLORER
296200,0.453412,1.942129,0.048420,0.00003741,0.00077251,0.775343,0.000000,EXPLORER
296300,0.118789,1.890574,0.037620,0.00003578,0.00095108,0.773374,0.000000,EXPLORER
296400,0.114325,1.869813,0.182185,0.00004010,0.00022010,0.771361,0.000000,EXPLORER
296500,0.080850,1.955745,0.014653,0.00003698,0.00252374,0.769068,0.000000,EXPLORER
296600,0.108225,1.948292,0.093335,0.00004268,0.00045725,0.766692,0.000000,EXPLORER
296700,0.064902,1.907194,0.052254,0.00003421,0.00065472,0.764250,0.000000,EXPLORER
296800,0.385009,1.934650,0.083803,0.00003876,0.00046247,0.762012,0.000000,EXPLORER
296900,0.123906,2.017868,0.057378,0.00004014,0.00069951,0.759613,0.000000,EXPLORER
297000,0.103640,1.920317,0.051700,0.00003709,0.00071748,0.757122,0.000000,EXPLORER
297100,0.313361,1.895559,0.017096,0.00003478,0.00203423,0.754929,0.000000,EXPLORER
297200,0.390984,1.887644,0.042486,0.00003737,0.00087962,0.752761,0.000000,EXPLORER
297300,0.257666,2.010721,0.136737,0.00004218,0.00030846,0.750401,0.000000,EXPLORER
297400,0.095591,1.890511,0.070122,0.00003734,0.00053256,0.747965,0.000000,EXPLORER
297500,0.046977,1.863973,0.011543,0.00003626,0.00314096,0.745700,0.000000,EXPLORER
297600,0.013656,1.941911,0.010064,0.00003678,0.00365407,0.743663,0.000000,EXPLORER
297700,0.145047,2.038038,0.017149,0.00003752,0.00218809,0.741322,0.000000,EXPLORER
297800,0.083810,1.916761,0.019797,0.00003673,0.00185536,0.738692,0.000000,EXPLORER
297900,0.043253,1.867363,0.019352,0.00003637,0.00187915,0.736359,0.000000,EXPLORER
298000,0.010392,1.971015,0.016692,0.00003708,0.00222116,0.734205,0.000000,EXPLORER
298100,0.134168,1.990162,0.020522,0.00003726,0.00181535,0.731736,0.000000,EXPLORER
298200,0.092165,1.959025,0.016399,0.00003703,0.00225796,0.729475,0.000000,EXPLORER
298300,0.039654,1.886182,0.018491,0.00003649,0.00197321,0.727128,0.000000,EXPLORER
298400,0.015105,1.930387,0.016537,0.00003679,0.00222439,0.725123,0.000000,EXPLORER
298500,0.200759,1.944381,0.019749,0.00003693,0.00186978,0.722708,0.000000,EXPLORER
298600,0.090507,1.972416,0.021581,0.00003715,0.00172141,0.720557,0.000000,EXPLORER
298700,0.007828,1.901958,0.021243,0.00003662,0.00172385,0.718460,0.000000,EXPLORER
298800,0.004708,1.898087,0.018670,0.00003659,0.00195958,0.716417,0.000000,EXPLORER
298900,0.009329,1.911291,0.021979,0.00003673,0.00167095,0.713752,0.000000,EXPLORER
299000,0.056058,1.930407,0.020942,0.00003684,0.00175909,0.711271,0.000000,EXPLORER
299100,0.052345,1.885215,0.019555,0.00003649,0.00186611,0.708853,0.000000,EXPLORER
299200,0.196880,1.998274,0.031790,0.00018248,0.00573996,0.701358,0.000000,EXPLORER
299300,0.238316,2.024609,0.077357,0.00003802,0.00049147,0.692013,0.000000,EXPLORER
299400,0.064920,1.914251,0.003844,0.00003647,0.00948582,0.689141,0.000000,EXPLORER
299500,0.008400,2.932297,0.020116,0.00004382,0.00217831,0.672307,0.000000,EXPLORER
299600,0.010147,3.015839,0.020352,0.00004442,0.00218220,0.656034,0.000000,EXPLORER
299700,0.107322,2.051510,0.034570,0.00003791,0.00109655,0.650202,0.000000,EXPLORER
299800,0.048889,1.929856,0.017655,0.00003678,0.00208293,0.647304,0.000000,EXPLORER
299900,0.010999,1.902442,0.020156,0.00003662,0.00181694,0.645249,0.000000,EXPLORER
300000,0.006693,1.969577,0.016323,0.00003706,0.00227056,0.643234,0.000000,EXPLORER
300100,0.153260,2.009914,0.016081,0.00003730,0.00231959,0.640957,0.000000,EXPLORER
300200,0.089241,1.894805,0.020749,0.00003659,0.00176323,0.638673,0.000000,EXPLORER
300300,0.038981,1.877664,0.019100,0.00003643,0.00190741,0.635830,0.000000,EXPLORER
300400,0.013336,1.991245,0.022716,0.00003731,0.00164236,0.633189,0.000000,EXPLORER
300500,0.121820,1.999271,0.017130,0.00003723,0.00217305,0.630229,0.000000,EXPLORER
300600,0.071611,1.886706,0.019912,0.00003652,0.00183377,0.627059,0.000000,EXPLORER
300700,0.022059,1.872449,0.017847,0.00003636,0.00203702,0.625019,0.000000,EXPLORER
300800,0.014917,1.992633,0.019720,0.00003726,0.00188925,0.622929,0.000000,EXPLORER
300900,0.100180,1.906996,0.019107,0.00003661,0.00191571,0.619362,0.000000,EXPLORER
301000,0.075494,1.873283,0.020564,0.00003643,0.00177139,0.616761,0.000000,EXPLORER
301100,0.035728,1.864828,0.019169,0.00003634,0.00189585,0.613962,0.000000,EXPLORER
301200,0.004411,2.216269,0.020454,0.00003887,0.00190051,0.611781,0.000000,EXPLORER
301300,0.170218,2.011226,0.017881,0.00003736,0.00208910,0.609531,0.000000,EXPLORER
301400,0.033309,1.862138,0.032568,0.00003714,0.00114036,0.605601,0.000000,EXPLORER
301500,0.073829,1.918686,0.105092,0.00003793,0.00036090,0.602626,0.000000,EXPLORER
301600,0.027588,2.882091,0.010318,0.00004331,0.00419719,0.597576,0.000000,EXPLORER
301700,0.128814,1.919369,0.018110,0.00003672,0.00202775,0.593585,0.000000,EXPLORER
301800,0.038791,1.845525,0.019467,0.00003621,0.00186003,0.590132,0.000000,EXPLORER
301900,0.004326,2.508812,0.015251,0.00004066,0.00266613,0.585064,0.000000,EXPLORER
302000,0.104197,2.944394,0.010369,0.00004388,0.00423137,0.579849,0.000000,EXPLORER
302100,0.069802,1.978207,0.025114,0.00003542,0.00141047,0.574998,0.000000,EXPLORER
302200,0.365970,1.866542,0.079441,0.00003771,0.00047471,0.570054,0.000000,EXPLORER
302300,0.011503,2.868498,0.068028,0.00004409,0.00064811,0.564639,0.000000,EXPLORER
302400,0.170715,2.846732,0.056888,0.00004375,0.00076903,0.560186,0.000000,EXPLORER
302500,0.026407,1.950040,0.140057,0.00003880,0.00027705,0.555956,0.000000,EXPLORER
302600,0.049353,1.837080,0.007654,0.00003592,0.00469279,0.551929,0.000000,EXPLORER
302700,0.015354,2.791800,0.021508,0.00004283,0.00199113,0.547633,0.000000,EXPLORER
302800,0.006320,2.966239,0.020974,0.00004409,0.00210203,0.542570,0.000000,EXPLORER
302900,0.057904,1.891062,0.149209,0.00003851,0.00025809,0.537862,0.000000,EXPLORER
303000,0.125894,1.895389,0.014167,0.00003628,0.00256047,0.532442,0.000000,EXPLORER
303100,0.249386,2.763169,0.044177,0.00004275,0.00096776,0.528714,0.000000,EXPLORER
303200,0.117483,2.959168,0.145686,0.00004584,0.00031466,0.523681,0.000000,EXPLORER
303300,0.268083,1.973645,0.029665,0.00003750,0.00126421,0.519865,0.000000,EXPLORER
303400,0.242360,1.950651,0.039412,0.00003706,0.00094027,0.515301,0.000000,EXPLORER
303500,0.208307,2.513706,0.056411,0.00004274,0.00075759,0.510304,0.000000,EXPLORER
303600,0.025633,2.845334,0.026158,0.00004333,0.00165626,0.508042,0.000000,EXPLORER
303700,0.087992,1.967562,0.011125,0.00003692,0.00331814,0.503675,0.000000,EXPLORER
303800,0.229864,1.874507,0.064928,0.00003687,0.00056788,0.499776,0.000000,EXPLORER
303900,0.029419,2.586033,0.064583,0.00004189,0.00064869,0.495311,0.000000,EXPLORER
304000,0.363332,2.933009,0.067368,0.00004414,0.00065524,0.489792,0.000000,EXPLORER
304100,0.106016,1.929463,0.035729,0.00003695,0.00103409,0.485354,0.000000,EXPLORER
304200,0.207931,1.865010,0.001927,0.00003614,0.01873907,0.481125,0.000000,EXPLORER
304300,0.361013,2.775106,0.042013,0.00004163,0.00099097,0.477381,0.000000,EXPLORER
304400,0.105218,2.930130,0.158249,0.00004576,0.00028914,0.472280,0.000000,EXPLORER
304500,0.138888,1.984738,0.133549,0.00003699,0.00027696,0.466921,0.000000,EXPLORER
304600,0.176030,1.883765,0.124799,0.00003788,0.00030356,0.464120,0.000000,EXPLORER
304700,0.359542,1.888769,0.048084,0.00003727,0.00077508,0.461570,0.000000,EXPLORER
304800,0.012407,2.795315,0.133921,0.00004461,0.00033309,0.459064,0.000000,EXPLORER
304900,0.392730,1.954367,0.063778,0.00003809,0.00059723,0.456481,0.000000,EXPLORER
305000,0.406123,1.886815,0.087297,0.00003709,0.00042488,0.452532,0.000000,EXPLORER
305100,0.472648,1.764003,0.058586,0.00003607,0.00061562,0.431432,0.000000,EXPLORER
305200,0.055312,2.981579,0.112048,0.00004552,0.00040629,0.425201,0.000000,EXPLORER
305300,0.036455,1.961794,0.003819,0.00003670,0.00960804,0.420501,0.000000,EXPLORER
305400,0.356481,1.904086,0.050639,0.00003734,0.00073734,0.416779,0.000000,EXPLORER
305500,0.128550,1.905003,0.010842,0.00003727,0.00343734,0.415115,0.000000,EXPLORER
305600,0.120427,2.002004,0.046560,0.00003764,0.00080835,0.413833,0.000000,EXPLORER
305700,0.423706,1.905364,0.012565,0.00003325,0.00264563,0.411923,0.000000,EXPLORER
305800,0.292501,1.849851,0.175085,0.00003835,0.00021903,0.409464,0.000000,EXPLORER
305900,0.193969,1.827201,0.035063,0.00003611,0.00102995,0.406781,0.000000,EXPLORER
306000,0.316322,2.017691,0.025375,0.00003810,0.00150142,0.404780,0.000000,EXPLORER
306100,0.100319,1.991911,0.043139,0.00003756,0.00087060,0.401197,0.000000,EXPLORER
306200,0.204527,1.914659,0.058895,0.00003810,0.00064688,0.398235,0.000000,EXPLORER
306300,0.083391,1.848811,0.012657,0.00003335,0.00263453,0.395514,0.000000,EXPLORER
306400,0.035839,2.787247,0.057124,0.00004336,0.00075899,0.393070,0.000000,EXPLORER
306500,0.022935,2.012615,0.008167,0.00003854,0.00471833,0.384362,0.000000,EXPLORER
306600,0.417472,3.077848,0.092222,0.00004630,0.00050208,0.368172,0.000000,EXPLORER
306700,0.700000,3.185258,0.475568,0.00014260,0.00029986,0.346781,0.000000,EXPLORER
306800,0.188375,2.486055,0.086063,0.00021541,0.00250292,0.268443,0.000000,EXPLORER
306900,0.489098,1.962629,0.347943,0.00021066,0.00060546,0.235105,0.000000,EXPLORER
307000,0.089704,2.845796,0.208723,0.00022861,0.00109529,0.205536,0.000000,EXPLORER
307100,0.135439,1.112355,0.303481,0.00027817,0.00091660,0.102311,0.000000,EXPLORER
307200,0.519662,0.991399,0.239842,0.00015891,0.00066255,0.034915,0.000000,EXPLORER
307300,0.025266,2.066494,0.003325,0.00003594,0.01080621,0.962583,0.000000,EXPLORER
307400,0.015316,2.062632,0.133637,0.00003950,0.00029557,0.947074,0.000000,EXPLORER
307500,0.398841,2.359447,0.007665,0.00003993,0.00520908,0.931109,0.000000,EXPLORER
307600,0.420552,2.173717,0.064905,0.00003965,0.00061093,0.917478,0.000000,EXPLORER
307700,0.126652,2.042050,0.090661,0.00003882,0.00042817,0.902294,0.000000,EXPLORER
307800,0.062417,2.076008,0.150843,0.00003976,0.00026360,0.887778,0.000000,EXPLORER
307900,0.378626,2.067031,0.046463,0.00003866,0.00083211,0.871275,0.000000,EXPLORER
308000,0.380805,2.894809,0.058969,0.00004473,0.00075846,0.853651,0.000000,EXPLORER
308100,0.353610,2.060736,0.062616,0.00003884,0.00062020,0.837786,0.000000,EXPLORER
308200,0.340304,2.629870,0.147295,0.00004347,0.00029512,0.821644,0.000000,EXPLORER
308300,0.069058,2.935172,0.048555,0.00004424,0.00091111,0.804506,0.000000,EXPLORER
308400,0.298703,2.936338,0.001397,0.00004396,0.03144494,0.788023,0.000000,EXPLORER
308500,0.030681,2.161038,0.010083,0.00003816,0.00378438,0.773338,0.000000,EXPLORER
308600,0.368647,2.864583,0.071529,0.00004230,0.00059140,0.758804,0.000000,EXPLORER
308700,0.029611,3.066646,0.196746,0.00004749,0.00024140,0.742642,0.000000,EXPLORER
308800,0.273334,2.958250,0.007582,0.00004400,0.00580267,0.728088,0.000000,EXPLORER
308900,0.435182,2.073274,0.005884,0.00003742,0.00635847,0.713237,0.000000,EXPLORER
309000,0.318442,2.946871,0.072985,0.00004437,0.00060792,0.693847,0.000000,EXPLORER
309100,0.424721,2.396309,0.054539,0.00004098,0.00075131,0.671768,0.000000,EXPLORER
309200,0.222915,2.401776,0.004401,0.00004008,0.00910518,0.649736,0.000000,EXPLORER
309300,0.250600,2.165207,0.032811,0.00003850,0.00117344,0.631949,0.000000,EXPLORER
309400,0.230661,2.980224,0.003524,0.00004416,0.01252741,0.616703,0.000000,EXPLORER
309500,0.297397,3.049081,0.003028,0.00004463,0.01473418,0.600459,0.000000,EXPLORER
309600,0.513094,3.047650,0.094630,0.00004602,0.00048634,0.583528,0.000000,EXPLORER
309700,0.048968,2.263316,0.020192,0.00003913,0.00193780,0.567685,0.000000,EXPLORER
309800,0.617787,2.746361,0.021247,0.00004284,0.00201639,0.552308,0.000000,EXPLORER
309900,0.358659,3.066818,0.026451,0.00004447,0.00168126,0.536087,0.000000,EXPLORER
310000,0.154524,2.847124,0.032137,0.00004326,0.00134608,0.519595,0.000000,EXPLORER
310100,0.323748,1.972450,0.028963,0.00003758,0.00129763,0.504117,0.000000,EXPLORER
310200,0.274778,2.547005,0.097568,0.00004223,0.00043287,0.489973,0.000000,EXPLORER
310300,0.203428,3.087817,0.051529,0.00004511,0.00087535,0.473905,0.000000,EXPLORER
310400,0.350824,3.085832,0.099994,0.00004658,0.00046584,0.457983,0.000000,EXPLORER
310500,0.398584,2.184591,0.065794,0.00003888,0.00059095,0.442700,0.000000,EXPLORER
310600,0.354809,3.064210,0.026711,0.00004525,0.00169405,0.426664,0.000000,EXPLORER
310700,0.407366,3.131518,0.002865,0.00004545,0.01586041,0.410406,0.000000,EXPLORER
310800,0.414733,3.137610,0.026324,0.00004506,0.00171178,0.394250,0.000000,EXPLORER
310900,0.424997,2.013952,0.190048,0.00003945,0.00020756,0.378920,0.000000,EXPLORER
311000,0.384210,3.107496,0.118055,0.00004560,0.00038629,0.363390,0.000000,EXPLORER
311100,0.218229,3.150503,0.009231,0.00011518,0.01247603,0.340417,0.000000,EXPLORER
311200,0.188210,2.559888,0.016080,0.00023004,0.01430445,0.270727,0.000000,EXPLORER
311300,0.700000,2.010064,0.102360,0.00018726,0.00182943,0.152826,0.000000,EXPLORER
311400,0.357876,2.663217,0.202240,0.00028612,0.00141474,0.041875,0.000000,EXPLORER
311500,0.010416,2.261744,0.003056,0.00004875,0.01594570,0.967064,0.000000,EXPLORER
311600,0.015232,2.430756,0.018949,0.00004044,0.00213429,0.951908,0.000000,EXPLORER
311700,0.055945,1.996458,0.070062,0.00003719,0.00053079,0.937742,0.000000,EXPLORER
311800,0.088996,2.280556,0.040573,0.00003956,0.00097505,0.925324,0.000000,EXPLORER
311900,0.362524,2.631495,0.035643,0.00004148,0.00116383,0.912136,0.000000,EXPLORER
312000,0.700000,2.758625,0.126604,0.00004534,0.00035809,0.897238,0.000000,EXPLORER
312100,0.285775,2.137557,0.007219,0.00003816,0.00528526,0.883095,0.000000,EXPLORER
312200,0.428040,2.501706,0.049598,0.00004106,0.00082775,0.870142,0.000000,EXPLORER
312300,0.106087,2.225914,0.014494,0.00003876,0.00267383,0.853810,0.000000,EXPLORER
312400,0.100515,2.830168,0.136954,0.00004511,0.00032940,0.837891,0.000000,EXPLORER
312500,0.143194,2.169402,0.041521,0.00003945,0.00095002,0.821416,0.000000,EXPLORER
312600,0.418531,2.858204,0.021533,0.00004380,0.00203403,0.807767,0.000000,EXPLORER
312700,0.072518,3.022359,0.014549,0.00004434,0.00304714,0.793597,0.000000,EXPLORER
312800,0.369457,2.831718,0.131288,0.00004463,0.00033995,0.777557,0.000000,EXPLORER
312900,0.416804,2.207635,0.068188,0.00003996,0.00058598,0.763138,0.000000,EXPLORER
313000,0.243927,2.047890,0.155400,0.00003944,0.00025379,0.749518,0.000000,EXPLORER
313100,0.305586,2.940940,0.097150,0.00004527,0.00046595,0.735196,0.000000,EXPLORER
313200,0.563000,2.173299,0.064525,0.00003936,0.00060996,0.714263,0.000000,EXPLORER
313300,0.021452,2.243944,0.131162,0.00004067,0.00031008,0.693652,0.000000,EXPLORER
313400,0.235693,2.245626,0.266983,0.00004256,0.00015942,0.674706,0.000000,EXPLORER
313500,0.378380,2.201097,0.059082,0.00003906,0.00066114,0.672203,0.000000,EXPLORER
313600,0.700000,2.486474,0.140731,0.00004273,0.00030362,0.668711,0.000000,EXPLORER
313700,0.041144,2.294010,0.033690,0.00003951,0.00117257,0.658776,0.000000,EXPLORER
313800,0.203929,2.868834,0.117547,0.00004468,0.00038014,0.647944,0.000000,EXPLORER
313900,0.003423,2.927917,0.117318,0.00004533,0.00038636,0.644949,0.000000,EXPLORER
314000,0.390995,2.875061,0.066569,0.00004394,0.00066009,0.633157,0.000000,EXPLORER
314100,0.099354,1.920088,0.053241,0.00003717,0.00069804,0.618638,0.000000,EXPLORER
314200,0.013088,2.668618,0.015915,0.00004186,0.00262984,0.604336,0.000000,EXPLORER
314300,0.298013,2.209553,0.105409,0.00004008,0.00038024,0.589251,0.000000,EXPLORER
314400,0.304317,3.020707,0.129943,0.00004581,0.00035253,0.574972,0.000000,EXPLORER
314500,0.113928,1.985200,0.068743,0.00003716,0.00054052,0.560622,0.000000,EXPLORER
314600,0.530886,2.998124,0.004082,0.00004411,0.01080418,0.546300,0.000000,EXPLORER
314700,0.024760,3.064229,0.013027,0.00004468,0.00342919,0.530858,0.000000,EXPLORER
314800,0.375558,3.050910,0.045370,0.00004545,0.00100173,0.515711,0.000000,EXPLORER
314900,0.365218,2.167237,0.001508,0.00003936,0.02609008,0.501261,0.000000,EXPLORER
315000,0.376353,3.076466,0.040396,0.00004531,0.00112166,0.487393,0.000000,EXPLORER
315100,0.058694,3.109942,0.112322,0.00004660,0.00041484,0.472039,0.000000,EXPLORER
315200,0.069537,3.100997,0.137155,0.00004669,0.00034040,0.456793,0.000000,EXPLORER
315300,0.424781,2.040769,0.060772,0.00003774,0.00062102,0.441877,0.000000,EXPLORER
315400,0.259371,3.052583,0.168455,0.00004664,0.00027687,0.426884,0.000000,EXPLORER
315500,0.342686,3.052607,0.092507,0.00004572,0.00049425,0.411045,0.000000,EXPLORER
315600,0.092132,3.152656,0.007213,0.00004508,0.00624968,0.394724,0.000000,EXPLORER
315700,0.181543,1.937534,0.061440,0.00003762,0.00061225,0.379617,0.000000,EXPLORER
315800,0.291247,3.042120,0.087950,0.00004530,0.00051511,0.364079,0.000000,EXPLORER
315900,0.014020,3.162423,0.376422,0.00012486,0.00033170,0.346287,0.000000,EXPLORER
316000,0.700000,2.029703,0.017785,0.00003762,0.00211494,0.258921,0.000000,EXPLORER
316100,0.700000,1.644300,0.013272,0.00008673,0.00653451,0.230959,0.000000,EXPLORER
316200,0.489577,3.251203,0.028953,0.00004186,0.00144559,0.210304,0.000000,EXPLORER
316300,0.354845,3.299532,0.062665,0.00004547,0.00072559,0.182690,0.000000,EXPLORER
316400,0.338804,3.830793,0.079661,0.00023319,0.00292719,0.094876,0.000000,EXPLORER
316500,0.372708,1.943234,0.025607,0.00010099,0.00394359,0.361692,0.000000,EXPLORER
316600,0.250886,3.175191,0.074868,0.00015627,0.00208723,0.333812,0.000000,EXPLORER
316700,0.154173,1.355309,0.215843,0.00034225,0.00158564,0.257758,0.000000,EXPLORER
316800,0.287047,1.465587,0.300182,0.00027207,0.00090633,0.132616,0.000000,EXPLORER
316900,0.700000,3.019199,0.251436,0.00025911,0.00103051,0.029095,0.000000,EXPLORER
317000,0.700000,3.063335,0.567603,0.00005334,0.00009398,0.988254,0.000000,EXPLORER
317100,0.700000,3.279423,0.349177,0.00005274,0.00015103,0.984938,0.000000,EXPLORER
317200,0.700000,3.497612,0.063128,0.00004912,0.00077816,0.981296,0.000000,EXPLORER
317300,0.355706,2.612918,0.108866,0.00004674,0.00042933,0.977241,0.000000,EXPLORER
317400,0.700000,1.907780,0.419077,0.00004455,0.00010630,0.974429,0.000000,EXPLORER
317500,0.700000,2.692025,0.139367,0.00004261,0.00030573,0.970569,0.000000,EXPLORER
317600,0.009895,3.834923,0.374643,0.00005464,0.00014584,0.961058,0.000000,EXPLORER
317700,0.106078,2.270888,0.367065,0.00004403,0.00011995,0.944451,0.000000,EXPLORER
317800,0.351424,2.086009,0.167793,0.00003790,0.00022586,0.929076,0.000000,EXPLORER
317900,0.353884,2.310406,0.366167,0.00004384,0.00011972,0.925447,0.000000,EXPLORER
318000,0.350304,2.098058,0.473664,0.00004360,0.00009204,0.923003,0.000000,EXPLORER
318100,0.354101,2.350646,0.526135,0.00004678,0.00008891,0.919389,0.000000,EXPLORER
318200,0.356112,2.271880,0.197053,0.00004059,0.00020598,0.915965,0.000000,EXPLORER
318300,0.399357,2.748432,0.332480,0.00004670,0.00014047,0.911943,0.000000,EXPLORER
318400,0.352343,2.750912,0.498442,0.00004866,0.00009763,0.905487,0.000000,EXPLORER
318500,0.354681,1.730663,0.306394,0.00003539,0.00011549,0.902117,0.000000,EXPLORER
318600,0.700000,1.955239,0.315414,0.00004276,0.00013556,0.899041,0.000000,EXPLORER
318700,0.302390,2.050019,0.159596,0.00003892,0.00024385,0.895812,0.000000,EXPLORER
318800,0.355484,2.241702,0.150139,0.00004031,0.00026850,0.892913,0.000000,EXPLORER
318900,0.008588,2.114782,0.263038,0.00003977,0.00015119,0.889910,0.000000,EXPLORER
319000,0.700000,2.502387,0.251702,0.00004317,0.00017152,0.887584,0.000000,EXPLORER
319100,0.004330,2.319021,0.200169,0.00004157,0.00020767,0.883824,0.000000,EXPLORER
319200,0.005237,3.512423,0.291158,0.00005111,0.00017553,0.879418,0.000000,EXPLORER
319300,0.700000,2.222696,0.620716,0.00004645,0.00007484,0.876290,0.000000,EXPLORER
319400,0.700000,2.249063,0.446303,0.00004434,0.00009936,0.871456,0.000000,EXPLORER
319500,0.352351,2.096976,0.325799,0.00003966,0.00012172,0.868957,0.000000,EXPLORER
319600,0.353233,2.354917,0.493997,0.00004631,0.00009375,0.865364,0.000000,EXPLORER
319700,0.700000,1.552168,0.754844,0.00004299,0.00005696,0.862893,0.000000,EXPLORER
319800,0.700000,1.683196,0.768784,0.00004668,0.00006072,0.860302,0.000000,EXPLORER
319900,0.700000,1.653296,0.897693,0.00004741,0.00005281,0.857935,0.000000,EXPLORER
320000,0.456478,2.762344,0.681674,0.00005258,0.00007713,0.855100,0.000000,EXPLORER
320100,0.700000,2.034013,0.555555,0.00004538,0.00008168,0.850740,0.000000,EXPLORER
320200,0.379560,2.381490,0.462610,0.00004542,0.00009818,0.848349,0.000000,EXPLORER
320300,0.597997,1.832526,0.596706,0.00004483,0.00007513,0.845961,0.000000,EXPLORER
320400,0.700000,2.645957,0.477838,0.00004754,0.00009949,0.843616,0.000000,EXPLORER
320500,0.700000,2.086975,0.139717,0.00003567,0.00025528,0.841187,0.000000,EXPLORER
320600,0.700000,2.572939,0.441138,0.00004974,0.00011275,0.838998,0.000000,EXPLORER
320700,0.700000,2.172084,0.655918,0.00004669,0.00007119,0.836430,0.000000,EXPLORER
320800,0.361256,1.890804,0.788895,0.00004363,0.00005531,0.833975,0.000000,EXPLORER
320900,0.700000,2.067550,1.083267,0.00005272,0.00004866,0.831118,0.000000,EXPLORER
321000,0.007740,2.455113,1.085464,0.00005598,0.00005157,0.828415,0.000000,EXPLORER
321100,0.700000,3.180722,0.445717,0.00017745,0.00039813,0.821179,0.000000,EXPLORER
321200,0.700000,1.484459,0.097161,0.00003357,0.00034555,0.817741,0.000000,EXPLORER
321300,0.363568,2.026435,0.227365,0.00004148,0.00018245,0.815750,0.000000,EXPLORER
321400,0.360626,2.429014,0.374544,0.00004389,0.00011717,0.813425,0.000000,EXPLORER
321500,0.453257,2.149939,0.602576,0.00004731,0.00007851,0.810224,0.000000,EXPLORER
321600,0.350563,1.910960,0.653538,0.00004541,0.00006948,0.807805,0.000000,EXPLORER
321700,0.161877,1.986160,0.995172,0.00003995,0.00004015,0.804464,0.000000,EXPLORER
321800,0.700000,1.837036,1.001973,0.00004948,0.00004938,0.798714,0.000000,EXPLORER
321900,0.700000,2.777387,0.712096,0.00005252,0.00007376,0.796052,0.000000,EXPLORER
322000,0.352855,2.823982,1.110400,0.00005883,0.00005298,0.793017,0.000000,EXPLORER
322100,0.656086,2.942285,0.154143,0.00008080,0.00052419,0.789222,0.209115,EXPLORER
322200,0.297861,3.313533,0.122305,0.00008329,0.00068099,0.784563,0.587823,EXPLORER
322300,0.401863,3.318376,0.128635,0.00019241,0.00149578,0.777622,0.653714,EXPLORER
322400,0.214653,3.539229,0.044889,0.00019312,0.00430200,0.766441,0.653714,EXPLORER
322500,0.104452,2.427740,0.081877,0.00018567,0.00226764,0.753776,0.653714,EXPLORER
322600,0.099053,2.346793,0.114252,0.00018455,0.00161532,0.743388,0.653714,EXPLORER
322700,0.133769,3.096317,0.033855,0.00018982,0.00560674,0.732985,0.653714,EXPLORER
322800,0.143155,3.871391,0.130424,0.00019688,0.00150951,0.720765,0.653714,EXPLORER
322900,0.095722,2.333591,0.144511,0.00018668,0.00129180,0.708803,0.653714,EXPLORER
323000,0.301466,2.132222,0.133307,0.00018301,0.00137283,0.698262,0.653714,EXPLORER
323100,0.111382,3.280878,0.069635,0.00019150,0.00275001,0.687272,0.653714,EXPLORER
323200,0.292844,3.840275,0.154293,0.00019539,0.00126634,0.676283,0.653714,EXPLORER
323300,0.272827,2.304379,0.051823,0.00020437,0.00394343,0.665010,0.653714,EXPLORER
323400,0.047909,2.319225,0.076696,0.00020473,0.00266928,0.653392,0.653714,EXPLORER
323500,0.048114,3.296790,0.067310,0.00019188,0.00285071,0.642300,0.653714,EXPLORER
323600,0.092704,3.792151,0.125796,0.00019518,0.00155151,0.631149,0.653714,EXPLORER
323700,0.220386,2.413310,0.122646,0.00020510,0.00167225,0.619890,0.653714,EXPLORER
323800,0.092162,2.480494,0.088852,0.00020589,0.00231714,0.608543,0.653714,EXPLORER
323900,0.374354,3.299379,0.128964,0.00021100,0.00163612,0.596486,0.653714,EXPLORER
324000,0.072738,3.471800,0.114038,0.00021246,0.00186306,0.584531,0.653714,EXPLORER
324100,0.048375,2.239780,0.173724,0.00020532,0.00118189,0.572693,0.653714,EXPLORER
324200,0.047773,2.351404,0.128282,0.00020539,0.00160107,0.561196,0.653714,EXPLORER
324300,0.086550,3.084672,0.072813,0.00021012,0.00288567,0.549998,0.653714,EXPLORER
324400,0.360509,3.533271,0.067936,0.00019407,0.00285670,0.536109,0.653714,EXPLORER
324500,0.338966,2.720153,0.128024,0.00020789,0.00162381,0.523220,0.653714,EXPLORER
324600,0.562720,2.608161,0.090133,0.00018768,0.00208228,0.511804,0.653714,EXPLORER
324700,0.142198,2.904311,0.057783,0.00020866,0.00361097,0.500396,0.653714,EXPLORER
324800,0.115430,3.330187,0.140026,0.00021169,0.00151178,0.488782,0.653714,EXPLORER
324900,0.562720,2.751718,0.129474,0.00020786,0.00160537,0.477327,0.653714,EXPLORER
325000,0.091541,2.671454,0.148664,0.00020839,0.00140177,0.466291,0.653714,EXPLORER
325100,0.056284,2.893785,0.040309,0.00018841,0.00467410,0.455692,0.653714,EXPLORER
325200,0.156818,3.336030,0.109629,0.00019231,0.00175421,0.444817,0.653714,EXPLORER
325300,0.296032,2.712703,0.098857,0.00018875,0.00190935,0.433848,0.653714,EXPLORER
325400,0.312102,2.698210,0.134335,0.00018731,0.00139432,0.423168,0.653714,EXPLORER
325500,0.329334,2.884067,0.082457,0.00018850,0.00228595,0.412314,0.653714,EXPLORER
325600,0.026126,3.506583,0.057410,0.00021379,0.00372392,0.400139,0.653714,EXPLORER
325700,0.139461,2.716914,0.111651,0.00020912,0.00187297,0.388189,0.653714,EXPLORER
325800,0.214252,2.624785,0.129112,0.00020667,0.00160067,0.376348,0.653714,EXPLORER
325900,0.125820,3.100857,0.113462,0.00021037,0.00185405,0.364570,0.653714,EXPLORER
326000,0.047778,3.529605,0.097238,0.00021367,0.00219741,0.352899,0.653714,EXPLORER
326100,0.144405,2.629122,0.068100,0.00020656,0.00303320,0.340993,0.653714,EXPLORER
326200,0.300485,2.586386,0.111676,0.00018749,0.00167881,0.329723,0.653714,EXPLORER
326300,0.155585,3.078188,0.082543,0.00020982,0.00254189,0.318908,0.653714,EXPLORER
326400,0.063829,3.724661,0.037989,0.00021415,0.00563696,0.306970,0.653714,EXPLORER
326500,0.068664,2.523668,0.034992,0.00020580,0.00588106,0.293587,0.653714,EXPLORER
326600,0.087934,2.323056,0.044763,0.00020463,0.00457136,0.279326,0.653714,EXPLORER
326700,0.171508,3.656827,0.123626,0.00021416,0.00173229,0.266171,0.653714,EXPLORER
326800,0.055562,3.725248,0.087493,0.00021452,0.00245184,0.253248,0.653714,EXPLORER
326900,0.297016,2.454541,0.134698,0.00020636,0.00153197,0.239876,0.653714,EXPLORER
327000,0.204744,2.222306,0.175188,0.00020426,0.00116593,0.227577,0.653714,EXPLORER
327100,0.047772,3.622646,0.169916,0.00021348,0.00125639,0.215669,0.653714,EXPLORER
327200,0.114111,3.621772,0.082657,0.00021375,0.00258592,0.203210,0.653714,EXPLORER
327300,0.313291,2.272996,0.058343,0.00018446,0.00316168,0.190545,0.653714,EXPLORER
327400,0.044622,2.442089,0.165954,0.00018749,0.00112975,0.179990,0.653714,EXPLORER
327500,0.041426,3.423574,0.081396,0.00019341,0.00237609,0.169633,0.653714,EXPLORER
327600,0.295794,3.455373,0.200526,0.00019449,0.00096990,0.159525,0.653714,EXPLORER
327700,0.140455,2.409612,0.095804,0.00018619,0.00194342,0.148175,0.653714,EXPLORER
327800,0.043232,2.425448,0.088712,0.00018514,0.00208698,0.137627,0.653714,EXPLORER
327900,0.127029,3.293904,0.089782,0.00019112,0.00212869,0.126509,0.653714,EXPLORER
328000,0.140985,3.314322,0.089347,0.00019128,0.00214082,0.113839,0.653714,EXPLORER
328100,0.313055,2.468979,0.093690,0.00018634,0.00198887,0.099269,0.653714,EXPLORER
328200,0.075874,2.302081,0.068410,0.00020458,0.00299044,0.084447,0.653714,EXPLORER
328300,0.297895,2.201873,0.183064,0.00018457,0.00100821,0.072444,0.653714,EXPLORER
328400,0.363726,3.131990,0.135522,0.00021039,0.00155240,0.060918,0.653714,EXPLORER
328500,0.298374,2.444467,0.038115,0.00020632,0.00541302,0.044018,0.653714,EXPLORER
328600,0.124815,2.356024,0.072337,0.00020600,0.00284780,0.030506,0.653714,EXPLORER
328700,0.332897,3.702215,0.123673,0.00021440,0.00173362,0.015687,0.653714,EXPLORER
328800,0.326138,3.220125,0.081542,0.00021148,0.00259353,0.001572,0.653714,EXPLORER
328900,0.210452,1.932181,0.098441,0.00003435,0.00034893,0.993694,0.000000,EXPLORER
329000,0.265498,1.942483,0.052715,0.00004013,0.00076126,0.991112,0.000000,EXPLORER
329100,0.205797,1.894315,0.105822,0.00003864,0.00036519,0.988593,0.000000,EXPLORER
329200,0.569810,1.867492,0.062339,0.00003633,0.00058272,0.986421,0.000000,EXPLORER
329300,0.383202,2.008564,0.043480,0.00003859,0.00088753,0.984000,0.000000,EXPLORER
329400,0.119674,1.926172,0.011750,0.00003664,0.00311773,0.981726,0.000000,EXPLORER
329500,0.234659,1.915777,0.097796,0.00003787,0.00038724,0.979576,0.000000,EXPLORER
329600,0.046709,1.997184,0.039644,0.00003761,0.00094857,0.977052,0.000000,EXPLORER
329700,0.122978,1.959335,0.019018,0.00003689,0.00193980,0.973708,0.000000,EXPLORER
329800,0.336293,2.123797,0.045955,0.00003817,0.00083052,0.959107,0.000000,EXPLORER
329900,0.145304,2.102770,0.062228,0.00003862,0.00062058,0.945007,0.000000,EXPLORER
330000,0.173599,2.054345,0.043897,0.00003786,0.00086248,0.936718,0.000000,EXPLORER
330100,0.216336,1.988435,0.049915,0.00004014,0.00080410,0.934197,0.000000,EXPLORER
330200,0.165722,1.975146,0.069062,0.00003647,0.00052813,0.931713,0.000000,EXPLORER
330300,0.132744,1.908839,0.122249,0.00003809,0.00031154,0.929564,0.000000,EXPLORER
330400,0.090935,1.931714,0.007947,0.00003677,0.00462597,0.927506,0.000000,EXPLORER
330500,0.293184,1.960295,0.016132,0.00003694,0.00228977,0.925077,0.000000,EXPLORER
330600,0.092326,1.906241,0.011286,0.00003653,0.00323615,0.922349,0.000000,EXPLORER
330700,0.491852,1.869118,0.012494,0.00003649,0.00292037,0.919642,0.000000,EXPLORER
330800,0.036101,2.009256,0.027530,0.00003750,0.00136224,0.917014,0.000000,EXPLORER
330900,0.425328,2.004741,0.033426,0.00003777,0.00112983,0.914617,0.000000,EXPLORER
331000,0.415706,1.947276,0.098732,0.00003500,0.00035450,0.912302,0.000000,EXPLORER
331100,0.255632,1.920034,0.099839,0.00003615,0.00036208,0.910206,0.000000,EXPLORER
331200,0.075634,1.900478,0.094809,0.00003769,0.00039751,0.908138,0.000000,EXPLORER
331300,0.432217,2.023524,0.073882,0.00003845,0.00052038,0.905802,0.000000,EXPLORER
331400,0.371771,2.008283,0.075643,0.00003955,0.00052279,0.903361,0.000000,EXPLORER
331500,0.106793,1.919631,0.062951,0.00003727,0.00059208,0.901150,0.000000,EXPLORER
331600,0.610213,1.933491,0.017482,0.00003699,0.00211603,0.898941,0.000000,EXPLORER
331700,0.035365,1.971288,0.114773,0.00004248,0.00037011,0.896394,0.000000,EXPLORER
331800,0.177127,1.866244,0.079961,0.00003985,0.00049834,0.893862,0.000000,EXPLORER
331900,0.324734,1.876412,0.181551,0.00003857,0.00021247,0.890924,0.000000,EXPLORER
332000,0.700000,2.033458,0.135645,0.00004018,0.00029622,0.888574,0.000000,EXPLORER
332100,0.456213,2.013535,0.089733,0.00003790,0.00042240,0.886162,0.000000,EXPLORER
332200,0.303318,1.950038,0.168703,0.00004150,0.00024598,0.883768,0.000000,EXPLORER
332300,0.230220,1.870747,0.001100,0.00003788,0.03439218,0.881494,0.000000,EXPLORER
332400,0.279769,1.903673,0.088964,0.00003739,0.00042023,0.879251,0.000000,EXPLORER
332500,0.153738,2.018488,0.080652,0.00004233,0.00052488,0.876627,0.000000,EXPLORER
332600,0.095823,1.946147,0.064455,0.00004008,0.00062178,0.874132,0.000000,EXPLORER
332700,0.532486,1.900408,0.127455,0.00003761,0.00029509,0.871987,0.000000,EXPLORER
332800,0.054778,1.932517,0.062584,0.00003832,0.00061227,0.869974,0.000000,EXPLORER
332900,0.180906,2.044521,0.177826,0.00004011,0.00022556,0.867539,0.000000,EXPLORER
333000,0.173775,1.955683,0.095585,0.00004092,0.00042805,0.865032,0.000000,EXPLORER
333100,0.124677,1.919558,0.243785,0.00003996,0.00016392,0.862866,0.000000,EXPLORER
333200,0.376816,1.908800,0.005678,0.00003672,0.00646614,0.860785,0.000000,EXPLORER
333300,0.306213,2.030482,0.101730,0.00003840,0.00037748,0.858144,0.000000,EXPLORER
333400,0.080180,1.929648,0.060155,0.00004014,0.00066734,0.855601,0.000000,EXPLORER
333500,0.141340,1.904115,0.016874,0.00003647,0.00216137,0.853517,0.000000,EXPLORER
333600,0.082688,1.964254,0.151644,0.00003993,0.00026334,0.851410,0.000000,EXPLORER
333700,0.390709,2.060851,0.132831,0.00003903,0.00029381,0.848945,0.000000,EXPLORER
333800,0.146106,1.923056,0.056677,0.00003719,0.00065610,0.846543,0.000000,EXPLORER
333900,0.353746,1.882477,0.051910,0.00003915,0.00075426,0.844360,0.000000,EXPLORER
334000,0.184072,1.944610,0.171481,0.00003906,0.00022780,0.842024,0.000000,EXPLORER
334100,0.166881,2.026506,0.012990,0.00004201,0.00323388,0.839473,0.000000,EXPLORER
334200,0.027385,1.914255,0.016846,0.00003879,0.00230225,0.837190,0.000000,EXPLORER
334300,0.412590,1.891489,0.013692,0.00003810,0.00278260,0.834972,0.000000,EXPLORER
334400,0.470311,1.890965,0.090673,0.00003823,0.00042160,0.833042,0.000000,EXPLORER
334500,0.259379,1.980282,0.007272,0.00003674,0.00505229,0.830480,0.000000,EXPLORER
334600,0.448311,1.886710,0.074487,0.00003661,0.00049144,0.828249,0.000000,EXPLORER
334700,0.196351,1.861623,0.015942,0.00003737,0.00234381,0.826274,0.000000,EXPLORER
334800,0.106953,1.856557,0.010827,0.00003612,0.00333548,0.824370,0.000000,EXPLORER
334900,0.165117,2.018258,0.063681,0.00003809,0.00059817,0.821970,0.000000,EXPLORER
335000,0.255168,1.919802,0.035219,0.00003670,0.00104201,0.819519,0.000000,EXPLORER
335100,0.314054,1.900510,0.086017,0.00003733,0.00043401,0.816732,0.000000,EXPLORER
335200,0.282365,2.002320,0.016927,0.00003747,0.00221342,0.814572,0.000000,EXPLORER
335300,0.269285,2.001997,0.050778,0.00003754,0.00073933,0.811984,0.000000,EXPLORER
335400,0.069131,1.906260,0.008157,0.00003639,0.00446106,0.809698,0.000000,EXPLORER
335500,0.405995,1.898592,0.004031,0.00003818,0.00946890,0.807576,0.000000,EXPLORER
335600,0.444274,1.861460,0.002812,0.00003654,0.01298775,0.805445,0.000000,EXPLORER
335700,0.314912,1.935619,0.050845,0.00004166,0.00081939,0.803076,0.000000,EXPLORER
335800,0.532032,1.897407,0.004468,0.00003696,0.00826996,0.800794,0.000000,EXPLORER
335900,0.239210,1.865556,0.007534,0.00003610,0.00479122,0.798747,0.000000,EXPLORER
336000,0.502739,1.869381,0.019610,0.00003650,0.00186098,0.796767,0.000000,EXPLORER
336100,0.198283,1.998049,0.041855,0.00003981,0.00095118,0.794402,0.000000,EXPLORER
336200,0.046490,1.891033,0.007383,0.00003751,0.00508040,0.792079,0.000000,EXPLORER
336300,0.255013,1.858411,0.094611,0.00003768,0.00039829,0.790075,0.000000,EXPLORER
336400,0.449621,1.844453,0.024329,0.00003670,0.00150828,0.788129,0.000000,EXPLORER
336500,0.537897,2.000570,0.090189,0.00003877,0.00042992,0.785769,0.000000,EXPLORER
336600,0.613221,1.901692,0.011618,0.00003022,0.00260069,0.783493,0.000000,EXPLORER
336700,0.280898,1.866822,0.132319,0.00003737,0.00028243,0.781281,0.000000,EXPLORER
336800,0.085889,1.893140,0.226474,0.00003966,0.00017513,0.779288,0.000000,EXPLORER
336900,0.081707,2.024647,0.247145,0.00003785,0.00015316,0.777083,0.000000,EXPLORER
337000,0.323568,1.968583,0.035826,0.00003957,0.00110454,0.774681,0.000000,EXPLORER
337100,0.300842,1.916110,0.036168,0.00003665,0.00101318,0.772512,0.000000,EXPLORER
337200,0.407137,1.897540,0.053545,0.00003608,0.00067383,0.770513,0.000000,EXPLORER
337300,0.700000,2.043846,0.067847,0.00003473,0.00051190,0.768100,0.000000,EXPLORER
337400,0.093472,1.928926,0.028634,0.00003706,0.00129434,0.765917,0.000000,EXPLORER
337500,0.700000,1.899736,0.020882,0.00003648,0.00174701,0.763793,0.000000,EXPLORER
337600,0.332410,1.866269,0.122260,0.00004006,0.00032765,0.761847,0.000000,EXPLORER
337700,0.140932,2.021060,0.018710,0.00003757,0.00200802,0.759485,0.000000,EXPLORER
337800,0.157039,1.918782,0.017606,0.00003667,0.00208247,0.757231,0.000000,EXPLORER
337900,0.111813,1.871467,0.010132,0.00003633,0.00358509,0.755192,0.000000,EXPLORER
338000,0.016281,1.878636,0.212389,0.00003934,0.00018523,0.753246,0.000000,EXPLORER
338100,0.271463,2.045112,0.079513,0.00003849,0.00048411,0.750915,0.000000,EXPLORER
338200,0.295987,1.935082,0.112639,0.00003824,0.00033947,0.748629,0.000000,EXPLORER
338300,0.386066,1.900963,0.123312,0.00004082,0.00033100,0.746527,0.000000,EXPLORER
338400,0.460767,1.890426,0.103500,0.00003730,0.00036043,0.744448,0.000000,EXPLORER
338500,0.048712,1.955922,0.018850,0.00004011,0.00212760,0.742117,0.000000,EXPLORER
338600,0.108101,1.868149,0.027629,0.00003643,0.00131853,0.739987,0.000000,EXPLORER
338700,0.209059,1.857647,0.065443,0.00003693,0.00056429,0.737755,0.000000,EXPLORER
338800,0.273473,1.849442,0.017083,0.00003705,0.00216849,0.735780,0.000000,EXPLORER
338900,0.328100,1.927707,0.031910,0.00003732,0.00116951,0.733312,0.000000,EXPLORER
339000,0.194101,1.925333,0.008879,0.00003711,0.00417906,0.731020,0.000000,EXPLORER
339100,0.167900,1.893287,0.143770,0.00003846,0.00026750,0.728851,0.000000,EXPLORER
339200,0.060062,1.888540,0.029641,0.00003661,0.00123521,0.726825,0.000000,EXPLORER
339300,0.103201,1.999080,0.041937,0.00003700,0.00088233,0.723974,0.000000,EXPLORER
339400,0.517194,1.916562,0.015116,0.00003681,0.00243477,0.721682,0.000000,EXPLORER
339500,0.420487,1.854655,0.079366,0.00003673,0.00046276,0.719550,0.000000,EXPLORER
339600,0.448135,1.880402,0.105926,0.00003772,0.00035605,0.717584,0.000000,EXPLORER
339700,0.098917,1.973686,0.075758,0.00003786,0.00049975,0.714857,0.000000,EXPLORER
339800,0.448234,1.861482,0.112720,0.00003833,0.00034006,0.712554,0.000000,EXPLORER
339900,0.379818,1.839462,0.114117,0.00003718,0.00032577,0.710620,0.000000,EXPLORER
340000,0.303067,1.836237,0.085550,0.00003688,0.00043108,0.708642,0.000000,EXPLORER
340100,0.391114,1.959358,0.101543,0.00003799,0.00037412,0.706299,0.000000,EXPLORER
340200,0.383260,1.935846,0.023068,0.00003764,0.00163169,0.704120,0.000000,EXPLORER
340300,0.401755,1.881669,0.013505,0.00003568,0.00264191,0.701983,0.000000,EXPLORER
340400,0.013456,1.877740,0.117645,0.00003794,0.00032250,0.700052,0.000000,EXPLORER
340500,0.399079,1.924396,0.101649,0.00003453,0.00033966,0.697821,0.000000,EXPLORER
340600,0.034554,1.942600,0.090234,0.00004069,0.00045094,0.695376,0.000000,EXPLORER
340700,0.172825,1.879944,0.001838,0.00003639,0.01978215,0.693307,0.000000,EXPLORER
340800,0.069887,1.849970,0.132546,0.00003804,0.00028699,0.691367,0.000000,EXPLORER
340900,0.109335,1.902265,0.122853,0.00003803,0.00030956,0.688857,0.000000,EXPLORER
341000,0.033294,1.947570,0.085582,0.00004246,0.00049615,0.686578,0.000000,EXPLORER
341100,0.081281,1.882826,0.065162,0.00003710,0.00056940,0.684462,0.000000,EXPLORER
341200,0.088658,1.874511,0.057933,0.00003705,0.00063956,0.682502,0.000000,EXPLORER
341300,0.131614,1.952530,0.069201,0.00004509,0.00065150,0.680034,0.000000,EXPLORER
341400,0.434858,1.959096,0.135801,0.00004446,0.00032738,0.677835,0.000000,EXPLORER
341500,0.060238,1.901965,0.069689,0.00003358,0.00048190,0.675704,0.000000,EXPLORER
341600,0.375398,1.885286,0.009471,0.00003650,0.00385281,0.673791,0.000000,EXPLORER
341700,0.700000,1.965031,0.125828,0.00003783,0.00030063,0.671306,0.000000,EXPLORER
341800,0.066923,1.879195,0.013870,0.00003627,0.00261501,0.669019,0.000000,EXPLORER
341900,0.236390,1.858022,0.006260,0.00003315,0.00529543,0.667003,0.000000,EXPLORER
342000,0.188878,1.842750,0.047567,0.00003821,0.00080336,0.664864,0.000000,EXPLORER
342100,0.479542,1.950266,0.109267,0.00003277,0.00029991,0.662573,0.000000,EXPLORER
342200,0.327010,1.913488,0.001221,0.00003961,0.03241936,0.660407,0.000000,EXPLORER
342300,0.049584,1.891506,0.015020,0.00003454,0.00229939,0.658326,0.000000,EXPLORER
342400,0.112159,1.874939,0.000304,0.00003626,0.11886869,0.656345,0.000000,EXPLORER
342500,0.177339,1.988445,0.011544,0.00003456,0.00299320,0.654081,0.000000,EXPLORER
342600,0.404774,1.892205,0.121030,0.00003618,0.00029896,0.651839,0.000000,EXPLORER
342700,0.333550,1.874463,0.085137,0.00002913,0.00034219,0.649718,0.000000,EXPLORER
342800,0.058222,1.878693,0.025661,0.00003693,0.00143913,0.647648,0.000000,EXPLORER
342900,0.443117,2.004748,0.015447,0.00003713,0.00240359,0.645363,0.000000,EXPLORER
343000,0.090956,1.902379,0.011508,0.00003652,0.00317329,0.643298,0.000000,EXPLORER
343100,0.012014,1.877125,0.055281,0.00003711,0.00067138,0.641324,0.000000,EXPLORER
343200,0.051998,1.873537,0.023470,0.00003620,0.00154246,0.639483,0.000000,EXPLORER
343300,0.226339,2.032488,0.001770,0.00003745,0.02114111,0.636878,0.000000,EXPLORER
343400,0.123237,1.929450,0.017700,0.00003814,0.00215462,0.634745,0.000000,EXPLORER
343500,0.537333,1.845146,0.028387,0.00003738,0.00131688,0.632690,0.000000,EXPLORER
343600,0.029953,1.829075,0.039445,0.00003639,0.00092242,0.630661,0.000000,EXPLORER
343700,0.181942,1.974240,0.112157,0.00003834,0.00034188,0.628515,0.000000,EXPLORER
343800,0.467670,1.901898,0.097050,0.00003727,0.00038407,0.626310,0.000000,EXPLORER
343900,0.009789,1.868326,0.040824,0.00003671,0.00089918,0.624271,0.000000,EXPLORER
344000,0.522160,1.869970,0.146464,0.00003951,0.00026974,0.622466,0.000000,EXPLORER
344100,0.368393,1.982206,0.130604,0.00003842,0.00029416,0.620032,0.000000,EXPLORER
344200,0.463575,1.942131,0.150549,0.00003631,0.00024115,0.617961,0.000000,EXPLORER
344300,0.384949,1.869027,0.033220,0.00003672,0.00110531,0.616025,0.000000,EXPLORER
344400,0.203523,1.851825,0.055244,0.00003821,0.00069163,0.614015,0.000000,EXPLORER
344500,0.243130,1.896056,0.037461,0.00004056,0.00108269,0.611963,0.000000,EXPLORER
344600,0.266074,1.897608,0.054862,0.00003675,0.00066988,0.609636,0.000000,EXPLORER
344700,0.101486,1.866417,0.012755,0.00003829,0.00300186,0.607532,0.000000,EXPLORER
344800,0.124449,1.863488,0.135744,0.00003801,0.00027998,0.605577,0.000000,EXPLORER
344900,0.322469,1.970754,0.062053,0.00004080,0.00065745,0.603329,0.000000,EXPLORER
345000,0.222322,1.927302,0.102727,0.00003841,0.00037394,0.601131,0.000000,EXPLORER
345100,0.410752,1.876385,0.097952,0.00003774,0.00038531,0.599191,0.000000,EXPLORER
345200,0.652071,1.836921,0.034612,0.00003656,0.00105624,0.597304,0.000000,EXPLORER
345300,0.293471,1.956979,0.074576,0.00003938,0.00052802,0.595053,0.000000,EXPLORER
345400,0.338045,1.873048,0.016114,0.00003627,0.00225059,0.592994,0.000000,EXPLORER
345500,0.152087,1.862205,0.069964,0.00003705,0.00052949,0.590955,0.000000,EXPLORER
345600,0.164506,1.849937,0.131875,0.00003794,0.00028771,0.588895,0.000000,EXPLORER
345700,0.700000,1.961136,0.059143,0.00003682,0.00062250,0.586690,0.000000,EXPLORER
345800,0.098070,1.866262,0.051369,0.00003682,0.00071670,0.584515,0.000000,EXPLORER
345900,0.019105,1.834790,0.128988,0.00003775,0.00029263,0.582552,0.000000,EXPLORER
346000,0.168952,1.849347,0.065017,0.00003677,0.00056561,0.580632,0.000000,EXPLORER
346100,0.271211,1.948501,0.051464,0.00003935,0.00076469,0.578567,0.000000,EXPLORER
346200,0.386018,1.873378,0.020754,0.00003645,0.00175625,0.576349,0.000000,EXPLORER
346300,0.101753,1.831533,0.051570,0.00003650,0.00070775,0.574369,0.000000,EXPLORER
346400,0.465372,1.836818,0.003326,0.00003525,0.01059584,0.572407,0.000000,EXPLORER
346500,0.195549,1.893916,0.151160,0.00003833,0.00025358,0.570256,0.000000,EXPLORER
346600,0.286160,1.869603,0.039107,0.00003637,0.00092995,0.567813,0.000000,EXPLORER
346700,0.222582,1.841873,0.018741,0.00003635,0.00193965,0.565747,0.000000,EXPLORER
346800,0.100290,1.826287,0.010988,0.00003591,0.00326779,0.563828,0.000000,EXPLORER
346900,0.198542,1.954478,0.155505,0.00003886,0.00024987,0.560831,0.000000,EXPLORER
347000,0.028331,1.902966,0.183077,0.00003912,0.00021369,0.558535,0.000000,EXPLORER
347100,0.229696,1.870093,0.092289,0.00003744,0.00040567,0.556651,0.000000,EXPLORER
347200,0.383791,2.031059,0.010243,0.00003696,0.00360810,0.554579,0.000000,EXPLORER
347300,0.380664,1.957631,0.197988,0.00003957,0.00019984,0.552226,0.000000,EXPLORER
347400,0.078035,1.940321,0.028470,0.00003919,0.00137664,0.549912,0.000000,EXPLORER
347500,0.532435,1.892508,0.079472,0.00003686,0.00046380,0.547807,0.000000,EXPLORER
347600,0.431010,1.879945,0.023206,0.00003583,0.00154405,0.546000,0.000000,EXPLORER
347700,0.387743,1.938542,0.108690,0.00003747,0.00034473,0.543694,0.000000,EXPLORER
347800,0.309678,1.894932,0.009866,0.00003714,0.00376448,0.541529,0.000000,EXPLORER
347900,0.113856,1.831534,0.001048,0.00003508,0.03345392,0.539672,0.000000,EXPLORER
348000,0.173043,1.825857,0.038518,0.00003750,0.00097365,0.537919,0.000000,EXPLORER
348100,0.113056,1.963333,0.065619,0.00003385,0.00051588,0.535715,0.000000,EXPLORER
348200,0.290755,1.879877,0.054620,0.00003732,0.00068323,0.533673,0.000000,EXPLORER
348300,0.141487,1.843671,0.037148,0.00003652,0.00098305,0.531648,0.000000,EXPLORER
348400,0.119618,1.833793,0.015249,0.00003803,0.00249397,0.529679,0.000000,EXPLORER
348500,0.082089,1.989456,0.007556,0.00004331,0.00573081,0.527648,0.000000,EXPLORER
348600,0.048823,1.903671,0.013552,0.00004143,0.00305651,0.525415,0.000000,EXPLORER
348700,0.115374,1.857309,0.002036,0.00003972,0.01949845,0.523218,0.000000,EXPLORER
348800,0.092198,1.835178,0.092467,0.00003735,0.00040389,0.521197,0.000000,EXPLORER
348900,0.425216,1.922784,0.095506,0.00003743,0.00039190,0.518848,0.000000,EXPLORER
349000,0.409428,1.846774,0.082330,0.00003116,0.00037848,0.516607,0.000000,EXPLORER
349100,0.533100,1.845262,0.046456,0.00003602,0.00077530,0.514505,0.000000,EXPLORER
349200,0.067743,1.854722,0.013295,0.00003890,0.00292595,0.512559,0.000000,EXPLORER
349300,0.482012,1.973817,0.096925,0.00003861,0.00039839,0.510170,0.000000,EXPLORER
349400,0.700000,1.903028,0.135066,0.00003837,0.00028407,0.507872,0.000000,EXPLORER
349500,0.381770,1.861270,0.102177,0.00003705,0.00036259,0.505848,0.000000,EXPLORER
349600,0.292703,1.856426,0.001418,0.00003634,0.02560775,0.503856,0.000000,EXPLORER
349700,0.355153,1.920100,0.036145,0.00003102,0.00085830,0.501709,0.000000,EXPLORER
349800,0.316944,1.921705,0.035415,0.00003696,0.00104356,0.499609,0.000000,EXPLORER
349900,0.160170,1.835792,0.006113,0.00003396,0.00555398,0.497551,0.000000,EXPLORER
350000,0.086645,1.819933,0.012413,0.00003711,0.00298925,0.495729,0.000000,EXPLORER
350100,0.200366,1.887670,0.002063,0.00003396,0.01645267,0.493453,0.000000,EXPLORER
350200,0.142548,1.928544,0.002574,0.00003753,0.01457692,0.491436,0.000000,EXPLORER
350300,0.193189,1.876411,0.148926,0.00003825,0.00025682,0.489470,0.000000,EXPLORER
350400,0.415618,1.853122,0.045132,0.00003716,0.00082346,0.487504,0.000000,EXPLORER
350500,0.398627,1.967932,0.022740,0.00003706,0.00162950,0.485201,0.000000,EXPLORER
350600,0.256707,1.889955,0.055753,0.00003709,0.00066528,0.482845,0.000000,EXPLORER
350700,0.211904,1.870882,0.040453,0.00003825,0.00094561,0.480859,0.000000,EXPLORER
350800,0.412444,1.869721,0.125867,0.00003849,0.00030579,0.478955,0.000000,EXPLORER
350900,0.140405,2.039277,0.098001,0.00003864,0.00039432,0.476658,0.000000,EXPLORER
351000,0.227186,1.966331,0.212765,0.00003618,0.00017004,0.474629,0.000000,EXPLORER
351100,0.045882,1.892869,0.123888,0.00004124,0.00033291,0.472338,0.000000,EXPLORER
351200,0.029699,1.866012,0.017036,0.00003635,0.00213363,0.470417,0.000000,EXPLORER
351300,0.072270,1.998574,0.067064,0.00003793,0.00056559,0.468101,0.000000,EXPLORER
351400,0.320119,1.898024,0.095567,0.00004319,0.00045196,0.465766,0.000000,EXPLORER
351500,0.350794,1.853746,0.129744,0.00003755,0.00028945,0.463713,0.000000,EXPLORER
351600,0.314514,1.844379,0.046789,0.00003958,0.00084582,0.461761,0.000000,EXPLORER
351700,0.272089,1.943271,0.057316,0.00003736,0.00065179,0.459560,0.000000,EXPLORER
351800,0.168354,1.922040,0.044900,0.00003159,0.00070348,0.457375,0.000000,EXPLORER
351900,0.193986,1.877261,0.024756,0.00003650,0.00147449,0.455493,0.000000,EXPLORER
352000,0.096096,1.864206,0.019203,0.00003634,0.00189220,0.453561,0.000000,EXPLORER
352100,0.306653,1.903998,0.103710,0.00003828,0.00036913,0.451243,0.000000,EXPLORER
352200,0.190847,1.879479,0.046440,0.00003671,0.00079036,0.449166,0.000000,EXPLORER
352300,0.478959,1.829011,0.072453,0.00003676,0.00050730,0.447087,0.000000,EXPLORER
352400,0.142913,1.830852,0.182736,0.00004013,0.00021960,0.445197,0.000000,EXPLORER
352500,0.220601,1.937892,0.040432,0.00003723,0.00092075,0.442945,0.000000,EXPLORER
352600,0.097046,1.887349,0.077497,0.00003972,0.00051249,0.440687,0.000000,EXPLORER
352700,0.032008,1.834198,0.027361,0.00003625,0.00132492,0.438616,0.000000,EXPLORER
352800,0.135140,1.814952,0.251927,0.00003951,0.00015685,0.436647,0.000000,EXPLORER
352900,0.490802,1.929035,0.141503,0.00003944,0.00027871,0.434308,0.000000,EXPLORER
353000,0.482154,1.855456,0.102746,0.00003799,0.00036972,0.432238,0.000000,EXPLORER
353100,0.128380,1.833132,0.003766,0.00003587,0.00952325,0.430239,0.000000,EXPLORER
353200,0.342646,1.817222,0.069511,0.00003750,0.00053948,0.428389,0.000000,EXPLORER
353300,0.121544,1.958598,0.065594,0.00004088,0.00062328,0.425908,0.000000,EXPLORER
353400,0.365358,1.880560,0.048085,0.00004006,0.00083315,0.423738,0.000000,EXPLORER
353500,0.372434,1.849650,0.048692,0.00003616,0.00074264,0.421746,0.000000,EXPLORER
353600,0.435644,1.852088,0.096343,0.00003589,0.00037256,0.419697,0.000000,EXPLORER
353700,0.245003,1.987352,0.075595,0.00003804,0.00050315,0.417355,0.000000,EXPLORER
353800,0.700000,1.915721,0.086136,0.00003863,0.00044845,0.415133,0.000000,EXPLORER
353900,0.408863,1.891408,0.100886,0.00004171,0.00041339,0.413051,0.000000,EXPLORER
354000,0.163653,1.888528,0.064850,0.00003703,0.00057100,0.411109,0.000000,EXPLORER
354100,0.387715,1.989960,0.138445,0.00003906,0.00028217,0.408735,0.000000,EXPLORER
354200,0.132289,1.935618,0.143344,0.00003304,0.00023049,0.406668,0.000000,EXPLORER
354300,0.200990,1.877522,0.060500,0.00003324,0.00054938,0.404601,0.000000,EXPLORER
354400,0.051899,1.848772,0.049276,0.00003386,0.00068718,0.402696,0.000000,EXPLORER
354500,0.137666,1.887476,0.070480,0.00003744,0.00053118,0.400454,0.000000,EXPLORER
354600,0.489759,1.957591,0.205090,0.00004456,0.00021728,0.398318,0.000000,EXPLORER
354700,0.301047,1.900567,0.077803,0.00004067,0.00052273,0.396167,0.000000,EXPLORER
354800,0.700000,1.878538,0.026929,0.00003654,0.00135678,0.394333,0.000000,EXPLORER
354900,0.370029,1.956223,0.143555,0.00003848,0.00026805,0.391933,0.000000,EXPLORER
355000,0.453210,1.878799,0.072318,0.00003752,0.00051879,0.389527,0.000000,EXPLORER
355100,0.397844,1.834015,0.152450,0.00003981,0.00026112,0.387571,0.000000,EXPLORER
355200,0.357359,1.827144,0.025336,0.00003606,0.00142331,0.385716,0.000000,EXPLORER
355300,0.405133,1.956878,0.053052,0.00003787,0.00071388,0.383360,0.000000,EXPLORER
355400,0.228481,1.917189,0.028883,0.00003663,0.00126831,0.381149,0.000000,EXPLORER
355500,0.152774,1.869374,0.136616,0.00003864,0.00028287,0.378981,0.000000,EXPLORER
355600,0.419427,1.871100,0.015797,0.00003658,0.00231583,0.377001,0.000000,EXPLORER
355700,0.290485,2.046511,0.007432,0.00003618,0.00486731,0.374551,0.000000,EXPLORER
355800,0.155404,1.944180,0.221268,0.00003982,0.00017998,0.372394,0.000000,EXPLORER
355900,0.039434,1.876304,0.099159,0.00003765,0.00037969,0.370339,0.000000,EXPLORER
356000,0.427265,1.855519,0.059910,0.00003779,0.00063073,0.368401,0.000000,EXPLORER
356100,0.373635,1.958253,0.119016,0.00003900,0.00032767,0.366104,0.000000,EXPLORER
356200,0.264411,1.892928,0.054402,0.00003297,0.00060610,0.363782,0.000000,EXPLORER
356300,0.262075,1.858116,0.110687,0.00004046,0.00036550,0.361833,0.000000,EXPLORER
356400,0.422812,1.844709,0.213634,0.00003860,0.00018067,0.359932,0.000000,EXPLORER
356500,0.118574,1.931377,0.178202,0.00004590,0.00025758,0.357458,0.000000,EXPLORER
356600,0.485679,1.925858,0.016593,0.00003683,0.00221928,0.355117,0.000000,EXPLORER
356700,0.143042,1.866284,0.006181,0.00003986,0.00644661,0.352878,0.000000,EXPLORER
356800,0.501466,1.823636,0.236799,0.00003971,0.00016770,0.350773,0.000000,EXPLORER
356900,0.225964,1.918167,0.039174,0.00015271,0.00389827,0.344548,0.000000,EXPLORER
357000,0.325066,1.884506,0.011114,0.00012294,0.01106101,0.336589,0.000000,EXPLORER
357100,0.092176,1.855281,0.292830,0.00021163,0.00072271,0.329366,0.000000,EXPLORER
357200,0.085216,2.674539,0.071618,0.00014629,0.00204265,0.322968,0.000000,EXPLORER
357300,0.605119,1.951447,0.181623,0.00016368,0.00090119,0.311472,0.000000,EXPLORER
357400,0.700000,1.837117,0.225329,0.00023902,0.00106077,0.299365,0.000000,EXPLORER
357500,0.611456,2.153531,0.309490,0.00024287,0.00078474,0.288019,0.000000,EXPLORER
357600,0.446453,2.808022,0.076604,0.00024402,0.00318546,0.275332,0.000000,EXPLORER
357700,0.441219,1.960844,0.309461,0.00030634,0.00098991,0.261678,0.000000,EXPLORER
357800,0.172191,1.967107,0.047890,0.00020459,0.00427205,0.245464,0.000000,EXPLORER
357900,0.544879,2.891047,0.306550,0.00036375,0.00118660,0.228420,0.000000,EXPLORER
358000,0.497930,3.222345,0.735544,0.00039860,0.00054190,0.209843,0.000000,EXPLORER
358100,0.118801,1.553626,0.332013,0.00027502,0.00082834,0.190204,0.000000,EXPLORER
358200,0.036613,3.031982,0.225236,0.00027765,0.00123270,0.173208,0.000000,EXPLORER
358300,0.084357,3.270645,0.196865,0.00027894,0.00141688,0.157033,0.000000,EXPLORER
358400,0.450688,3.227668,0.311501,0.00019601,0.00062925,0.140415,0.000000,EXPLORER
358500,0.352214,1.826502,0.323464,0.00027143,0.00083913,0.125408,0.000000,EXPLORER
358600,0.331001,1.391290,0.077819,0.00003377,0.00043399,0.115864,0.000000,EXPLORER
358700,0.236961,2.985183,0.065022,0.00004457,0.00068545,0.112781,0.000000,EXPLORER
358800,0.116402,2.594863,0.200076,0.00024433,0.00122116,0.105874,0.000000,EXPLORER
358900,0.675201,1.696571,0.171716,0.00023754,0.00138332,0.091379,0.000000,EXPLORER
359000,0.060943,1.787512,0.293102,0.00022603,0.00077117,0.079154,0.000000,EXPLORER
359100,0.215733,1.784392,0.390857,0.00026777,0.00068509,0.066685,0.000000,EXPLORER
359200,0.299695,3.462609,0.405495,0.00027438,0.00067666,0.049703,0.000000,EXPLORER
359300,0.700000,1.822031,0.282937,0.00025040,0.00088500,0.029678,0.000000,EXPLORER
359400,0.112429,3.012214,0.176357,0.00027674,0.00156917,0.014665,0.000000,EXPLORER
359500,0.063666,3.228042,0.226563,0.00025894,0.00114289,0.000424,0.000000,EXPLORER
359600,0.373358,1.942786,0.788784,0.00004591,0.00005820,0.993996,0.000000,EXPLORER
359700,0.440104,1.975130,0.832518,0.00004914,0.00005902,0.991168,0.000000,EXPLORER
359800,0.512403,2.059944,0.747636,0.00005764,0.00007710,0.988486,0.000000,EXPLORER
359900,0.457558,2.037881,0.642478,0.00004534,0.00007057,0.985919,0.000000,EXPLORER
360000,0.700000,2.255843,0.260396,0.00003433,0.00013184,0.983551,0.000000,EXPLORER
360100,0.369558,2.054828,0.430947,0.00005903,0.00013699,0.980937,0.000000,EXPLORER
360200,0.700000,1.645530,0.528699,0.00003717,0.00007030,0.978211,0.000000,EXPLORER
360300,0.428204,1.582749,0.821670,0.00004574,0.00005566,0.975729,0.000000,EXPLORER
360400,0.351956,2.356295,0.693511,0.00004942,0.00007127,0.973063,0.000000,EXPLORER
360500,0.351633,1.943807,0.568186,0.00004470,0.00007867,0.969919,0.000000,EXPLORER
360600,0.132640,2.025425,0.800208,0.00005069,0.00006335,0.967068,0.000000,EXPLORER
360700,0.354230,2.515504,0.754051,0.00005116,0.00006784,0.964405,0.000000,EXPLORER
360800,0.024507,2.297294,0.525340,0.00004650,0.00008851,0.961146,0.000000,EXPLORER
360900,0.407230,1.981389,0.336338,0.00005475,0.00016278,0.958213,0.000000,EXPLORER
361000,0.361149,1.612868,0.520082,0.00003037,0.00005840,0.955987,0.000000,EXPLORER
361100,0.353430,2.210502,0.543437,0.00005383,0.00009905,0.953444,0.000000,EXPLORER
361200,0.358397,1.942705,0.625952,0.00004072,0.00006506,0.951034,0.000000,EXPLORER
361300,0.700000,2.280131,0.562022,0.00004597,0.00008179,0.947779,0.000000,EXPLORER
361400,0.165592,1.872016,0.551498,0.00004443,0.00008056,0.944463,0.000000,EXPLORER
361500,0.003919,2.291333,0.556834,0.00004596,0.00008254,0.941726,0.000000,EXPLORER
361600,0.366434,2.025312,0.616839,0.00004560,0.00007393,0.939301,0.000000,EXPLORER
361700,0.044650,2.038554,0.843482,0.00005005,0.00005934,0.936641,0.000000,EXPLORER
361800,0.351800,1.915392,0.904610,0.00004908,0.00005425,0.933852,0.000000,EXPLORER
361900,0.700000,1.983311,0.966294,0.00004992,0.00005166,0.931070,0.000000,EXPLORER
362000,0.700000,3.160966,0.690483,0.00005357,0.00007758,0.927673,0.000000,EXPLORER
362100,0.700000,2.120435,0.168192,0.00003905,0.00023218,0.925165,0.000000,EXPLORER
362200,0.700000,2.371124,0.463392,0.00004402,0.00009500,0.922661,0.000000,EXPLORER
362300,0.700000,2.236547,0.277679,0.00004143,0.00014919,0.920476,0.000000,EXPLORER
362400,0.700000,2.156832,0.607457,0.00004725,0.00007777,0.918322,0.000000,EXPLORER
362500,0.700000,2.062122,0.483669,0.00004396,0.00009089,0.914506,0.000000,EXPLORER
362600,0.700000,2.298530,0.335117,0.00004313,0.00012869,0.907087,0.000000,EXPLORER
362700,0.700000,1.649097,0.227788,0.00003620,0.00015890,0.905050,0.000000,EXPLORER
362800,0.700000,1.891982,0.280172,0.00003873,0.00013823,0.903058,0.000000,EXPLORER
362900,0.518840,2.145369,0.309090,0.00004188,0.00013550,0.900885,0.000000,EXPLORER
363000,0.358626,2.462258,0.279906,0.00004317,0.00015424,0.898566,0.000000,EXPLORER
363100,0.586853,2.217847,0.273193,0.00004236,0.00015506,0.896393,0.000000,EXPLORER
363200,0.009350,2.050850,0.324162,0.00004084,0.00012600,0.894484,0.000000,EXPLORER
363300,0.156903,2.010941,0.531154,0.00004434,0.00008348,0.891945,0.000000,EXPLORER
363400,0.700000,1.887892,0.645911,0.00021058,0.00032602,0.885733,0.000000,EXPLORER
363500,0.700000,1.699810,0.535041,0.00003895,0.00007280,0.880089,0.000000,EXPLORER
363600,0.700000,1.951884,0.384683,0.00004210,0.00010943,0.878084,0.000000,EXPLORER
363700,0.445260,2.030499,0.550765,0.00004449,0.00008077,0.875387,0.000000,EXPLORER
363800,0.359627,1.894645,0.436649,0.00004205,0.00009631,0.872777,0.000000,EXPLORER
363900,0.428676,1.906065,0.766936,0.00004826,0.00006292,0.870277,0.000000,EXPLORER
364000,0.353758,1.853193,0.937323,0.00004659,0.00004971,0.867778,0.000000,EXPLORER
364100,0.354088,1.946891,0.850456,0.00004788,0.00005630,0.864944,0.000000,EXPLORER
364200,0.391755,1.934333,0.837839,0.00005506,0.00006571,0.862232,0.000000,EXPLORER
364300,0.417471,2.702635,0.848374,0.00005525,0.00006513,0.859308,0.000000,EXPLORER
364400,0.593474,3.021852,0.748365,0.00005428,0.00007253,0.852738,0.000000,EXPLORER
364500,0.363046,1.891127,0.506836,0.00004326,0.00008535,0.849950,0.000000,EXPLORER
364600,0.517562,2.080888,0.201510,0.00003976,0.00019733,0.847677,0.000000,EXPLORER
364700,0.700000,2.032671,0.400873,0.00004258,0.00010622,0.845241,0.000000,EXPLORER
364800,0.359864,1.875111,0.552459,0.00004337,0.00007850,0.842871,0.000000,EXPLORER
364900,0.700000,1.930352,0.752226,0.00004713,0.00006265,0.840288,0.000000,EXPLORER
365000,0.284415,1.985381,0.336866,0.00004115,0.00012214,0.837697,0.000000,EXPLORER
365100,0.160743,2.065281,0.589211,0.00004486,0.00007614,0.835322,0.000000,EXPLORER
365200,0.700000,2.738477,0.901468,0.00009022,0.00010008,0.831835,0.000000,EXPLORER
365300,0.354267,3.315781,0.191221,0.00019441,0.00101665,0.822771,0.219723,EXPLORER
365400,0.170600,3.384024,0.136354,0.00019413,0.00142368,0.810426,0.219723,EXPLORER
365500,0.114891,3.586562,0.168790,0.00019354,0.00114662,0.800006,0.219723,EXPLORER
365600,0.364375,3.881965,0.073382,0.00019527,0.00266095,0.789144,0.219723,EXPLORER
365700,0.051012,2.414566,0.128261,0.00018573,0.00144802,0.777946,0.219723,EXPLORER
365800,0.439508,2.475603,0.052833,0.00018859,0.00356949,0.768252,0.219723,EXPLORER
365900,0.653858,3.212745,0.111141,0.00019056,0.00171459,0.756393,0.219723,EXPLORER
366000,0.346318,3.696938,0.178256,0.00021844,0.00122542,0.743999,0.219723,EXPLORER
366100,0.386258,2.261467,0.149620,0.00020605,0.00137716,0.731807,0.219723,EXPLORER
366200,0.653858,2.175472,0.110917,0.00018600,0.00167690,0.720626,0.219723,EXPLORER
366300,0.621534,3.146590,0.109329,0.00007881,0.00072088,0.709653,0.373646,EXPLORER
366400,0.297448,3.322532,0.160389,0.00019276,0.00120183,0.702825,0.587254,EXPLORER
366500,0.047750,2.122555,0.094681,0.00020392,0.00215375,0.691836,0.587254,EXPLORER
366600,0.550372,2.344211,0.095410,0.00020485,0.00214704,0.680210,0.587254,EXPLORER
366700,0.072188,2.589528,0.141657,0.00020789,0.00146758,0.669503,0.587254,EXPLORER
366800,0.379589,2.266933,0.126301,0.00020515,0.00162426,0.658226,0.587254,EXPLORER
366900,0.322116,1.923610,0.142870,0.00020270,0.00141876,0.646653,0.587254,EXPLORER
367000,0.344082,2.398398,0.023593,0.00020479,0.00867937,0.635268,0.587254,EXPLORER
367100,0.122648,2.318376,0.084964,0.00020529,0.00241621,0.622669,0.587254,EXPLORER
367200,0.308980,2.808805,0.117299,0.00020848,0.00177730,0.610518,0.620887,EXPLORER
367300,0.362420,2.178547,0.129799,0.00020428,0.00157381,0.598484,0.620887,EXPLORER
367400,0.569614,2.332185,0.129024,0.00020575,0.00159463,0.586410,0.620887,EXPLORER
367500,0.040626,2.399303,0.056366,0.00018486,0.00327959,0.575422,0.620887,EXPLORER
367600,0.094559,1.830932,0.047151,0.00018067,0.00383162,0.564969,0.620887,EXPLORER
367700,0.173124,2.266805,0.113101,0.00018529,0.00163825,0.554673,0.620887,EXPLORER
367800,0.042805,2.583965,0.239007,0.00018989,0.00079450,0.544534,0.620887,EXPLORER
367900,0.034216,2.095345,0.212623,0.00018514,0.00087075,0.533862,0.620887,EXPLORER
368000,0.286052,2.400469,0.187329,0.00018664,0.00099631,0.523103,0.620887,EXPLORER
368100,0.129702,2.291918,0.235535,0.00016675,0.00070794,0.512841,0.620887,EXPLORER
368200,0.569614,2.412200,0.466809,0.00019208,0.00041148,0.504565,0.620887,EXPLORER
368300,0.569614,1.931590,0.424541,0.00018764,0.00044198,0.493400,0.620887,EXPLORER
368400,0.569614,2.658314,0.334561,0.00004583,0.00013697,0.487357,0.620887,EXPLORER
368500,0.292816,1.964894,0.265043,0.00004091,0.00015434,0.484779,0.620887,EXPLORER
368600,0.286432,1.855015,0.556361,0.00004446,0.00007992,0.482238,0.620887,EXPLORER
368700,0.288312,1.676804,0.643063,0.00004422,0.00006876,0.479403,0.620887,EXPLORER
368800,0.002914,1.518302,0.704913,0.00004370,0.00006200,0.476714,0.620887,EXPLORER
368900,0.305173,1.911399,0.629536,0.00004506,0.00007158,0.474009,0.620887,EXPLORER
369000,0.295102,1.850323,0.663624,0.00004528,0.00006823,0.471293,0.620887,EXPLORER
369100,0.569614,1.806802,0.640699,0.00004590,0.00007164,0.468636,0.620887,EXPLORER
369200,0.569614,2.872909,0.521229,0.00019499,0.00037410,0.460498,0.620887,EXPLORER
369300,0.009990,1.967190,0.236120,0.00003997,0.00016929,0.453010,0.620887,EXPLORER
369400,0.293631,1.969766,0.634925,0.00007799,0.00012284,0.449282,0.620887,EXPLORER
369500,0.024655,1.892197,0.084718,0.00003353,0.00039583,0.992240,0.000000,EXPLORER
369600,0.037369,1.994159,0.000409,0.00003699,0.09029508,0.979644,0.000000,EXPLORER
369700,0.023222,1.926942,0.000744,0.00003585,0.04813886,0.965123,0.000000,EXPLORER
369800,0.038993,2.266366,0.002098,0.00003873,0.01845533,0.952204,0.000000,EXPLORER
369900,0.036870,2.826230,0.000770,0.00004279,0.05551464,0.936248,0.000000,EXPLORER
370000,0.036848,2.856833,0.000377,0.00004302,0.11381968,0.920396,0.000000,EXPLORER
370100,0.024615,1.891091,0.000071,0.00003602,0.50239262,0.905921,0.000000,EXPLORER
370200,0.036740,2.812416,0.000229,0.00004267,0.18554178,0.892282,0.000000,EXPLORER
370300,0.036944,2.858468,0.001321,0.00004303,0.03254142,0.877166,0.000000,EXPLORER
370400,0.036852,2.871581,0.000477,0.00004313,0.09030171,0.861849,0.000000,EXPLORER
370500,0.029437,1.892100,0.000475,0.00003622,0.07606583,0.847023,0.000000,EXPLORER
370600,0.036827,2.892987,0.000248,0.00004325,0.17378553,0.832902,0.000000,EXPLORER
370700,0.048550,2.900250,0.128596,0.00004531,0.00035235,0.816708,0.000000,EXPLORER
370800,0.116125,2.945035,0.037492,0.00004406,0.00117522,0.798244,0.000000,EXPLORER
370900,0.225115,1.980403,0.069601,0.00003748,0.00053854,0.782590,0.000000,EXPLORER
371000,0.290581,2.852782,0.051735,0.00004345,0.00083976,0.766964,0.000000,EXPLORER
371100,0.042712,2.945662,0.060323,0.00004445,0.00073679,0.750543,0.000000,EXPLORER
371200,0.036919,2.986608,0.000239,0.00004393,0.18286851,0.736899,0.000000,EXPLORER
371300,0.019457,1.870195,0.001275,0.00003573,0.02800580,0.731053,0.000000,EXPLORER
371400,0.129455,2.888825,0.002520,0.00004340,0.01721664,0.715480,0.000000,EXPLORER
371500,0.096895,2.616536,0.063445,0.00004223,0.00066568,0.698075,0.000000,EXPLORER
371600,0.360018,2.378636,0.022093,0.00004040,0.00182863,0.695288,0.000000,EXPLORER
371700,0.137470,2.029311,0.128945,0.00003891,0.00030172,0.692672,0.000000,EXPLORER
371800,0.248058,2.052881,0.035030,0.00003596,0.00102651,0.689999,0.000000,EXPLORER
371900,0.114563,1.945787,0.020336,0.00003920,0.00192778,0.688011,0.000000,EXPLORER
372000,0.080633,1.906966,0.069304,0.00003732,0.00053849,0.686006,0.000000,EXPLORER
372100,0.410735,1.996250,0.084495,0.00003861,0.00045697,0.683741,0.000000,EXPLORER
372200,0.091740,1.939646,0.036663,0.00003478,0.00094860,0.681636,0.000000,EXPLORER
372300,0.081356,1.880514,0.107779,0.00003790,0.00035168,0.679601,0.000000,EXPLORER
372400,0.361742,1.868182,0.033258,0.00003617,0.00108753,0.677640,0.000000,EXPLORER
372500,0.050067,2.017909,0.067942,0.00003644,0.00053627,0.675413,0.000000,EXPLORER
372600,0.068708,1.919882,0.020103,0.00003906,0.00194267,0.673339,0.000000,EXPLORER
372700,0.015196,1.871703,0.002361,0.00003420,0.01447780,0.671350,0.000000,EXPLORER
372800,0.105879,1.839457,0.087671,0.00003854,0.00043956,0.669529,0.000000,EXPLORER
372900,0.110555,1.974884,0.019257,0.00003694,0.00191800,0.667150,0.000000,EXPLORER
373000,0.089091,1.896270,0.128359,0.00003834,0.00029872,0.665079,0.000000,EXPLORER
373100,0.180848,1.870494,0.040219,0.00003683,0.00091580,0.662929,0.000000,EXPLORER
373200,0.171662,1.861841,0.046820,0.00003656,0.00078084,0.661030,0.000000,EXPLORER
373300,0.120959,1.971474,0.087476,0.00003801,0.00043453,0.658818,0.000000,EXPLORER
373400,0.379117,1.899524,0.044230,0.00003388,0.00076594,0.656526,0.000000,EXPLORER
373500,0.244127,1.853337,0.042859,0.00003639,0.00084901,0.654634,0.000000,EXPLORER
373600,0.350776,1.854487,0.013915,0.00003617,0.00259929,0.652879,0.000000,EXPLORER
373700,0.090324,1.899690,0.001269,0.00003600,0.02834904,0.650776,0.000000,EXPLORER
373800,0.065204,1.923934,0.042661,0.00003716,0.00087094,0.648731,0.000000,EXPLORER
373900,0.117913,1.883316,0.127043,0.00003632,0.00028590,0.646823,0.000000,EXPLORER
374000,0.090982,1.866548,0.146598,0.00003983,0.00027171,0.644935,0.000000,EXPLORER
374100,0.389745,1.964220,0.088717,0.00003506,0.00039521,0.642664,0.000000,EXPLORER
374200,0.122708,1.878521,0.053733,0.00003684,0.00068554,0.640604,0.000000,EXPLORER
374300,0.050453,1.846809,0.039000,0.00003603,0.00092379,0.638539,0.000000,EXPLORER
374400,0.174350,1.834071,0.012666,0.00003588,0.00283288,0.636510,0.000000,EXPLORER
374500,0.132644,1.947205,0.038201,0.00003709,0.00097079,0.634317,0.000000,EXPLORER
374600,0.014470,1.865545,0.048100,0.00003682,0.00076556,0.632209,0.000000,EXPLORER
374700,0.301553,1.852901,0.016663,0.00003801,0.00228129,0.630273,0.000000,EXPLORER
374800,0.173787,1.860965,0.024073,0.00003620,0.00150370,0.628382,0.000000,EXPLORER
374900,0.209391,2.013612,0.012250,0.00003739,0.00305227,0.626028,0.000000,EXPLORER
375000,0.369621,1.912126,0.060347,0.00003687,0.00061100,0.624022,0.000000,EXPLORER
375100,0.043375,1.872012,0.069705,0.00003617,0.00051890,0.621994,0.000000,EXPLORER
375200,0.198760,1.863838,0.091820,0.00003838,0.00041794,0.619976,0.000000,EXPLORER
375300,0.046547,1.973144,0.149989,0.00003524,0.00023496,0.617661,0.000000,EXPLORER
375400,0.171642,1.870927,0.046044,0.00003663,0.00079555,0.615553,0.000000,EXPLORER
375500,0.054793,1.836642,0.001941,0.00003455,0.01779190,0.613474,0.000000,EXPLORER
375600,0.286275,1.829490,0.041189,0.00003612,0.00087690,0.611576,0.000000,EXPLORER
375700,0.053797,1.931331,0.010457,0.00003659,0.00349829,0.609452,0.000000,EXPLORER
375800,0.354828,1.918889,0.039860,0.00003666,0.00091958,0.607246,0.000000,EXPLORER
375900,0.361295,1.859929,0.110628,0.00003914,0.00035379,0.605303,0.000000,EXPLORER
376000,0.421109,1.833123,0.044344,0.00003604,0.00081264,0.603481,0.000000,EXPLORER
376100,0.146637,1.867344,0.062571,0.00003697,0.00059081,0.601213,0.000000,EXPLORER
376200,0.163679,1.841772,0.049864,0.00003516,0.00070501,0.599265,0.000000,EXPLORER
376300,0.162129,1.842140,0.008818,0.00003594,0.00407521,0.597247,0.000000,EXPLORER
376400,0.281643,1.841543,0.013846,0.00003708,0.00267803,0.595377,0.000000,EXPLORER
376500,0.256605,1.944043,0.066297,0.00003783,0.00057059,0.593216,0.000000,EXPLORER
376600,0.222556,1.877055,0.010927,0.00003639,0.00332996,0.591163,0.000000,EXPLORER
376700,0.122833,1.847399,0.074956,0.00002990,0.00039894,0.589263,0.000000,EXPLORER
376800,0.183847,1.852677,0.047186,0.00003640,0.00077134,0.587433,0.000000,EXPLORER
376900,0.060544,2.023717,0.157064,0.00003870,0.00024641,0.585193,0.000000,EXPLORER
377000,0.107187,1.911288,0.005821,0.00003666,0.00629648,0.582914,0.000000,EXPLORER
377100,0.043038,1.867655,0.030116,0.00003793,0.00125927,0.581025,0.000000,EXPLORER
377200,0.100066,1.849009,0.019009,0.00003612,0.00190001,0.579078,0.000000,EXPLORER
377300,0.127680,1.950056,0.035425,0.00004081,0.00115190,0.576759,0.000000,EXPLORER
377400,0.063906,1.863083,0.096608,0.00003538,0.00036626,0.574678,0.000000,EXPLORER
377500,0.254751,1.841887,0.128407,0.00003760,0.00029284,0.572681,0.000000,EXPLORER
377600,0.106270,1.832620,0.189914,0.00003862,0.00020335,0.570856,0.000000,EXPLORER
377700,0.061745,1.876345,0.149262,0.00003846,0.00025767,0.568693,0.000000,EXPLORER
377800,0.131345,1.899494,0.129597,0.00004049,0.00031244,0.566476,0.000000,EXPLORER
377900,0.105194,1.872006,0.124150,0.00003610,0.00029080,0.564503,0.000000,EXPLORER
378000,0.081300,1.864391,0.060400,0.00003812,0.00063112,0.562473,0.000000,EXPLORER
378100,0.148521,1.924416,0.024942,0.00003436,0.00137743,0.560182,0.000000,EXPLORER
378200,0.110401,1.915216,0.034842,0.00003708,0.00106429,0.558127,0.000000,EXPLORER
378300,0.082171,1.870396,0.025832,0.00003641,0.00140925,0.556155,0.000000,EXPLORER
378400,0.025794,1.857140,0.108163,0.00003659,0.00033829,0.554111,0.000000,EXPLORER
378500,0.314911,1.973762,0.050962,0.00003736,0.00073308,0.551926,0.000000,EXPLORER
378600,0.134080,1.897824,0.032028,0.00003664,0.00114390,0.549856,0.000000,EXPLORER
378700,0.096466,1.867275,0.011754,0.00003776,0.00321262,0.547790,0.000000,EXPLORER
378800,0.007059,1.840372,0.003543,0.00003536,0.00997798,0.546006,0.000000,EXPLORER
378900,0.105459,1.933973,0.002220,0.00003632,0.01635168,0.543808,0.000000,EXPLORER
379000,0.024435,1.862554,0.000944,0.00003728,0.03946119,0.541704,0.000000,EXPLORER
379100,0.004049,1.840522,0.000173,0.00003418,0.19650392,0.539856,0.000000,EXPLORER
379200,0.075758,1.835830,0.000426,0.00003731,0.08747447,0.538163,0.000000,EXPLORER
379300,0.067066,1.984859,0.001358,0.00003362,0.02473023,0.535945,0.000000,EXPLORER
379400,0.115297,1.895961,0.001543,0.00003797,0.02459851,0.533992,0.000000,EXPLORER
379500,0.006170,1.858725,0.000272,0.00003569,0.13051792,0.532053,0.000000,EXPLORER
379600,0.045099,1.855445,0.001943,0.00003558,0.01830640,0.530236,0.000000,EXPLORER
379700,0.049948,1.896343,0.000923,0.00003906,0.04229208,0.528130,0.000000,EXPLORER
379800,0.149697,1.834950,0.034863,0.00003620,0.00103842,0.525661,0.000000,EXPLORER
379900,0.183408,1.824295,0.125030,0.00003747,0.00029972,0.523801,0.000000,EXPLORER
380000,0.215599,1.824767,0.036950,0.00003504,0.00094831,0.521944,0.000000,EXPLORER
380100,0.199161,1.882113,0.039742,0.00003804,0.00095709,0.519733,0.000000,EXPLORER
380200,0.136915,1.910825,0.089835,0.00003784,0.00042116,0.517439,0.000000,EXPLORER
380300,0.065343,1.861710,0.009695,0.00003611,0.00372433,0.515287,0.000000,EXPLORER
380400,0.367099,1.853487,0.043560,0.00003811,0.00087492,0.513388,0.000000,EXPLORER
380500,0.219684,1.895350,0.045706,0.00003506,0.00076697,0.511109,0.000000,EXPLORER
380600,0.205918,1.963298,0.020324,0.00003578,0.00176015,0.509043,0.000000,EXPLORER
380700,0.106201,1.888824,0.030025,0.00003678,0.00122488,0.506670,0.000000,EXPLORER
380800,0.393454,1.872202,0.034312,0.00003398,0.00099037,0.504812,0.000000,EXPLORER
380900,0.104651,1.908357,0.041487,0.00003696,0.00089093,0.502309,0.000000,EXPLORER
381000,0.153545,1.959472,0.034742,0.00003724,0.00107189,0.500227,0.000000,EXPLORER
381100,0.122269,1.887059,0.003314,0.00003805,0.01147578,0.498166,0.000000,EXPLORER
381200,0.184542,1.871077,0.051243,0.00003694,0.00072088,0.496148,0.000000,EXPLORER
381300,0.066963,1.941983,0.011340,0.00003683,0.00324792,0.493960,0.000000,EXPLORER
381400,0.374017,1.957199,0.010183,0.00003076,0.00301990,0.491808,0.000000,EXPLORER
381500,0.247570,1.880081,0.068077,0.00003693,0.00054253,0.489718,0.000000,EXPLORER
381600,0.203234,1.865403,0.122405,0.00003763,0.00030739,0.487881,0.000000,EXPLORER
381700,0.263764,1.996589,0.004430,0.00003702,0.00835482,0.485623,0.000000,EXPLORER
381800,0.305974,1.903031,0.073696,0.00003860,0.00052375,0.483534,0.000000,EXPLORER
381900,0.146316,1.837165,0.111983,0.00003807,0.00033997,0.481508,0.000000,EXPLORER
382000,0.038779,1.818062,0.058101,0.00003497,0.00060191,0.479599,0.000000,EXPLORER
382100,0.115875,1.977305,0.018204,0.00004352,0.00239033,0.477378,0.000000,EXPLORER
382200,0.106523,1.885000,0.003801,0.00003121,0.00820790,0.475407,0.000000,EXPLORER
382300,0.146447,1.859908,0.003317,0.00003911,0.01178830,0.473438,0.000000,EXPLORER
382400,0.031227,1.849041,0.000470,0.00003468,0.07367361,0.471360,0.000000,EXPLORER
382500,0.191526,1.980920,0.002548,0.00003788,0.01486095,0.469262,0.000000,EXPLORER
382600,0.014409,1.872968,0.001020,0.00003821,0.03743976,0.466994,0.000000,EXPLORER
382700,0.009743,1.834322,0.000179,0.00003304,0.18307867,0.465091,0.000000,EXPLORER
382800,0.090773,1.831397,0.000063,0.00003827,0.60010316,0.463176,0.000000,EXPLORER
382900,0.401139,1.979430,0.076127,0.00003113,0.00040887,0.460624,0.000000,EXPLORER
383000,0.138268,1.891875,0.038175,0.00004004,0.00104880,0.458430,0.000000,EXPLORER
383100,0.423228,1.871747,0.155136,0.00003816,0.00024595,0.456337,0.000000,EXPLORER
383200,0.357889,1.909819,0.068999,0.00003793,0.00054977,0.454317,0.000000,EXPLORER
383300,0.379725,2.038639,0.039847,0.00003834,0.00096224,0.451835,0.000000,EXPLORER
383400,0.419817,1.943297,0.054154,0.00003793,0.00070035,0.449724,0.000000,EXPLORER
383500,0.059391,1.886998,0.024728,0.00003652,0.00147699,0.447650,0.000000,EXPLORER
383600,0.012823,1.842490,0.015801,0.00003465,0.00219308,0.445787,0.000000,EXPLORER
383700,0.261960,1.927298,0.013404,0.00003677,0.00274321,0.443539,0.000000,EXPLORER
383800,0.473852,1.894934,0.079071,0.00003712,0.00046939,0.441335,0.000000,EXPLORER
383900,0.490027,1.852487,0.038432,0.00003674,0.00095583,0.439359,0.000000,EXPLORER
384000,0.175851,1.837287,0.086432,0.00003801,0.00043982,0.437439,0.000000,EXPLORER
384100,0.085450,1.858903,0.049443,0.00003688,0.00074595,0.435244,0.000000,EXPLORER
384200,0.065330,1.852469,0.129272,0.00003782,0.00029255,0.433106,0.000000,EXPLORER
384300,0.073010,1.847594,0.111593,0.00003578,0.00032065,0.431050,0.000000,EXPLORER
384400,0.273570,1.843407,0.086176,0.00003777,0.00043826,0.429210,0.000000,EXPLORER
384500,0.054871,1.941703,0.067158,0.00003778,0.00056258,0.426895,0.000000,EXPLORER
384600,0.085916,1.897279,0.021502,0.00003653,0.00169864,0.424686,0.000000,EXPLORER
384700,0.032911,1.862427,0.028945,0.00003823,0.00132087,0.422536,0.000000,EXPLORER
384800,0.225421,1.841520,0.034942,0.00003618,0.00103537,0.420639,0.000000,EXPLORER
384900,0.295161,1.939602,0.075576,0.00004166,0.00055125,0.418388,0.000000,EXPLORER
385000,0.118106,1.840541,0.100745,0.00003730,0.00037025,0.416038,0.000000,EXPLORER
385100,0.377884,1.817770,0.062414,0.00003788,0.00060683,0.414010,0.000000,EXPLORER
385200,0.167489,1.814759,0.029911,0.00003649,0.00121985,0.411927,0.000000,EXPLORER
385300,0.383286,1.940978,0.057914,0.00003538,0.00061086,0.409727,0.000000,EXPLORER
385400,0.088173,1.858954,0.035214,0.00003659,0.00103910,0.407605,0.000000,EXPLORER
385500,0.178665,1.829766,0.014619,0.00003616,0.00247362,0.405678,0.000000,EXPLORER
385600,0.101359,1.823273,0.013987,0.00003742,0.00267487,0.403786,0.000000,EXPLORER
385700,0.321119,1.935895,0.027474,0.00003669,0.00133548,0.401516,0.000000,EXPLORER
385800,0.271925,1.846672,0.128934,0.00003773,0.00029261,0.399246,0.000000,EXPLORER
385900,0.098775,1.825186,0.025748,0.00003603,0.00139923,0.397201,0.000000,EXPLORER
386000,0.361854,1.824045,0.030976,0.00003462,0.00111768,0.395360,0.000000,EXPLORER
386100,0.083553,1.928009,0.133244,0.00003848,0.00028875,0.393216,0.000000,EXPLORER
386200,0.309394,1.835154,0.049361,0.00003628,0.00073493,0.391097,0.000000,EXPLORER
386300,0.127459,1.816512,0.017211,0.00003741,0.00217358,0.388938,0.000000,EXPLORER
386400,0.289922,1.819336,0.011402,0.00003544,0.00310796,0.387099,0.000000,EXPLORER
386500,0.238584,1.883970,0.048137,0.00003632,0.00075458,0.385009,0.000000,EXPLORER
386600,0.372655,1.870490,0.066917,0.00003669,0.00054821,0.382923,0.000000,EXPLORER
386700,0.036714,1.830273,0.126555,0.00003775,0.00029829,0.380904,0.000000,EXPLORER
386800,0.369669,1.810133,0.117806,0.00003948,0.00033509,0.378990,0.000000,EXPLORER
386900,0.346305,1.884855,0.026406,0.00003344,0.00126630,0.376766,0.000000,EXPLORER
387000,0.132329,1.891357,0.164266,0.00004043,0.00024612,0.374732,0.000000,EXPLORER
387100,0.448915,1.835387,0.015343,0.00003661,0.00238592,0.372708,0.000000,EXPLORER
387200,0.304890,1.821731,0.178092,0.00003817,0.00021434,0.370628,0.000000,EXPLORER
387300,0.284483,1.918824,0.039406,0.00003735,0.00094771,0.368399,0.000000,EXPLORER
387400,0.197327,1.856859,0.085512,0.00003702,0.00043290,0.366340,0.000000,EXPLORER
387500,0.198347,1.853656,0.046956,0.00003900,0.00083046,0.364261,0.000000,EXPLORER
387600,0.023439,1.857557,0.134315,0.00003697,0.00027522,0.362359,0.000000,EXPLORER
387700,0.156738,2.011921,0.039590,0.00003759,0.00094946,0.359988,0.000000,EXPLORER
387800,0.159523,1.944678,0.020648,0.00003675,0.00177987,0.357858,0.000000,EXPLORER
387900,0.037563,1.871392,0.017399,0.00003501,0.00201180,0.355956,0.000000,EXPLORER
388000,0.078921,1.861423,0.055889,0.00003837,0.00068652,0.354143,0.000000,EXPLORER
388100,0.122928,2.009585,0.090566,0.00003406,0.00037612,0.352005,0.000000,EXPLORER
388200,0.125938,1.905876,0.017478,0.00014903,0.00852625,0.349243,0.000000,EXPLORER
388300,0.065039,1.872472,0.011711,0.00014530,0.01240624,0.341591,0.000000,EXPLORER
388400,0.542932,2.246065,0.013704,0.00013498,0.00984912,0.334549,0.000000,EXPLORER
388500,0.304471,1.943922,0.239534,0.00021969,0.00091717,0.323864,0.000000,EXPLORER
388600,0.172079,2.017035,0.205196,0.00022025,0.00107335,0.311784,0.000000,EXPLORER
388700,0.225157,1.858674,0.190903,0.00021879,0.00114607,0.299863,0.000000,EXPLORER
388800,0.126489,2.063767,0.262250,0.00022128,0.00084379,0.287180,0.000000,EXPLORER
388900,0.370905,2.412998,0.305252,0.00031141,0.00102016,0.273659,0.000000,EXPLORER
389000,0.166360,1.237269,0.124496,0.00019877,0.00159655,0.259668,0.000000,EXPLORER
389100,0.524417,1.823525,0.003276,0.00006497,0.01982550,0.249176,0.000000,EXPLORER
389200,0.450885,2.857691,0.049608,0.00004334,0.00087358,0.246707,0.000000,EXPLORER
389300,0.321930,2.113449,0.047180,0.00003784,0.00080194,0.243787,0.000000,EXPLORER
389400,0.176091,2.092798,0.283107,0.00004631,0.00016358,0.241569,0.000000,EXPLORER
389500,0.025507,1.877330,0.060082,0.00003706,0.00061680,0.239922,0.000000,EXPLORER
389600,0.369557,1.860863,0.047215,0.00002593,0.00054926,0.238019,0.000000,EXPLORER
389700,0.055085,1.937811,0.052647,0.00003734,0.00070921,0.235614,0.000000,EXPLORER
389800,0.260478,1.958162,0.039485,0.00003735,0.00094596,0.233615,0.000000,EXPLORER
389900,0.204127,1.866554,0.027231,0.00003648,0.00133955,0.231675,0.000000,EXPLORER
390000,0.082638,1.833803,0.020925,0.00003615,0.00172764,0.229683,0.000000,EXPLORER
390100,0.082157,1.952095,0.023281,0.00003703,0.00159031,0.227512,0.000000,EXPLORER
390200,0.080668,1.876798,0.019757,0.00003644,0.00184459,0.225499,0.000000,EXPLORER
390300,0.028535,1.845962,0.019490,0.00003621,0.00185797,0.223286,0.000000,EXPLORER
390400,0.093808,1.828130,0.019615,0.00003612,0.00184113,0.221081,0.000000,EXPLORER
390500,0.388997,1.936274,0.085870,0.00003742,0.00043580,0.218958,0.000000,EXPLORER
390600,0.189738,1.849444,0.095583,0.00002686,0.00028100,0.216941,0.000000,EXPLORER
390700,0.353278,1.845120,0.008201,0.00001704,0.00207814,0.215219,0.000000,EXPLORER
390800,0.317179,1.966197,0.041430,0.00003708,0.00089486,0.212862,0.000000,EXPLORER
390900,0.245217,2.391265,0.141041,0.00030570,0.00216746,0.178873,0.000000,EXPLORER
391000,0.312553,3.687766,0.205523,0.00027955,0.00136021,0.067395,0.000000,EXPLORER
